origin,destination,flightDate,month,airline,distance,departureDelay,arrivalDelay,outcome,cancellationCode
MDW,LAS,2025-09-14,9,WN,1521,18,1,On time,
MCO,RIC,2025-10-26,10,B6,667,5,14,On time,
MCI,MSP,2025-05-05,5,DL,393,15,5,On time,
DCA,LGA,2025-09-20,9,YX,214,-5,-26,On time,
PHX,STL,2025-11-23,11,AA,1262,-6,-19,On time,
BNA,DAL,2025-02-05,2,WN,623,-7,-17,On time,
OKC,PHX,2025-05-19,5,WN,833,62,55,Delayed,
DFW,HSV,2025-12-12,12,OH,603,47,22,Delayed,
RIC,EWR,2025-11-26,11,YX,277,-11,61,Delayed,
BHM,DAL,2025-02-27,2,WN,587,-7,-20,On time,
BUR,SMF,2025-11-18,11,WN,358,-6,-22,On time,
SFO,LAS,2025-09-03,9,WN,414,-4,0,On time,
DCA,BOS,2025-11-28,11,YX,399,-7,-21,On time,
BOI,SEA,2025-09-24,9,OO,399,-5,-20,On time,
SLC,ATL,2025-04-14,4,DL,1590,-10,-26,On time,
SEA,LAX,2025-03-26,3,AS,954,-6,-5,On time,
DFW,EWR,2025-04-07,4,AA,1372,2,1,On time,
SFO,SBA,2025-04-12,4,OO,262,-10,-15,On time,
FLG,PHX,2025-04-29,4,OO,119,-10,-19,On time,
CHA,ORD,2025-04-19,4,OO,501,-10,-28,On time,
ATL,OKC,2025-12-20,12,DL,761,-7,-15,On time,
ORF,ORD,2025-02-11,2,UA,717,-6,1,On time,
FLL,BNA,2025-09-03,9,NK,793,-9,-21,On time,
STL,PIT,2025-10-28,10,WN,554,1,-7,On time,
ATL,ROA,2025-06-06,6,DL,357,12,14,On time,
LAX,OGG,2025-03-05,3,AA,2486,-6,-22,On time,
DAL,HOU,2025-02-21,2,WN,239,-3,-4,On time,
PHL,STL,2025-03-26,3,OH,814,89,75,Delayed,
OKC,PHX,2025-05-26,5,MQ,833,-1,-6,On time,
ELP,PHX,2025-08-31,8,WN,347,-4,-13,On time,
CLT,SGF,2025-07-25,7,MQ,708,0,0,On time,
LAX,BOS,2025-01-22,1,UA,2611,-7,-31,On time,
PHL,DAL,2025-05-07,5,WN,1295,5,11,On time,
BNA,TPA,2025-05-03,5,WN,612,-5,-6,On time,
BDL,MIA,2025-09-18,9,AA,1194,-10,-15,On time,
CAE,LGA,2025-07-22,7,YX,617,7,0,On time,
GST,JNU,2025-06-09,6,AS,41,-8,-11,On time,
GJT,DEN,2025-03-02,3,OO,212,-11,-28,On time,
DEN,PDX,2025-07-06,7,AS,991,20,1,On time,
FLL,PHL,2025-09-14,9,AA,993,4,-7,On time,
BNA,LAS,2025-08-28,8,WN,1587,7,3,On time,
STL,LAX,2025-11-22,11,WN,1592,-7,-33,On time,
MCO,PIT,2025-04-11,4,NK,834,-11,-14,On time,
JFK,MCO,2025-04-17,4,B6,944,-3,1,On time,
SLC,OMA,2025-10-28,10,OO,840,-2,-7,On time,
BWI,TPA,2025-10-12,10,WN,842,0,-16,On time,
MCI,LGA,2025-05-26,5,WN,1107,10,-13,On time,
DFW,ELP,2025-11-10,11,MQ,551,-5,-8,On time,
AUS,DAL,2025-07-30,7,WN,189,52,42,Delayed,
IAH,EWR,2025-01-17,1,NK,1400,-8,-14,On time,
DTW,BNA,2025-11-03,11,WN,456,1,-24,On time,
RDU,CLT,2025-04-06,4,AA,130,-1,12,On time,
SAV,BWI,2025-08-09,8,WN,548,-7,-22,On time,
AUS,MAF,2025-09-01,9,WN,294,19,14,On time,
BNA,FLL,2025-04-07,4,WN,793,-4,-11,On time,
LEX,DCA,2025-01-23,1,YX,414,-12,-41,On time,
LAX,IAH,2025-10-05,10,UA,1379,-2,-14,On time,
DEN,BHM,2025-08-08,8,OO,1083,3,-23,On time,
MDW,PHL,2025-12-09,12,WN,668,-4,-24,On time,
MSP,LAS,2025-07-12,7,DL,1299,15,2,On time,
MSP,IAH,2025-04-06,4,DL,1034,-3,10,On time,
CVG,PHL,2025-04-01,4,OH,507,10,-4,On time,
GPT,DFW,2025-05-30,5,OH,500,30,75,Delayed,
MSP,MCO,2025-02-22,2,DL,1310,-3,-24,On time,
CLT,ORF,2025-02-23,2,OH,290,6,-3,On time,
BOS,JFK,2025-08-21,8,YX,187,-7,-5,On time,
JAX,SJU,2025-06-22,6,F9,1288,20,13,On time,
DTW,BOS,2025-08-21,8,DL,632,61,45,Delayed,
SGF,CLT,2025-03-25,3,MQ,708,-7,-16,On time,
DEN,FLL,2025-04-13,4,WN,1703,-5,-16,On time,
DEN,ASE,2025-08-25,8,OO,125,99,88,Delayed,
FAT,SFO,2025-02-03,2,OO,158,0,29,Delayed,
ORD,LGA,2025-07-19,7,DL,733,-5,-14,On time,
AUS,MAF,2025-08-27,8,WN,294,-6,-16,On time,
OGG,HNL,2025-09-27,9,HA,101,-6,-9,On time,
ATL,CHS,2025-03-29,3,DL,259,12,13,On time,
OKC,DFW,2025-01-12,1,AA,175,-5,-13,On time,
SEA,SFO,2025-01-09,1,UA,679,22,28,Delayed,
SMF,LAS,2025-11-16,11,WN,397,12,18,Delayed,
DFW,XNA,2025-01-17,1,MQ,280,-2,-5,On time,
IAH,DEN,2025-02-16,2,UA,862,-3,-2,On time,
DFW,ABQ,2025-11-09,11,AA,569,6,-5,On time,
DTW,ALB,2025-12-02,12,DL,489,-6,9,On time,
BOS,PHL,2025-09-12,9,AA,280,35,22,Delayed,
LAS,MSP,2025-06-07,6,DL,1299,-9,-10,On time,
DEN,LAX,2025-10-13,10,WN,862,64,78,Delayed,
DEN,LAX,2025-08-27,8,OO,862,3,-22,On time,
SHR,DEN,2025-09-11,9,OO,359,-10,-11,On time,
DEN,ICT,2025-08-05,8,OO,420,-6,-13,On time,
BDL,DFW,2025-03-13,3,AA,1471,-6,-37,On time,
SLC,TPA,2025-07-15,7,DL,1888,-11,-17,On time,
EUG,SEA,2025-09-27,9,AS,234,-3,-13,On time,
LAX,PDX,2025-04-07,4,AS,834,1,9,On time,
HPN,PBI,2025-05-17,5,B6,1056,-11,-25,On time,
ORD,CID,2025-07-03,7,MQ,196,-6,-22,On time,
LGA,PBI,2025-03-20,3,B6,1035,6,20,Delayed,
ICT,STL,2025-10-06,10,WN,392,-9,-20,On time,
MIA,DCA,2025-07-08,7,AA,919,-5,-2,On time,
PVD,CLT,2025-11-26,11,AA,684,-7,-20,On time,
ORD,MKE,2025-11-05,11,OO,67,-3,-20,On time,
SRQ,MDW,2025-04-19,4,WN,1035,-1,-11,On time,
FLL,ATL,2025-12-20,12,DL,581,2,-30,On time,
PHX,SFO,2025-04-12,4,WN,651,0,-14,On time,
MSY,DAL,2025-04-28,4,WN,436,-6,-10,On time,
MSN,MSP,2025-04-22,4,DL,228,-8,-20,On time,
BNA,ONT,2025-11-12,11,WN,1751,24,-4,On time,
DEN,LGA,2025-05-22,5,UA,1620,11,25,Delayed,
MEM,ORD,2025-11-28,11,YX,491,-1,-15,On time,
TPA,IAD,2025-04-12,4,F9,811,-10,-18,On time,
OGG,HNL,2025-08-05,8,HA,101,-7,-13,On time,
PHX,EWR,2025-02-11,2,AA,2133,-5,-21,On time,
FLL,BWI,2025-10-26,10,WN,925,41,39,Delayed,
ABQ,DEN,2025-10-09,10,WN,349,4,-3,On time,
RDU,MCO,2025-12-08,12,F9,534,46,121,Delayed,
SJC,PHX,2025-08-04,8,WN,621,39,31,Delayed,
BRW,ANC,2025-09-30,9,AS,725,-22,-36,On time,
SFO,LAS,2025-09-15,9,UA,414,6,-1,On time,
ORD,LGA,2025-05-21,5,UA,733,-2,-6,On time,
ATL,BDL,2025-04-06,4,DL,859,321,327,Delayed,
FLL,BWI,2025-04-08,4,NK,925,120,97,Delayed,
EWR,MCO,2025-01-27,1,UA,937,-10,-35,On time,
ORD,LEX,2025-02-17,2,OO,323,2,-7,On time,
AZO,ORD,2025-09-29,9,MQ,122,-6,-14,On time,
LAX,SFO,2025-03-02,3,AA,337,-3,27,Delayed,
LEX,CLT,2025-02-14,2,OH,281,1,9,On time,
BUR,OAK,2025-09-03,9,WN,325,-8,-8,On time,
OAK,SNA,2025-07-14,7,WN,371,1,-7,On time,
RDU,MSP,2025-04-28,4,DL,980,11,21,Delayed,
SFB,ATW,2025-08-04,8,G4,1141,190,164,Delayed,
DFW,ONT,2025-12-10,12,AA,1188,27,2,On time,
SAT,ATL,2025-05-13,5,DL,874,0,-15,On time,
SBN,DTW,2025-08-20,8,OO,157,-3,-6,On time,
DEN,CLE,2025-02-08,2,WN,1201,48,16,Delayed,
STL,BUR,2025-07-12,7,WN,1583,10,6,On time,
BDL,ATL,2025-11-24,11,DL,859,-1,-7,On time,
STL,LGA,2025-03-11,3,WN,888,-7,-10,On time,
ORD,DCA,2025-05-21,5,UA,612,-10,-6,On time,
IND,DCA,2025-01-24,1,YX,500,-14,-25,On time,
TUS,PHX,2025-03-20,3,AA,110,-7,-21,On time,
PHL,PHX,2025-01-05,1,AA,2075,-3,-15,On time,
EWR,ANC,2025-06-14,6,UA,3370,-10,-19,On time,
PRC,LAX,2025-01-28,1,OO,346,77,81,Delayed,
MIA,PHX,2025-04-27,4,AA,1972,5,10,On time,
MKE,MCO,2025-02-06,2,WN,1066,-5,-27,On time,
SLC,CVG,2025-09-11,9,DL,1450,-3,-14,On time,
PDX,SBA,2025-05-16,5,OO,784,66,61,Delayed,
PHL,SLC,2025-12-23,12,DL,1927,24,15,Delayed,
BUF,BOS,2025-11-16,11,B6,395,0,-8,On time,
BNA,LAS,2025-07-10,7,NK,1587,-6,-30,On time,
EWR,CHS,2025-05-01,5,NK,628,-7,-28,On time,
FNT,AZA,2025-01-26,1,G4,1650,-4,-13,On time,
MCO,SJU,2025-05-23,5,WN,1189,4,-8,On time,
DEN,BNA,2025-09-21,9,UA,1013,-5,-6,On time,
ATL,VPS,2025-10-02,10,DL,250,-4,-4,On time,
DFW,ONT,2025-01-25,1,AA,1188,0,-13,On time,
LGA,MYR,2025-05-11,5,NK,563,-8,-19,On time,
DEN,SJC,2025-06-14,6,WN,948,-3,-9,On time,
SLC,STL,2025-10-12,10,DL,1156,-5,-14,On time,
CLE,BWI,2025-12-19,12,WN,314,-11,-19,On time,
FSD,ORD,2025-12-08,12,OO,462,-4,4,On time,
SLC,GEG,2025-07-08,7,DL,546,-2,-11,On time,
BOS,LAX,2025-06-17,6,DL,2611,-6,-21,On time,
HOU,ONT,2025-05-19,5,WN,1345,5,-3,On time,
SEA,ATL,2025-09-25,9,DL,2182,-1,-8,On time,
ATL,JAX,2025-02-28,2,DL,270,-9,-15,On time,
SFO,SEA,2025-06-27,6,AS,679,14,22,Delayed,
LAX,JFK,2025-05-27,5,AA,2475,-6,-19,On time,
DFW,MCI,2025-02-14,2,AA,460,-6,-15,On time,
SJC,ORD,2025-11-13,11,UA,1829,2,-10,On time,
ABQ,LAS,2025-05-25,5,WN,486,-4,-12,On time,
ORD,SYR,2025-04-12,4,YX,607,-8,3,On time,
DEN,PDX,2025-10-25,10,WN,991,92,91,Delayed,
PHX,OAK,2025-05-02,5,WN,646,21,10,On time,
IAD,SFO,2025-10-01,10,UA,2418,1,-13,On time,
SAN,IND,2025-11-30,11,WN,1782,16,7,On time,
EWR,DTW,2025-08-30,8,DL,488,-3,-10,On time,
SAN,DEN,2025-08-04,8,WN,853,32,21,Delayed,
BUR,LAS,2025-08-08,8,WN,223,-8,-6,On time,
CMH,DFW,2025-10-19,10,AA,926,-1,-6,On time,
CLT,ORD,2025-07-14,7,AA,599,5,-15,On time,
PHX,SLC,2025-11-22,11,WN,507,16,6,On time,
PHX,ATL,2025-04-20,4,DL,1587,48,39,Delayed,
FLL,LGA,2025-05-02,5,B6,1076,9,-15,On time,
ITO,HNL,2025-04-26,4,WN,216,-2,-6,On time,
ORD,CMH,2025-06-20,6,MQ,296,-2,-12,On time,
PHX,SBA,2025-06-01,6,AA,455,-9,4,On time,
IND,PHL,2025-12-27,12,OH,588,-2,-17,On time,
MKE,RSW,2025-05-17,5,WN,1183,-7,-25,On time,
DCA,MIA,2025-03-07,3,AA,919,10,-11,On time,
LAS,HNL,2025-03-01,3,HA,2762,-1,-15,On time,
SAN,DAL,2025-11-22,11,WN,1182,6,2,On time,
JAX,BWI,2025-03-29,3,WN,663,-2,-14,On time,
PHX,MSY,2025-10-02,10,WN,1301,1,0,On time,
SFO,IAH,2025-06-28,6,UA,1635,12,0,On time,
IAD,MCO,2025-03-16,3,UA,758,194,187,Delayed,
ATL,AUS,2025-10-31,10,DL,813,5,1,On time,
PHX,PSC,2025-01-16,1,OO,962,-3,-24,On time,
LAS,IAD,2025-11-20,11,UA,2065,0,-15,On time,
ICT,DFW,2025-06-22,6,MQ,328,36,31,Delayed,
MSY,SEA,2025-05-01,5,AS,2086,-4,-5,On time,
SFO,OGG,2025-08-10,8,UA,2338,-4,-15,On time,
TPA,MDW,2025-10-04,10,WN,997,-2,14,On time,
MCO,BNA,2025-09-05,9,WN,616,-4,-10,On time,
MSP,MSN,2025-08-30,8,DL,228,-14,-24,On time,
GSP,PHL,2025-03-13,3,OH,515,-4,4,On time,
BNA,SAN,2025-06-16,6,WN,1751,-4,3,On time,
ORD,CLT,2025-03-25,3,UA,599,84,51,Delayed,
TPA,DTW,2025-01-28,1,DL,983,-1,-5,On time,
CLT,DTW,2025-10-12,10,AA,500,-9,-28,On time,
SAT,DFW,2025-09-30,9,AA,247,1,-2,On time,
ATL,LAX,2025-10-27,10,DL,1947,-4,-8,On time,
ATL,SAT,2025-08-09,8,DL,874,-4,-6,On time,
CLE,JFK,2025-05-07,5,YX,425,-7,-14,On time,
SFO,LAX,2025-09-15,9,OO,337,-9,-22,On time,
DTW,MCO,2025-04-28,4,DL,957,-2,-12,On time,
SAN,DTW,2025-02-25,2,DL,1956,-2,-22,On time,
EWR,ORF,2025-02-25,2,UA,284,-8,-15,On time,
IAH,ATL,2025-04-19,4,DL,689,24,8,On time,
PHL,PIT,2025-02-07,2,OH,268,-5,-14,On time,
BNA,MCO,2025-09-21,9,F9,616,190,166,Delayed,
JAX,ORD,2025-02-09,2,UA,864,-4,-18,On time,
EUG,DEN,2025-07-02,7,UA,996,67,52,Delayed,
LAS,RNO,2025-10-14,10,WN,345,-5,-20,On time,
SEA,PHX,2025-05-08,5,AS,1107,-4,33,Delayed,
SAN,SMF,2025-01-16,1,WN,480,-3,2,On time,
ELP,DFW,2025-11-06,11,AA,551,-10,-22,On time,
RSW,DTW,2025-02-23,2,NK,1084,-6,-21,On time,
MIA,ATL,2025-02-25,2,DL,594,-4,-17,On time,
AUS,SJC,2025-10-06,10,WN,1476,12,11,On time,
SAN,SLC,2025-02-19,2,WN,626,1,-5,On time,
MDW,PHL,2025-07-12,7,WN,668,0,-2,On time,
SLC,SJC,2025-12-28,12,DL,584,-6,-21,On time,
SLC,PHX,2025-07-26,7,WN,507,1,-8,On time,
LGA,DAY,2025-04-04,4,YX,549,-4,57,Delayed,
LAS,LAX,2025-12-14,12,WN,236,3,7,On time,
BOS,LGA,2025-03-30,3,YX,184,-6,-3,On time,
OGG,KOA,2025-10-31,10,HA,84,-7,-1,On time,
PVD,BNA,2025-11-26,11,WN,906,4,15,Delayed,
DFW,HOU,2025-01-18,1,OO,247,3,13,On time,
TUS,DEN,2025-03-02,3,OO,639,-10,-24,On time,
CID,MSP,2025-03-12,3,OO,220,-14,-14,On time,
MCO,SJU,2025-03-12,3,WN,1189,0,-22,On time,
DEN,PIT,2025-01-26,1,WN,1290,-4,-11,On time,
EWR,CLT,2025-05-16,5,AA,529,-7,-10,On time,
DCA,RDU,2025-11-03,11,OH,227,16,15,Delayed,
JFK,ATL,2025-10-21,10,DL,760,-1,13,On time,
SJC,SEA,2025-12-27,12,AS,696,-3,4,On time,
DCA,ALB,2025-06-18,6,OH,318,-6,24,Delayed,
BUR,SEA,2025-07-11,7,AS,937,-2,-13,On time,
ABR,MSP,2025-12-04,12,OO,257,-10,-35,On time,
DEN,MSP,2025-07-25,7,UA,680,29,39,Delayed,
SAT,DEN,2025-05-30,5,UA,794,-7,7,On time,
CLE,PHX,2025-08-14,8,WN,1737,14,2,On time,
ORD,DLH,2025-06-17,6,OO,397,-9,-32,On time,
SDF,MDW,2025-03-26,3,WN,271,-2,-13,On time,
RSW,BOS,2025-08-27,8,B6,1249,0,-24,On time,
MEM,MSP,2025-10-12,10,OO,700,-2,-17,On time,
IAD,DTW,2025-01-09,1,OO,383,-6,-23,On time,
ORF,BWI,2025-07-24,7,WN,159,25,15,Delayed,
DEN,BIL,2025-03-29,3,OO,455,9,11,On time,
SJC,PHX,2025-06-25,6,WN,621,45,38,Delayed,
DFW,BPT,2025-08-17,8,OO,270,-8,-25,On time,
LGA,DTW,2025-01-21,1,NK,502,-12,-26,On time,
CLT,STL,2025-11-21,11,AA,575,0,2,On time,
SMF,LAX,2025-12-24,12,OO,373,-4,31,Delayed,
SDF,ATL,2025-01-02,1,DL,321,-5,-9,On time,
FLL,IAH,2025-04-12,4,UA,966,8,-17,On time,
DCA,MIA,2025-07-09,7,AA,919,4,-4,On time,
MCO,CLE,2025-04-24,4,UA,895,-8,-9,On time,
SMF,LAX,2025-04-30,4,WN,373,-3,-4,On time,
CLT,IND,2025-07-12,7,AA,427,8,43,Delayed,
ORD,DFW,2025-11-14,11,UA,802,3,-7,On time,
DTW,SLC,2025-01-03,1,DL,1481,1,3,On time,
ATL,IAH,2025-03-02,3,DL,689,5,4,On time,
ABQ,PHX,2025-01-23,1,OO,328,-8,-14,On time,
PHX,SEA,2025-04-24,4,OO,1107,-2,0,On time,
TPA,CVG,2025-10-29,10,DL,773,29,22,Delayed,
PHX,PDX,2025-12-22,12,AS,1010,-11,-25,On time,
BNA,IAD,2025-07-17,7,UA,542,72,63,Delayed,
DFW,FWA,2025-11-22,11,OH,859,-5,13,On time,
BWI,CLT,2025-11-10,11,AA,361,-11,-11,On time,
EGE,ATL,2025-03-30,3,DL,1312,-9,-18,On time,
SDF,ATL,2025-06-02,6,NK,321,-14,-22,On time,
SJC,SAN,2025-10-03,10,OO,417,-7,-11,On time,
AUS,LAX,2025-02-11,2,OO,1242,47,46,Delayed,
HYA,PHL,2025-08-23,8,YX,288,6,19,Delayed,
RDM,DFW,2025-07-23,7,AA,1514,-9,-18,On time,
HOU,ATL,2025-11-24,11,DL,696,-5,-6,On time,
SJC,BOI,2025-05-19,5,OO,523,5,-9,On time,
ORD,RSW,2025-11-19,11,AA,1120,-5,-7,On time,
RDU,DCA,2025-12-28,12,AA,227,10,0,On time,
HNL,LAX,2025-08-02,8,UA,2556,-5,-23,On time,
SAV,ATL,2025-02-22,2,DL,214,8,-11,On time,
OAK,PHX,2025-02-02,2,WN,646,15,4,On time,
PHX,OAK,2025-08-16,8,WN,646,-1,-7,On time,
DTW,ATL,2025-06-09,6,DL,594,-2,-3,On time,
LGA,BNA,2025-01-05,1,YX,764,-4,6,On time,
RNO,LAS,2025-05-02,5,F9,345,-5,1,On time,
SUN,DEN,2025-05-25,5,OO,557,-9,-18,On time,
FAI,SEA,2025-04-02,4,AS,1533,41,28,Delayed,
MCO,LAX,2025-06-21,6,AA,2218,-2,-16,On time,
DTW,MDW,2025-11-20,11,WN,228,9,0,On time,
PHX,SLC,2025-01-09,1,DL,507,36,34,Delayed,
BOS,ORF,2025-07-04,7,B6,468,83,81,Delayed,
LGA,CLT,2025-08-13,8,AA,544,-2,-16,On time,
ELP,ORD,2025-10-19,10,OO,1236,-4,10,On time,
MSY,IAH,2025-07-13,7,NK,305,-3,-7,On time,
DEN,BHM,2025-12-05,12,OO,1083,-9,1,On time,
BUF,TPA,2025-02-18,2,WN,1053,0,-4,On time,
MSY,IAD,2025-03-03,3,UA,955,-4,-8,On time,
SFO,PHX,2025-04-10,4,AA,651,-6,-2,On time,
SEA,GEG,2025-02-17,2,AS,224,20,23,Delayed,
MCO,ORD,2025-08-31,8,AA,1005,-3,-14,On time,
LAS,TUL,2025-12-01,12,WN,1076,13,10,On time,
SEA,EUG,2025-03-02,3,OO,234,-4,-12,On time,
CLE,CLT,2025-10-11,10,AA,430,-7,-14,On time,
SAN,SFO,2025-08-15,8,OO,447,66,63,Delayed,
EWR,IND,2025-03-16,3,YX,645,90,97,Delayed,
LGA,STL,2025-01-09,1,YX,888,-4,-19,On time,
JFK,BOS,2025-09-07,9,YX,187,-7,-19,On time,
DFW,LCH,2025-11-07,11,MQ,295,12,11,On time,
LAX,ELP,2025-05-29,5,OO,715,-2,-1,On time,
CLT,BOS,2025-06-24,6,AA,728,47,26,Delayed,
MSP,CVG,2025-04-03,4,DL,596,-1,27,Delayed,
ATL,GPT,2025-10-11,10,DL,352,-2,-14,On time,
BOS,CVG,2025-12-12,12,YX,752,-9,-20,On time,
SNA,SLC,2025-02-11,2,DL,588,-13,-29,On time,
AUS,AMA,2025-04-25,4,WN,418,62,61,Delayed,
AUS,LAX,2025-04-27,4,WN,1242,8,-5,On time,
DAL,CLT,2025-12-08,12,WN,926,-4,-19,On time,
SDF,CLT,2025-02-15,2,OH,335,198,205,Delayed,
GNV,DFW,2025-02-07,2,OH,900,5,-7,On time,
JAX,PHL,2025-06-22,6,OH,742,47,43,Delayed,
ORD,BWI,2025-03-05,3,UA,622,-3,-2,On time,
PDX,ORD,2025-02-01,2,UA,1739,-4,-15,On time,
MIA,LGA,2025-02-20,2,DL,1096,11,-15,On time,
PHL,TPA,2025-01-13,1,AA,920,-4,-4,On time,
TPA,LGA,2025-07-30,7,DL,1010,-9,-12,On time,
HOU,HRL,2025-04-30,4,WN,277,-3,-12,On time,
LAX,MEM,2025-06-04,6,DL,1619,-6,-12,On time,
ECP,ATL,2025-07-17,7,DL,240,-3,-9,On time,
HNL,ORD,2025-12-08,12,AA,4243,10,51,Delayed,
EWR,PHX,2025-03-15,3,AA,2133,-6,-35,On time,
RDU,LGA,2025-07-03,7,YX,431,-1,11,On time,
ATL,SAT,2025-10-01,10,DL,874,-9,-12,On time,
BWI,BNA,2025-12-11,12,WN,587,0,-1,On time,
PNS,FLL,2025-04-15,4,NK,525,-14,-22,On time,
ORD,PHX,2025-02-02,2,AA,1440,-6,-3,On time,
ONT,JFK,2025-10-18,10,B6,2429,-3,-21,On time,
RSW,IAH,2025-04-19,4,UA,861,-8,-23,On time,
DTW,LAS,2025-07-15,7,NK,1749,7,-28,On time,
MEM,MSP,2025-04-14,4,OO,700,42,29,Delayed,
DFW,ATL,2025-10-01,10,F9,731,-11,-31,On time,
ATL,SYR,2025-04-12,4,DL,794,-5,-3,On time,
TUS,HOU,2025-11-02,11,WN,946,-9,-12,On time,
ORD,IAH,2025-04-28,4,UA,925,1,-13,On time,
DTW,DCA,2025-11-21,11,DL,405,-4,0,On time,
DEN,ORD,2025-05-17,5,UA,888,116,103,Delayed,
LAX,DEN,2025-05-22,5,OO,862,-6,-17,On time,
ATL,TLH,2025-09-08,9,DL,223,-9,-12,On time,
BRO,DFW,2025-11-04,11,MQ,482,0,-18,On time,
MSY,DAL,2025-05-30,5,WN,436,-4,6,On time,
OGG,SEA,2025-11-13,11,HA,2639,-3,30,Delayed,
JAX,MIA,2025-11-25,11,AA,335,41,32,Delayed,
ISP,BWI,2025-09-22,9,WN,220,17,13,On time,
DTW,LAN,2025-12-16,12,OO,74,-6,-16,On time,
RNO,SLC,2025-10-09,10,OO,422,-2,-12,On time,
STL,DEN,2025-07-11,7,OO,770,15,-4,On time,
MCI,BNA,2025-05-30,5,WN,491,-8,-10,On time,
ICT,DFW,2025-03-23,3,OH,328,-6,-3,On time,
PHX,SEA,2025-04-06,4,AS,1107,-3,-10,On time,
JFK,DTW,2025-01-29,1,DL,509,39,38,Delayed,
PHL,BOS,2025-12-02,12,AA,280,-4,-14,On time,
MCO,MKE,2025-05-26,5,WN,1066,-4,-8,On time,
DTW,BWI,2025-07-08,7,DL,409,-5,-15,On time,
ISP,BWI,2025-11-23,11,WN,220,-2,-1,On time,
PNS,DFW,2025-07-28,7,AA,604,-3,-18,On time,
ORD,CMH,2025-11-23,11,MQ,296,33,13,On time,
MSP,CLT,2025-04-23,4,DL,930,-7,-13,On time,
MDW,RSW,2025-10-11,10,WN,1105,5,1,On time,
TUL,DEN,2025-08-07,8,WN,541,-1,-6,On time,
DCA,CHA,2025-02-26,2,OH,523,124,97,Delayed,
DTW,BUF,2025-08-28,8,DL,241,-3,-1,On time,
CMH,ATL,2025-02-07,2,DL,447,-2,-21,On time,
LAS,BUR,2025-04-14,4,WN,223,-5,-15,On time,
BOS,IAH,2025-09-04,9,B6,1597,-1,6,On time,
LAX,JFK,2025-11-15,11,DL,2475,-7,-39,On time,
DCA,BNA,2025-03-14,3,OH,562,-8,-13,On time,
SRQ,CMH,2025-11-23,11,WN,869,3,1,On time,
ATW,SFB,2025-07-18,7,G4,1141,-5,-3,On time,
LAX,MCO,2025-11-24,11,UA,2218,271,273,Delayed,
ATL,DAL,2025-09-10,9,DL,721,-3,-7,On time,
SEA,SNA,2025-05-22,5,AS,978,2,-7,On time,
HOU,MAF,2025-12-16,12,WN,441,-5,-15,On time,
LAS,CMH,2025-08-23,8,WN,1771,251,234,Delayed,
GRR,BWI,2025-05-02,5,WN,528,62,84,Delayed,
LAS,SFO,2025-07-20,7,UA,414,-8,-19,On time,
EWR,PDX,2025-08-17,8,UA,2434,222,225,Delayed,
IAH,EWR,2025-05-17,5,UA,1400,-3,-21,On time,
KOA,SFO,2025-01-01,1,UA,2367,115,105,Delayed,
RNO,LAX,2025-03-02,3,OO,391,-2,9,On time,
MRY,PHX,2025-03-28,3,MQ,598,-4,2,On time,
AUS,IAD,2025-05-16,5,UA,1297,11,-3,On time,
LAX,PHX,2025-07-13,7,AA,370,-5,-12,On time,
DEN,LGA,2025-04-11,4,UA,1620,-8,-9,On time,
BTR,CLT,2025-04-09,4,MQ,675,-8,-3,On time,
LGB,SLC,2025-04-29,4,OO,588,-3,6,On time,
GUF,CVG,2025-05-22,5,G4,627,12,2,On time,
SGF,ATL,2025-12-17,12,DL,563,-9,-22,On time,
DTW,DFW,2025-04-30,4,NK,986,103,126,Delayed,
DTW,BWI,2025-06-24,6,WN,409,-4,-13,On time,
ORD,DCA,2025-10-28,10,UA,612,-5,17,Delayed,
CLT,LGA,2025-11-26,11,NK,544,-7,-24,On time,
JFK,MSY,2025-10-04,10,B6,1182,-9,-24,On time,
FLL,SDF,2025-10-20,10,NK,895,-10,-12,On time,
DFW,SLC,2025-05-04,5,AA,989,9,3,On time,
MSP,DEN,2025-09-29,9,WN,680,1,-11,On time,
RDU,DFW,2025-11-29,11,AA,1061,21,11,On time,
SMF,LAS,2025-09-23,9,WN,397,-3,-11,On time,
ORD,IND,2025-04-18,4,YX,177,-2,-10,On time,
JFK,MIA,2025-03-27,3,AA,1089,7,-10,On time,
DEN,MKE,2025-04-25,4,WN,896,259,246,Delayed,
FSD,ORD,2025-12-26,12,YX,462,0,-24,On time,
BOS,STT,2025-04-26,4,B6,1693,-9,-9,On time,
PIT,ATL,2025-08-21,8,WN,526,-2,-21,On time,
SEA,SJC,2025-12-23,12,AS,696,-11,0,On time,
DFW,MOB,2025-10-15,10,OH,539,-4,-15,On time,
CLT,STT,2025-02-19,2,AA,1520,-2,-3,On time,
ATL,GSP,2025-12-17,12,DL,153,-6,-1,On time,
ORD,XNA,2025-08-28,8,MQ,522,-5,-34,On time,
BOI,SAN,2025-10-02,10,OO,749,6,10,On time,
GEG,PHX,2025-02-08,2,WN,1020,0,-5,On time,
LAS,ORD,2025-08-12,8,WN,1514,-1,4,On time,
DCA,MIA,2025-12-13,12,AA,919,-5,-16,On time,
MSO,DEN,2025-04-08,4,OO,679,-12,-24,On time,
BWI,ORD,2025-05-29,5,OO,622,-8,2,On time,
BZN,DEN,2025-09-13,9,UA,524,-6,-3,On time,
CMH,DCA,2025-12-06,12,YX,323,-8,-19,On time,
DTW,IAH,2025-10-07,10,DL,1075,-4,8,On time,
GNV,CLT,2025-06-23,6,OH,388,-12,-17,On time,
JFK,LAS,2025-05-07,5,AA,2248,-8,-37,On time,
IAH,DCA,2025-09-05,9,UA,1208,-9,-21,On time,
JFK,BOS,2025-05-07,5,B6,187,-5,-11,On time,
DCA,CLT,2025-08-21,8,OH,331,-8,-19,On time,
MCO,DFW,2025-06-04,6,AA,985,10,25,Delayed,
SFO,PHX,2025-06-12,6,OO,651,-8,31,Delayed,
RNO,SAN,2025-08-10,8,WN,488,34,31,Delayed,
ONT,DFW,2025-06-27,6,AA,1188,-3,-7,On time,
DAL,MSY,2025-12-15,12,WN,437,-4,-11,On time,
LAS,BUR,2025-01-02,1,WN,223,5,-1,On time,
IAH,ORD,2025-06-04,6,UA,925,-1,-25,On time,
BOS,EWR,2025-11-22,11,UA,200,-12,-12,On time,
SFO,SEA,2025-12-02,12,UA,679,-4,14,On time,
MCO,PHL,2025-03-20,3,AA,861,-9,-29,On time,
PHX,SNA,2025-12-08,12,AA,338,40,18,Delayed,
SUN,SLC,2025-07-20,7,OO,222,75,68,Delayed,
PHX,IAH,2025-06-17,6,UA,1009,16,17,Delayed,
MCI,CLT,2025-05-11,5,AA,808,-7,0,On time,
ATL,BTR,2025-04-22,4,DL,448,8,10,On time,
SAN,PHL,2025-12-23,12,AA,2370,30,28,Delayed,
SLC,MSO,2025-07-27,7,OO,436,-4,-7,On time,
LNK,DEN,2025-05-21,5,OO,423,-10,-15,On time,
DTW,PLN,2025-03-06,3,OO,243,-3,-17,On time,
BNA,DCA,2025-07-21,7,WN,562,-3,-14,On time,
SEA,HOU,2025-09-11,9,WN,1894,-1,-12,On time,
SEA,SFO,2025-12-22,12,OO,679,148,141,Delayed,
ATL,FLL,2025-04-26,4,DL,581,-6,-19,On time,
DFW,SJU,2025-10-10,10,AA,2165,-7,3,On time,
IAH,MCI,2025-05-19,5,UA,643,-9,-18,On time,
RIC,ATL,2025-10-20,10,F9,481,-7,-16,On time,
MBS,DTW,2025-03-23,3,OO,98,-10,-2,On time,
EVV,ORD,2025-09-27,9,MQ,272,-12,-32,On time,
LAS,SFO,2025-12-16,12,UA,414,-5,-14,On time,
BWI,SDF,2025-11-06,11,WN,495,23,11,On time,
PHL,MCI,2025-06-17,6,AA,1038,-8,19,Delayed,
SLC,PDX,2025-08-09,8,OO,630,-9,-7,On time,
ATL,IAH,2025-07-21,7,F9,689,67,42,Delayed,
DFW,LAX,2025-07-10,7,AA,1235,10,2,On time,
SLC,DCA,2025-12-20,12,DL,1851,-1,-43,On time,
DCA,BDL,2025-05-30,5,MQ,313,3,-23,On time,
ATL,PNS,2025-10-12,10,DL,272,-3,-4,On time,
SLC,OAK,2025-09-04,9,OO,588,-8,-4,On time,
SJC,SLC,2025-05-02,5,DL,584,-13,-18,On time,
ATL,TPA,2025-05-20,5,DL,406,-2,-2,On time,
MKE,ORD,2025-04-07,4,OO,67,-6,50,Delayed,
TUS,PHX,2025-08-02,8,OO,109,-8,-11,On time,
MSP,CLT,2025-08-15,8,DL,930,70,82,Delayed,
DTW,IAH,2025-12-10,12,DL,1075,1,14,On time,
OMA,DEN,2025-10-19,10,WN,472,12,11,On time,
DFW,ICT,2025-06-13,6,OH,328,-6,-10,On time,
ORD,MSN,2025-12-30,12,YX,108,0,125,Delayed,
DFW,PHX,2025-10-21,10,F9,868,-13,-20,On time,
LAS,SAN,2025-06-01,6,OO,258,-5,-17,On time,
SEA,DEN,2025-05-11,5,UA,1024,66,68,Delayed,
PDX,BUR,2025-09-26,9,AS,817,-3,-13,On time,
CLT,GSP,2025-06-18,6,OH,75,45,59,Delayed,
DCA,BNA,2025-07-31,7,YX,562,-2,-18,On time,
MSP,CIU,2025-06-06,6,OO,435,135,130,Delayed,
VPS,HOU,2025-12-28,12,WN,527,23,17,Delayed,
MSP,DFW,2025-11-20,11,DL,852,44,52,Delayed,
MSY,DAL,2025-06-06,6,WN,436,36,28,Delayed,
RDU,BWI,2025-12-29,12,WN,256,86,74,Delayed,
MSP,CLT,2025-07-19,7,AA,930,7,-1,On time,
SEA,ANC,2025-08-04,8,AS,1448,83,71,Delayed,
LAS,PDX,2025-04-07,4,AS,763,-11,-19,On time,
MCO,FLL,2025-09-10,9,WN,177,3,-5,On time,
DCA,ATL,2025-05-21,5,DL,547,8,1,On time,
PHX,PDX,2025-03-09,3,WN,1009,1,-13,On time,
TUL,DFW,2025-09-23,9,AA,237,-5,-17,On time,
JAC,ORD,2025-06-16,6,UA,1162,-4,-15,On time,
BWI,ATL,2025-04-05,4,F9,577,170,167,Delayed,
PHX,RDU,2025-11-20,11,WN,1891,1,-7,On time,
SFO,EWR,2025-11-21,11,UA,2565,-7,0,On time,
PHX,SAF,2025-09-08,9,OO,370,-3,-17,On time,
ABQ,PHX,2025-12-03,12,WN,328,7,-5,On time,
ATL,MCO,2025-03-21,3,WN,404,9,-6,On time,
ATL,MSY,2025-07-14,7,WN,425,19,29,Delayed,
IAH,CLT,2025-08-12,8,AA,912,-7,-2,On time,
CLT,SYR,2025-11-18,11,AA,603,-4,6,On time,
XWA,MSP,2025-05-04,5,OO,553,-7,-17,On time,
SAN,SLC,2025-10-13,10,DL,626,10,-14,On time,
TPA,FLL,2025-04-14,4,WN,197,-3,-21,On time,
STL,MSP,2025-04-15,4,DL,448,-10,-12,On time,
BOS,SFO,2025-08-30,8,DL,2704,4,-25,On time,
CLT,MCO,2025-05-07,5,NK,468,7,1,On time,
LEX,ORD,2025-10-13,10,OO,323,-5,-1,On time,
GEG,SLC,2025-12-21,12,DL,546,-12,-27,On time,
DAL,DEN,2025-04-26,4,WN,651,16,6,On time,
HOU,DEN,2025-09-28,9,WN,883,-2,-23,On time,
SAN,SEA,2025-09-18,9,DL,1050,182,179,Delayed,
DAL,TUL,2025-03-14,3,WN,238,-3,-8,On time,
DEN,IAD,2025-05-08,5,UA,1452,1,4,On time,
ORD,SAN,2025-01-25,1,UA,1723,17,35,Delayed,
DEN,LGA,2025-11-19,11,UA,1620,-6,-5,On time,
SLC,MCI,2025-03-24,3,DL,920,-5,-18,On time,
ORD,GRR,2025-01-20,1,YX,137,-9,-8,On time,
PHX,DRO,2025-08-02,8,OO,352,-7,-5,On time,
DTW,BOS,2025-03-19,3,B6,632,-13,-26,On time,
PSP,PDX,2025-03-14,3,AS,873,-8,-8,On time,
DTW,BOS,2025-08-11,8,NK,632,-8,-9,On time,
MSP,DTW,2025-07-31,7,DL,528,-3,-10,On time,
SFO,DTW,2025-11-03,11,DL,2079,-16,-36,On time,
DCA,DFW,2025-04-11,4,AA,1192,-7,-29,On time,
IND,JFK,2025-11-20,11,YX,665,-4,-22,On time,
LEX,ORD,2025-04-19,4,OO,323,1,8,On time,
DAY,DFW,2025-09-12,9,OH,861,-11,-27,On time,
EWR,RSW,2025-05-09,5,UA,1068,-7,46,Delayed,
FLL,RDU,2025-02-23,2,DL,680,-11,-16,On time,
DEN,XNA,2025-10-25,10,OO,616,-11,2,On time,
SFO,LAX,2025-10-31,10,WN,337,17,3,On time,
DFW,STL,2025-05-12,5,AA,550,3,-2,On time,
ATL,PIT,2025-11-08,11,WN,526,17,3,On time,
HOU,DCA,2025-10-02,10,WN,1218,4,7,On time,
SAN,IAD,2025-08-31,8,UA,2253,-6,-22,On time,
IND,ORD,2025-10-10,10,YX,177,-3,-15,On time,
GEG,LAS,2025-11-23,11,WN,806,-11,-21,On time,
IAH,MCO,2025-03-10,3,NK,854,-3,-20,On time,
ELP,DFW,2025-12-19,12,F9,551,49,52,Delayed,
MCO,MDW,2025-10-05,10,WN,990,33,25,Delayed,
MHK,DFW,2025-04-26,4,MQ,431,11,25,Delayed,
AZA,STC,2025-05-08,5,G4,1259,-1,1,On time,
BOS,CLT,2025-07-09,7,AA,728,-13,-24,On time,
IAH,ATL,2025-07-15,7,DL,689,-2,-20,On time,
DEN,CPR,2025-09-05,9,OO,230,8,10,On time,
DTW,SAN,2025-08-21,8,NK,1956,-6,-27,On time,
SAN,ORD,2025-04-11,4,AA,1723,-2,6,On time,
ATL,BNA,2025-10-02,10,DL,214,0,-2,On time,
SFO,EWR,2025-07-03,7,UA,2565,27,14,On time,
MFE,DFW,2025-11-27,11,AA,469,-6,-12,On time,
EWR,PIT,2025-09-01,9,NK,319,141,165,Delayed,
PHX,MRY,2025-11-01,11,OO,598,51,69,Delayed,
AVL,ATL,2025-07-03,7,DL,164,-9,-22,On time,
CLE,EWR,2025-02-12,2,YX,404,28,20,Delayed,
JFK,DCA,2025-08-01,8,YX,213,-10,-2,On time,
PHL,RDU,2025-11-28,11,AA,337,5,18,Delayed,
SAT,ATL,2025-06-30,6,DL,874,-1,-7,On time,
JFK,HNL,2025-10-27,10,HA,4983,20,20,Delayed,
LAX,AUS,2025-06-09,6,DL,1242,1,-21,On time,
ORD,HSV,2025-11-20,11,OO,510,-4,-12,On time,
TPA,CLT,2025-07-30,7,AA,507,-10,-19,On time,
DCA,BNA,2025-07-24,7,OH,562,39,19,Delayed,
LGA,OMA,2025-03-10,3,YX,1148,-8,-17,On time,
PHX,SNA,2025-10-06,10,WN,338,-3,-5,On time,
LGA,MVY,2025-08-25,8,YX,175,-10,-34,On time,
DEN,BOS,2025-06-20,6,UA,1754,-1,-2,On time,
SEA,FAI,2025-12-12,12,DL,1533,18,12,On time,
SAT,MSY,2025-01-07,1,WN,494,-2,-16,On time,
DTW,BUF,2025-11-25,11,DL,241,11,6,On time,
DFW,MSN,2025-10-25,10,AA,821,146,146,Delayed,
GSP,ORD,2025-07-02,7,YX,577,-1,-22,On time,
MFR,SLC,2025-01-26,1,OO,575,-10,-14,On time,
LAX,ABQ,2025-10-25,10,OO,677,-11,-19,On time,
HPN,MCO,2025-12-07,12,B6,972,10,22,Delayed,
PWM,DCA,2025-06-21,6,MQ,482,-3,5,On time,
FLG,PHX,2025-06-12,6,OO,119,52,48,Delayed,
LGA,RDU,2025-09-14,9,YX,431,-3,-11,On time,
CVG,FLL,2025-10-17,10,G4,932,-8,-17,On time,
LGA,DEN,2025-01-12,1,WN,1620,5,-2,On time,
KOA,SEA,2025-07-11,7,AS,2688,-4,-7,On time,
DTW,SNA,2025-11-20,11,DL,1960,-7,-14,On time,
MIA,MCO,2025-03-06,3,YX,192,-6,-20,On time,
PDX,SEA,2025-11-10,11,OO,129,4,0,On time,
SNA,ATL,2025-01-31,1,DL,1919,-4,-1,On time,
ABI,DFW,2025-03-30,3,MQ,158,0,7,On time,
IND,BOS,2025-03-11,3,YX,818,-10,-30,On time,
SEA,ORD,2025-07-06,7,AS,1721,67,58,Delayed,
DEN,RIC,2025-08-22,8,UA,1481,-1,-2,On time,
CHS,PHL,2025-01-28,1,OH,550,78,70,Delayed,
HOU,TUL,2025-06-27,6,WN,453,0,-11,On time,
DEN,SEA,2025-01-16,1,AS,1024,23,-7,On time,
DFW,STL,2025-03-20,3,AA,550,-5,-16,On time,
MLB,ATL,2025-11-05,11,DL,443,-9,-12,On time,
SAN,PHX,2025-10-05,10,WN,304,25,11,On time,
ATL,HPN,2025-10-30,10,DL,781,748,729,Delayed,
ORD,CHS,2025-07-26,7,AA,760,13,33,Delayed,
LAX,BNA,2025-11-14,11,DL,1798,-7,-8,On time,
SJU,FLL,2025-06-26,6,F9,1046,100,85,Delayed,
GEG,SMF,2025-07-27,7,WN,649,-3,-11,On time,
PDX,SEA,2025-02-22,2,OO,129,-8,-24,On time,
SMF,LAX,2025-10-09,10,OO,373,-8,6,On time,
PBI,LGA,2025-04-24,4,AA,1035,-4,-3,On time,
DAY,ORD,2025-05-30,5,OO,240,-3,-2,On time,
ATL,MEM,2025-03-24,3,DL,332,61,55,Delayed,
ATL,LAS,2025-12-08,12,DL,1747,-1,-1,On time,
ANC,LAS,2025-10-30,10,AS,2304,-3,13,On time,
SGU,DFW,2025-05-12,5,OO,976,-6,-8,On time,
DAL,MCI,2025-10-16,10,WN,461,16,20,Delayed,
TPA,ORD,2025-08-16,8,AA,1012,-7,-25,On time,
SMF,DFW,2025-11-22,11,AA,1431,8,11,On time,
PHX,IAH,2025-07-29,7,UA,1009,-7,-14,On time,
RSW,BOS,2025-04-13,4,NK,1249,85,108,Delayed,
JFK,CHS,2025-07-12,7,B6,636,-7,-17,On time,
LGA,ATL,2025-03-21,3,DL,762,106,98,Delayed,
PHL,IAH,2025-01-01,1,UA,1325,-8,-8,On time,
FNT,ORD,2025-04-03,4,OO,223,-5,-8,On time,
ORD,SBN,2025-12-18,12,OO,84,-3,-19,On time,
LAX,SFO,2025-06-12,6,DL,337,-6,20,Delayed,
IAD,TPA,2025-03-19,3,F9,811,-7,-3,On time,
DEN,SJC,2025-10-22,10,WN,948,8,1,On time,
MSP,AUS,2025-06-22,6,DL,1042,16,12,On time,
PHX,SFO,2025-06-26,6,UA,651,-5,-6,On time,
PHL,MSP,2025-10-16,10,DL,981,-9,-1,On time,
OAK,SEA,2025-01-19,1,WN,672,0,-2,On time,
MCI,DCA,2025-05-19,5,WN,949,9,0,On time,
DFW,ASE,2025-01-23,1,OO,701,-1,-16,On time,
SAT,DAL,2025-08-12,8,WN,247,3,-9,On time,
LAN,ORD,2025-06-17,6,MQ,179,-9,-26,On time,
PHX,PDX,2025-11-19,11,WN,1010,16,5,On time,
ISP,MCO,2025-04-04,4,B6,971,3,0,On time,
GSO,ATL,2025-06-11,6,DL,306,-9,-26,On time,
PHX,BFL,2025-01-25,1,AA,425,8,1,On time,
JFK,ROC,2025-02-27,2,B6,264,15,-5,On time,
BOS,MIA,2025-12-08,12,AA,1258,-2,-16,On time,
SEA,ANC,2025-10-07,10,AS,1448,4,7,On time,
DFW,COS,2025-12-24,12,MQ,592,-4,-15,On time,
SFO,SNA,2025-09-14,9,OO,372,-9,-2,On time,
ACT,DFW,2025-11-04,11,OO,90,-10,-17,On time,
PIT,DCA,2025-06-03,6,MQ,204,-9,-16,On time,
ATL,JAX,2025-07-25,7,DL,269,-4,54,Delayed,
MCI,LGA,2025-08-21,8,DL,1107,3,-5,On time,
PHX,GJT,2025-12-23,12,OO,438,1,-2,On time,
TUS,LAX,2025-02-17,2,OO,451,-9,-29,On time,
DEN,ASE,2025-09-20,9,OO,125,-7,-10,On time,
LIH,SFO,2025-10-20,10,UA,2446,-2,-2,On time,
MCO,DEN,2025-09-19,9,WN,1547,-1,-7,On time,
SAN,DEN,2025-11-04,11,WN,853,-1,-21,On time,
LAX,MCO,2025-05-21,5,UA,2218,14,-8,On time,
ORD,GRB,2025-06-27,6,OO,173,80,74,Delayed,
ITO,HNL,2025-12-08,12,WN,216,-8,-19,On time,
SLC,SMF,2025-03-05,3,DL,532,-4,-10,On time,
ATL,SYR,2025-12-22,12,DL,794,-10,-1,On time,
DFW,CLT,2025-03-30,3,AA,936,-2,1,On time,
SBN,SFB,2025-05-09,5,G4,936,6,2,On time,
SEA,LIH,2025-07-23,7,AS,2700,28,7,On time,
PHX,SMF,2025-03-14,3,AA,647,736,732,Delayed,
PDX,IAH,2025-06-02,6,AS,1825,14,4,On time,
RDU,LGA,2025-01-17,1,YX,431,-8,-14,On time,
STL,PHX,2025-03-20,3,AA,1262,7,15,Delayed,
DEN,GCC,2025-03-10,3,OO,313,-9,-19,On time,
CLT,MIA,2025-10-06,10,AA,650,25,23,Delayed,
LGB,HNL,2025-12-21,12,WN,2569,-2,7,On time,
PSC,SLC,2025-07-03,7,OO,521,-2,9,On time,
ATL,MCO,2025-05-02,5,F9,404,-8,-9,On time,
ABQ,PHX,2025-01-27,1,OO,328,-11,-12,On time,
BNA,DTW,2025-08-17,8,WN,456,20,5,On time,
STL,DCA,2025-01-22,1,WN,719,63,59,Delayed,
ISP,PBI,2025-09-25,9,WN,1052,10,4,On time,
DCA,CMH,2025-08-07,8,OH,323,-5,-1,On time,
IAH,SLC,2025-10-02,10,DL,1195,-13,-3,On time,
PHX,COS,2025-08-20,8,WN,551,17,14,On time,
SAN,JFK,2025-01-25,1,B6,2446,2,-35,On time,
LAS,TUL,2025-07-20,7,WN,1076,44,39,Delayed,
MSY,CLT,2025-07-06,7,AA,650,-3,-15,On time,
DCA,JFK,2025-11-17,11,YX,213,-12,-19,On time,
IAD,SAT,2025-11-03,11,UA,1362,-9,-41,On time,
BNA,JAX,2025-06-28,6,WN,483,7,-4,On time,
BNA,DTW,2025-12-02,12,DL,456,-9,-2,On time,
BOS,IND,2025-03-06,3,YX,818,-7,-18,On time,
LAS,SFO,2025-02-25,2,UA,414,-8,-4,On time,
MDW,LGA,2025-07-11,7,WN,725,-2,-15,On time,
EWR,RSW,2025-09-06,9,UA,1068,48,59,Delayed,
DSM,DCA,2025-07-11,7,OH,897,-6,-18,On time,
SJU,MIA,2025-05-30,5,AA,1045,-14,-22,On time,
SFO,SLC,2025-03-08,3,OO,599,12,-4,On time,
DEN,PSC,2025-08-31,8,OO,853,-2,-8,On time,
LGA,CLE,2025-10-20,10,YX,419,-7,-12,On time,
ORD,CLT,2025-08-14,8,AA,599,0,-13,On time,
SEA,SFO,2025-11-08,11,AS,679,12,14,On time,
DSM,IAH,2025-10-06,10,UA,802,-9,1,On time,
DCA,CLT,2025-09-27,9,OH,331,-6,-12,On time,
DEN,STL,2025-03-27,3,UA,770,-7,-11,On time,
BOS,BZN,2025-08-24,8,DL,1991,-7,-1,On time,
SMF,BUR,2025-04-23,4,WN,358,18,18,Delayed,
IAD,LAX,2025-10-20,10,UA,2288,-7,0,On time,
LAS,PHX,2025-03-28,3,AA,255,-8,-10,On time,
SEA,PHX,2025-02-28,2,OO,1107,-6,1,On time,
RSW,DTW,2025-09-01,9,DL,1084,10,5,On time,
BNA,DFW,2025-03-19,3,AA,631,-7,-1,On time,
DFW,SAV,2025-07-08,7,AA,925,-1,-4,On time,
DEN,LAX,2025-08-20,8,UA,862,51,29,Delayed,
MCO,CMH,2025-12-16,12,WN,802,-5,-5,On time,
ELP,LAX,2025-07-02,7,OO,715,-4,-16,On time,
LIT,DEN,2025-03-13,3,F9,771,-3,-9,On time,
DFW,BNA,2025-12-17,12,AA,631,-8,-19,On time,
DEN,ICT,2025-10-12,10,OO,420,-7,-7,On time,
SBN,MSP,2025-12-30,12,OO,411,62,89,Delayed,
ATL,CAE,2025-11-16,11,DL,192,18,9,On time,
DTW,FLL,2025-01-14,1,DL,1127,2,23,Delayed,
SFO,SEA,2025-01-24,1,UA,679,-8,-15,On time,
CHS,CLT,2025-08-15,8,AA,168,68,59,Delayed,
ORD,MCI,2025-12-27,12,YX,403,0,-8,On time,
SJC,BOI,2025-09-15,9,WN,523,-6,-10,On time,
DFW,LGA,2025-07-30,7,DL,1389,-12,-22,On time,
PHL,TPA,2025-07-15,7,AA,920,-7,-10,On time,
DEN,STL,2025-01-26,1,UA,770,-1,-13,On time,
CMH,BWI,2025-03-10,3,WN,337,7,-15,On time,
PDX,LAX,2025-06-24,6,DL,834,-9,-24,On time,
ONT,SEA,2025-12-23,12,AS,956,-3,-17,On time,
SFO,PHX,2025-10-05,10,AA,651,-7,-22,On time,
ORD,FSD,2025-11-21,11,UA,462,7,1,On time,
DCA,SEA,2025-11-29,11,AS,2329,-10,-13,On time,
IAH,ABQ,2025-08-22,8,UA,744,12,0,On time,
SLC,PDX,2025-11-17,11,OO,630,-1,-25,On time,
RIC,CLT,2025-09-03,9,AA,257,71,70,Delayed,
BNA,AUS,2025-05-21,5,WN,756,23,19,Delayed,
MDW,MSP,2025-11-17,11,OO,349,-20,-4,On time,
RKS,DEN,2025-12-10,12,OO,260,-11,-22,On time,
SAN,BOS,2025-10-21,10,DL,2588,0,-27,On time,
ORH,FLL,2025-04-04,4,B6,1211,-15,-33,On time,
LIT,ORD,2025-06-14,6,MQ,552,-3,-2,On time,
PIT,LGA,2025-06-21,6,YX,335,-5,-22,On time,
MIA,BHM,2025-03-19,3,AA,661,-8,-16,On time,
CHS,FLL,2025-02-15,2,NK,470,-2,-12,On time,
BOS,SRQ,2025-11-22,11,B6,1220,0,-8,On time,
BQN,JFK,2025-03-17,3,B6,1576,-2,-5,On time,
DFW,FAR,2025-12-30,12,MQ,967,-4,-5,On time,
IAH,OKC,2025-01-15,1,OO,395,-2,-5,On time,
IAH,SEA,2025-03-13,3,AS,1874,-5,-10,On time,
CLT,PBI,2025-03-31,3,AA,590,-2,2,On time,
DEN,DTW,2025-08-06,8,DL,1123,-4,-13,On time,
ATL,AUS,2025-11-05,11,DL,813,-5,-19,On time,
MSP,SDF,2025-06-07,6,OO,604,14,2,On time,
SLC,RDM,2025-05-22,5,OO,525,-1,3,On time,
IAD,ORD,2025-08-16,8,UA,588,-1,63,Delayed,
DFW,BOS,2025-08-31,8,B6,1562,-3,-20,On time,
BWI,JAN,2025-09-10,9,WN,888,-6,-22,On time,
CLT,AVL,2025-04-04,4,MQ,91,12,6,On time,
EWR,SRQ,2025-05-11,5,UA,1034,-12,-14,On time,
SEA,LAX,2025-06-29,6,AS,954,68,53,Delayed,
DEN,MKE,2025-09-10,9,OO,896,-2,-3,On time,
SAV,ATL,2025-08-29,8,DL,215,-5,-6,On time,
ORD,DEN,2025-03-11,3,AA,888,-6,12,On time,
ORD,GSP,2025-07-18,7,OH,577,10,5,On time,
AUS,DFW,2025-03-17,3,AA,190,-1,3,On time,
MSP,BDL,2025-11-19,11,DL,1050,-6,-9,On time,
DCA,SLC,2025-10-13,10,DL,1851,60,67,Delayed,
CLT,SGF,2025-03-07,3,MQ,708,-2,-3,On time,
IMT,MSP,2025-12-11,12,OO,257,52,54,Delayed,
SBN,CLT,2025-11-08,11,OH,534,-11,-31,On time,
OGG,SJC,2025-09-26,9,HA,2355,3,-12,On time,
JFK,SFO,2025-06-13,6,B6,2586,-4,-10,On time,
IAH,ATL,2025-03-22,3,F9,689,-4,-13,On time,
ORD,MSP,2025-03-04,3,MQ,334,-1,-24,On time,
PHL,MIA,2025-04-10,4,AA,1013,-4,-18,On time,
FLL,ATL,2025-01-28,1,DL,581,193,197,Delayed,
DTW,EWR,2025-05-29,5,DL,488,76,120,Delayed,
BWI,TPA,2025-11-19,11,WN,842,14,10,On time,
ORD,LAS,2025-01-17,1,AA,1514,-4,-24,On time,
BOS,MCO,2025-03-13,3,DL,1121,-8,-22,On time,
SLC,DAL,2025-02-01,2,WN,999,-5,-22,On time,
HNL,LAS,2025-03-13,3,WN,2762,0,-4,On time,
ORD,LNK,2025-03-21,3,OO,466,22,9,On time,
SFO,PSC,2025-08-20,8,OO,620,-8,4,On time,
RSW,BWI,2025-10-01,10,WN,919,-4,-18,On time,
SJC,SLC,2025-03-20,3,DL,584,-7,4,On time,
PHX,ORD,2025-10-04,10,AA,1440,-5,-21,On time,
BWI,SLC,2025-09-22,9,WN,1865,72,67,Delayed,
PHX,ICT,2025-02-15,2,OO,870,-7,-11,On time,
SEA,FAI,2025-08-08,8,AS,1533,21,25,Delayed,
ATL,DFW,2025-02-24,2,F9,731,13,-20,On time,
SDF,LAS,2025-11-13,11,WN,1624,-4,-1,On time,
MSP,BOS,2025-07-25,7,DL,1124,102,82,Delayed,
PHX,SBA,2025-12-14,12,MQ,455,1,-4,On time,
ONT,PDX,2025-02-11,2,OO,838,-7,4,On time,
MKE,BNA,2025-08-08,8,WN,475,23,10,On time,
CLT,DFW,2025-04-07,4,AA,936,52,36,Delayed,
RSW,LGA,2025-07-23,7,DL,1080,-11,-24,On time,
MSP,IAD,2025-01-21,1,OO,908,-6,-21,On time,
ORD,SAN,2025-09-27,9,UA,1723,-9,-35,On time,
ONT,AUS,2025-08-04,8,WN,1196,4,17,Delayed,
IND,ATL,2025-02-11,2,DL,432,-6,8,On time,
JAX,IAH,2025-02-20,2,UA,817,-2,-9,On time,
TVC,PGD,2025-03-12,3,G4,1245,4,-13,On time,
SLC,OAK,2025-05-08,5,WN,588,0,-11,On time,
BWI,CMH,2025-04-16,4,WN,337,-5,10,On time,
SEA,SNA,2025-04-29,4,AS,978,6,-14,On time,
MCO,DEN,2025-10-21,10,WN,1547,0,2,On time,
CLT,SDF,2025-06-01,6,AA,335,-7,-12,On time,
SEA,SMF,2025-06-11,6,OO,605,-7,-12,On time,
LAX,RNO,2025-01-10,1,OO,391,22,15,Delayed,
MDW,BWI,2025-11-20,11,WN,611,-6,-19,On time,
SEA,MSP,2025-04-11,4,DL,1399,7,-14,On time,
ABQ,PHX,2025-10-07,10,WN,328,3,-5,On time,
GSP,CLT,2025-07-03,7,OH,75,26,16,Delayed,
PDX,PHX,2025-10-21,10,WN,1010,-5,4,On time,
HPN,RSW,2025-06-07,6,B6,1102,-15,-14,On time,
ORD,LAX,2025-10-07,10,UA,1744,8,2,On time,
MDW,DTW,2025-06-10,6,WN,228,-7,1,On time,
BNA,DEN,2025-01-17,1,WN,1014,5,-19,On time,
SNA,SLC,2025-01-04,1,DL,588,40,24,Delayed,
BIL,AZA,2025-07-15,7,G4,878,-10,-13,On time,
CVG,ORD,2025-09-01,9,YX,264,-10,6,On time,
CLT,RIC,2025-07-08,7,OH,257,12,-4,On time,
JAN,BWI,2025-09-08,9,WN,888,21,12,On time,
LGA,DCA,2025-08-08,8,YX,214,-6,-14,On time,
MIA,JFK,2025-04-18,4,AA,1089,54,45,Delayed,
PHX,GJT,2025-10-30,10,OO,438,-2,-5,On time,
MEM,PHL,2025-02-02,2,OH,875,154,132,Delayed,
LAS,TUL,2025-08-22,8,G4,1076,44,37,Delayed,
DCA,LAX,2025-05-01,5,AA,2311,-6,-47,On time,
LAX,XNA,2025-10-17,10,OO,1371,6,-17,On time,
VPS,BLV,2025-12-24,12,G4,587,-15,-24,On time,
GRB,MSP,2025-03-17,3,OO,252,-9,-14,On time,
MSN,MSP,2025-10-01,10,OO,228,-2,-13,On time,
RDM,SLC,2025-09-19,9,OO,525,-6,3,On time,
TPA,ORD,2025-01-24,1,NK,1012,-6,-14,On time,
DEN,SAN,2025-06-18,6,UA,853,-6,10,On time,
ATL,LAX,2025-07-29,7,F9,1947,0,36,Delayed,
DFW,DEN,2025-05-30,5,F9,641,-12,-25,On time,
GEG,SEA,2025-06-28,6,OO,224,-1,-19,On time,
PHX,ORD,2025-12-19,12,F9,1440,-8,-8,On time,
DCA,TPA,2025-03-16,3,WN,814,-10,16,Delayed,
OAK,LGB,2025-02-05,2,WN,353,2,-11,On time,
SLC,ATL,2025-03-11,3,DL,1590,-2,-17,On time,
PHX,SEA,2025-10-06,10,AS,1107,-12,-14,On time,
LGA,BOS,2025-02-04,2,YX,184,-6,-14,On time,
MHT,DCA,2025-05-26,5,OH,406,2,-6,On time,
STL,RDU,2025-12-07,12,WN,668,-10,-26,On time,
ATL,PBI,2025-06-05,6,DL,545,12,1,On time,
HOU,FLL,2025-01-06,1,WN,957,-2,-10,On time,
DAL,MCO,2025-04-05,4,WN,973,45,51,Delayed,
MSY,MCO,2025-07-18,7,WN,551,-5,-10,On time,
DFW,LAX,2025-07-03,7,F9,1235,-8,-18,On time,
DEN,ELP,2025-07-29,7,OO,563,-1,-9,On time,
HNL,LIH,2025-01-09,1,HA,102,-2,-1,On time,
SWF,FLL,2025-10-31,10,G4,1118,-6,1,On time,
DEN,MCI,2025-01-26,1,WN,533,0,-12,On time,
DTW,BNA,2025-04-04,4,NK,456,19,15,Delayed,
EWR,DTW,2025-01-12,1,YX,488,0,6,On time,
DAY,DCA,2025-06-23,6,OH,391,0,-4,On time,
ATL,SEA,2025-11-05,11,DL,2182,-8,-20,On time,
BOS,DFW,2025-07-23,7,AA,1562,3,-19,On time,
AUS,SJC,2025-12-15,12,WN,1476,73,58,Delayed,
DEN,ATL,2025-06-12,6,DL,1199,-2,22,Delayed,
LAX,DEN,2025-07-14,7,UA,862,-8,-9,On time,
PHX,ICT,2025-05-27,5,OO,870,-4,-5,On time,
DEN,SMF,2025-02-22,2,WN,909,52,36,Delayed,
SAN,SMF,2025-04-16,4,WN,480,-4,-15,On time,
HNL,SEA,2025-09-27,9,AS,2677,-7,-36,On time,
ORD,AUS,2025-12-30,12,AA,977,77,103,Delayed,
CLT,PIT,2025-05-29,5,AA,366,-6,-25,On time,
SEA,SJC,2025-09-02,9,AS,696,5,5,On time,
PHX,SMF,2025-03-14,3,WN,647,-2,5,On time,
AZA,SGF,2025-05-27,5,G4,1066,-12,8,On time,
ATL,SAV,2025-01-19,1,DL,214,13,11,On time,
CAK,SRQ,2025-02-21,2,G4,934,-10,-31,On time,
BOS,EWR,2025-01-30,1,UA,200,-7,-26,On time,
LAX,JFK,2025-03-10,3,AA,2475,-10,-14,On time,
DEN,CVG,2025-12-07,12,UA,1069,10,-1,On time,
LGA,DFW,2025-05-11,5,AA,1389,-5,-35,On time,
BOS,JFK,2025-09-09,9,B6,187,1,-7,On time,
CLT,MSY,2025-09-28,9,AA,650,38,18,Delayed,
ORD,MSP,2025-10-24,10,UA,334,-4,-15,On time,
KOA,SAN,2025-04-19,4,AS,2556,-7,-15,On time,
DEN,SAN,2025-02-14,2,WN,853,11,0,On time,
OAK,EUG,2025-01-09,1,WN,445,20,17,Delayed,
MDW,BDL,2025-07-20,7,WN,776,112,101,Delayed,
LAS,AUS,2025-06-13,6,WN,1090,0,-7,On time,
SEA,SLC,2025-11-16,11,OO,689,-11,-3,On time,
SAV,ATL,2025-05-05,5,DL,214,3,-7,On time,
DEN,SLC,2025-10-10,10,DL,391,-8,-26,On time,
LGA,BOS,2025-09-09,9,YX,184,-10,-23,On time,
PIT,PHL,2025-05-11,5,AA,268,22,33,Delayed,
BOS,JFK,2025-09-17,9,B6,187,14,-4,On time,
DCA,IAH,2025-06-13,6,UA,1208,-2,-5,On time,
TPA,SAT,2025-04-24,4,WN,972,8,-6,On time,
DCA,DFW,2025-07-31,7,AA,1192,-9,-24,On time,
IND,HOU,2025-07-28,7,WN,861,90,69,Delayed,
DEN,TUS,2025-05-03,5,WN,639,-1,3,On time,
MKE,ATL,2025-03-29,3,DL,669,-4,-13,On time,
HOU,ATL,2025-10-17,10,WN,696,26,26,Delayed,
ATL,BHM,2025-06-07,6,DL,134,49,63,Delayed,
ONT,SLC,2025-07-11,7,DL,558,-12,-19,On time,
SFO,SEA,2025-12-06,12,OO,679,2,-3,On time,
PHL,ORF,2025-02-06,2,YX,212,-2,-15,On time,
LGA,CMH,2025-01-21,1,YX,479,-11,-12,On time,
CLT,DFW,2025-06-05,6,AA,936,3,4,On time,
SFO,AUS,2025-08-01,8,DL,1504,5,24,Delayed,
LAX,BOS,2025-07-13,7,AA,2611,122,128,Delayed,
SLC,BNA,2025-12-10,12,DL,1404,-12,-23,On time,
LAX,SBP,2025-11-08,11,OO,155,-10,-23,On time,
ORD,RAP,2025-06-14,6,UA,779,0,-11,On time,
GSO,DEN,2025-08-19,8,OO,1370,-6,-18,On time,
TPA,BNA,2025-08-29,8,MQ,612,-10,-22,On time,
ATL,JAX,2025-01-19,1,DL,270,-5,-12,On time,
ATL,BNA,2025-06-05,6,DL,214,24,32,Delayed,
ORD,SDF,2025-08-08,8,YX,286,-7,-37,On time,
DAL,CMH,2025-03-07,3,WN,919,-7,-24,On time,
EWR,MIA,2025-10-02,10,AA,1085,-6,-24,On time,
MCO,MHT,2025-01-23,1,B6,1142,-10,-39,On time,
PSC,SEA,2025-10-06,10,OO,172,-15,-41,On time,
BOS,BWI,2025-11-04,11,WN,369,3,-10,On time,
DEN,SFO,2025-01-02,1,UA,967,19,10,On time,
PHX,LAS,2025-10-07,10,AA,255,-7,-2,On time,
IAH,CLE,2025-06-08,6,UA,1091,-1,-15,On time,
PIT,LGA,2025-06-09,6,YX,335,-4,-22,On time,
PHX,DAL,2025-07-19,7,WN,879,0,-7,On time,
ATL,SAV,2025-03-17,3,DL,214,3,0,On time,
SAN,ORD,2025-12-26,12,UA,1723,-9,-46,On time,
DCA,RDU,2025-05-22,5,MQ,227,-1,-4,On time,
DFW,CAE,2025-08-21,8,OH,922,-9,-18,On time,
EWR,CLT,2025-09-03,9,YX,529,-10,-18,On time,
DFW,SAT,2025-07-20,7,AA,247,10,8,On time,
SAN,TUS,2025-06-17,6,WN,368,14,5,On time,
CLT,ALB,2025-01-18,1,AA,646,-4,-10,On time,
PSP,OAK,2025-05-28,5,WN,418,113,106,Delayed,
LAS,LAX,2025-04-27,4,DL,236,23,66,Delayed,
GRR,CLT,2025-12-11,12,AA,583,8,15,Delayed,
LGA,DEN,2025-07-08,7,WN,1620,92,102,Delayed,
DFW,ORD,2025-03-30,3,F9,802,33,29,Delayed,
ALB,MCO,2025-06-04,6,WN,1073,6,-1,On time,
SEA,SFO,2025-09-08,9,UA,679,-2,-2,On time,
LGA,CLT,2025-04-07,4,AA,544,-8,4,On time,
FLL,HOU,2025-12-04,12,WN,957,-3,-18,On time,
RNO,ORD,2025-11-15,11,UA,1671,-2,-22,On time,
SEA,DCA,2025-11-19,11,DL,2329,-1,3,On time,
CVG,SLC,2025-03-07,3,DL,1450,-6,-9,On time,
PHX,SEA,2025-10-18,10,AS,1107,-14,-5,On time,
LAS,ONT,2025-12-05,12,WN,197,0,-7,On time,
MCO,CLT,2025-02-26,2,NK,468,-5,11,On time,
AUS,LAS,2025-07-14,7,NK,1090,46,22,Delayed,
SAT,BOS,2025-05-14,5,DL,1764,-10,-9,On time,
MIA,DTW,2025-10-28,10,DL,1145,-5,-11,On time,
FLL,ATL,2025-05-19,5,DL,581,33,19,Delayed,
SAN,ORD,2025-03-14,3,UA,1723,-4,7,On time,
ATL,BUF,2025-01-27,1,DL,712,-3,-6,On time,
MSP,RSW,2025-11-13,11,DL,1416,-5,-29,On time,
MCO,SJU,2025-07-17,7,WN,1188,0,-3,On time,
SEA,ATL,2025-06-26,6,DL,2182,-3,-15,On time,
MCO,BOS,2025-04-27,4,DL,1121,18,24,Delayed,
BUR,LAS,2025-04-12,4,WN,223,-4,-23,On time,
BNA,ORD,2025-07-13,7,AA,409,25,46,Delayed,
TPA,BWI,2025-01-14,1,WN,842,-8,-2,On time,
DFW,CHA,2025-04-19,4,MQ,695,-4,-3,On time,
EWR,PBI,2025-01-30,1,UA,1023,-3,-21,On time,
HOU,ELP,2025-06-12,6,WN,677,13,-2,On time,
IAD,CMH,2025-04-26,4,YX,299,-2,-12,On time,
IND,SLC,2025-06-05,6,DL,1355,-3,-9,On time,
SEA,SFO,2025-10-02,10,DL,679,-8,-10,On time,
PVD,FLL,2025-12-02,12,B6,1188,6,15,Delayed,
BOI,SJC,2025-12-10,12,WN,523,-5,-14,On time,
PBI,CLT,2025-06-13,6,AA,590,-5,4,On time,
BOS,LGA,2025-09-17,9,YX,184,91,83,Delayed,
SEA,ATL,2025-08-05,8,DL,2182,-4,-23,On time,
SEA,MFR,2025-06-05,6,OO,352,1,-2,On time,
DFW,LAS,2025-09-15,9,AA,1055,20,10,On time,
HOU,CRP,2025-02-17,2,WN,187,-2,-6,On time,
RSW,EWR,2025-03-16,3,UA,1068,-1,-6,On time,
LAS,MSP,2025-05-09,5,DL,1299,-9,-6,On time,
ROC,MCO,2025-09-14,9,NK,1033,165,148,Delayed,
IAH,MCO,2025-03-02,3,NK,854,-6,-28,On time,
ORD,LEX,2025-10-07,10,OO,323,7,5,On time,
ORD,BZN,2025-11-08,11,UA,1185,-10,3,On time,
LAX,TUL,2025-01-20,1,OO,1283,-9,-14,On time,
LAX,DEN,2025-07-17,7,UA,862,-4,-5,On time,
ORD,SCE,2025-11-07,11,OO,528,-5,1,On time,
STL,BUR,2025-04-13,4,WN,1583,89,113,Delayed,
DTW,TPA,2025-07-12,7,NK,983,-7,-25,On time,
MSY,HOU,2025-03-16,3,WN,302,18,6,On time,
CLT,FLL,2025-08-23,8,AA,632,-5,90,Delayed,
MSY,FLL,2025-06-08,6,NK,674,-1,-13,On time,
ORD,SCE,2025-10-30,10,OO,528,-4,14,On time,
LAS,CLT,2025-03-13,3,AA,1916,0,-18,On time,
SEA,IAD,2025-03-12,3,AS,2306,-4,7,On time,
CMH,ATL,2025-04-19,4,WN,447,-4,-14,On time,
PHX,TUS,2025-02-18,2,OO,110,-5,-14,On time,
JFK,DFW,2025-10-31,10,AA,1391,0,-14,On time,
DTW,ORF,2025-07-30,7,DL,529,-4,-6,On time,
SJU,BWI,2025-06-09,6,F9,1565,-2,4,On time,
MDW,MCO,2025-12-24,12,F9,990,0,-26,On time,
ORD,SAN,2025-05-11,5,AA,1723,-3,-31,On time,
MIA,IND,2025-02-12,2,AA,1020,-5,-13,On time,
ATL,PNS,2025-03-25,3,DL,271,39,33,Delayed,
ATL,MSY,2025-05-18,5,DL,425,36,34,Delayed,
COS,DEN,2025-08-07,8,OO,73,-9,-17,On time,
EWR,BNA,2025-01-31,1,UA,748,102,111,Delayed,
IAH,ONT,2025-10-23,10,UA,1334,4,23,Delayed,
MCI,LGA,2025-02-09,2,WN,1107,-6,-32,On time,
PIT,MIA,2025-01-25,1,AA,1013,59,13,On time,
ATL,MEM,2025-02-15,2,DL,332,4,23,Delayed,
SAN,PHX,2025-04-02,4,WN,304,-3,-6,On time,
EYW,ORD,2025-03-22,3,YX,1251,-7,-11,On time,
SEA,SLC,2025-07-03,7,AS,689,-6,-11,On time,
ATL,CLT,2025-01-13,1,OH,226,49,26,Delayed,
EWR,PBI,2025-10-16,10,UA,1024,6,-20,On time,
DFW,LAX,2025-09-22,9,NK,1235,14,3,On time,
PSC,SFO,2025-06-10,6,OO,620,-7,-16,On time,
BOS,SAV,2025-01-25,1,DL,901,-12,13,On time,
PHL,DFW,2025-09-10,9,AA,1303,1,-24,On time,
LAX,PHX,2025-11-09,11,OO,370,97,86,Delayed,
MCO,EWR,2025-05-18,5,UA,937,101,100,Delayed,
BNA,TPA,2025-04-18,4,WN,612,-2,-21,On time,
RAP,DEN,2025-01-23,1,UA,300,-3,9,On time,
CDV,ANC,2025-11-09,11,AS,160,-6,-8,On time,
SLC,MSY,2025-09-06,9,DL,1429,-12,-32,On time,
DEN,IAD,2025-05-21,5,WN,1452,-3,-18,On time,
DTW,EWR,2025-04-30,4,DL,488,21,30,Delayed,
SAN,SJC,2025-10-19,10,OO,417,-7,-21,On time,
SFO,LAX,2025-12-22,12,DL,337,-1,-9,On time,
CLE,ORD,2025-04-07,4,MQ,316,-8,0,On time,
SMF,PHX,2025-06-20,6,WN,647,-1,-10,On time,
BOS,TYS,2025-03-01,3,G4,830,-14,-27,On time,
ORD,AUS,2025-10-28,10,UA,977,-7,-17,On time,
ORD,LAS,2025-02-22,2,NK,1514,-10,-42,On time,
GRR,LAS,2025-12-18,12,G4,1642,-1,-15,On time,
DTW,CHS,2025-11-16,11,DL,667,-6,-28,On time,
DEN,BHM,2025-04-17,4,OO,1083,15,32,Delayed,
BUR,DEN,2025-04-22,4,WN,850,8,13,On time,
PHL,LAX,2025-07-25,7,AA,2402,-5,-6,On time,
MCI,LAS,2025-05-26,5,NK,1139,-3,-12,On time,
RSW,ORD,2025-03-03,3,UA,1120,-5,-19,On time,
ASE,LAX,2025-12-30,12,OO,737,-8,-23,On time,
SFO,SAN,2025-12-01,12,F9,447,2,-16,On time,
BOS,STL,2025-11-20,11,WN,1047,12,7,On time,
SAN,BNA,2025-04-29,4,WN,1751,-5,-15,On time,
LAS,AUS,2025-06-03,6,WN,1090,0,-11,On time,
BTR,DFW,2025-10-20,10,OH,383,-1,1,On time,
SLC,DFW,2025-01-13,1,AA,989,-8,-11,On time,
SAV,LGA,2025-09-15,9,YX,722,-7,-9,On time,
SRQ,ORD,2025-10-29,10,UA,1050,-13,-17,On time,
GSP,DFW,2025-09-07,9,MQ,862,9,7,On time,
JFK,PVD,2025-10-25,10,B6,144,-12,-18,On time,
AUS,BNA,2025-10-24,10,WN,756,7,0,On time,
IAH,DFW,2025-12-15,12,MQ,224,-4,-5,On time,
TUL,AUS,2025-09-14,9,WN,426,-4,-11,On time,
ATL,TRI,2025-06-18,6,DL,227,2,3,On time,
BNA,MCO,2025-04-13,4,NK,616,-13,-36,On time,
SRQ,BOS,2025-12-19,12,B6,1220,48,23,Delayed,
ORD,MCI,2025-04-04,4,UA,403,-2,-12,On time,
IAD,MCO,2025-02-16,2,UA,758,0,-2,On time,
ABQ,DEN,2025-11-03,11,OO,349,-12,-28,On time,
XNA,DFW,2025-05-10,5,OH,280,-1,-5,On time,
ATL,DAL,2025-06-13,6,WN,721,-2,-12,On time,
SEA,BLI,2025-09-21,9,OO,93,11,9,On time,
HNL,OGG,2025-08-06,8,HA,101,-7,-13,On time,
SEA,DEN,2025-01-29,1,UA,1024,-12,-11,On time,
LAX,ATL,2025-04-04,4,DL,1947,-7,-7,On time,
GSP,ATL,2025-06-03,6,DL,153,-11,-23,On time,
PHX,SEA,2025-11-12,11,WN,1107,9,0,On time,
SNA,ORD,2025-03-24,3,AA,1726,-8,47,Delayed,
CAE,DFW,2025-03-11,3,MQ,922,-8,-32,On time,
PHX,SJC,2025-04-23,4,WN,621,81,79,Delayed,
MIA,DFW,2025-12-16,12,AA,1121,-4,-8,On time,
DFW,JAX,2025-06-22,6,AA,918,-4,-3,On time,
DEN,SJC,2025-12-18,12,WN,948,3,-1,On time,
ATL,MYR,2025-10-16,10,DL,317,-5,-8,On time,
DTW,PHX,2025-01-13,1,DL,1671,10,-11,On time,
BNA,BWI,2025-06-04,6,WN,587,-6,-11,On time,
AUS,SFO,2025-05-04,5,UA,1504,9,-3,On time,
BNA,MCO,2025-02-06,2,WN,616,5,-10,On time,
DCA,PNS,2025-08-01,8,YX,816,101,120,Delayed,
LAS,ATL,2025-09-04,9,DL,1747,-4,-11,On time,
DCA,ROC,2025-07-10,7,OH,296,15,14,On time,
MSY,DTW,2025-02-14,2,DL,926,74,59,Delayed,
CLT,SFO,2025-11-08,11,AA,2296,27,29,Delayed,
JNU,SIT,2025-09-30,9,AS,95,-17,-18,On time,
DFW,TVC,2025-09-20,9,AA,1022,132,127,Delayed,
PIT,MCO,2025-07-15,7,WN,834,-1,-10,On time,
SEA,CLT,2025-11-02,11,AA,2279,-10,-31,On time,
MIA,IND,2025-03-16,3,MQ,1020,-8,-9,On time,
ECP,DCA,2025-12-10,12,OH,769,-9,29,Delayed,
IAH,LAS,2025-08-18,8,UA,1222,-9,-24,On time,
DFW,MAF,2025-01-20,1,MQ,309,-5,-2,On time,
ORD,RIC,2025-05-26,5,YX,642,-4,-26,On time,
PHX,LAS,2025-10-10,10,WN,255,-3,5,On time,
PHX,TUS,2025-02-01,2,OO,110,-5,-12,On time,
DEN,EWR,2025-01-11,1,UA,1605,4,-13,On time,
STL,ATL,2025-02-03,2,DL,484,-4,-20,On time,
STL,DFW,2025-12-23,12,AA,550,-4,-24,On time,
PHX,SFO,2025-06-27,6,AA,651,205,188,Delayed,
DFW,BOS,2025-09-21,9,AA,1562,-6,-5,On time,
BOS,BNA,2025-03-08,3,YX,942,-8,20,Delayed,
MDW,DCA,2025-04-28,4,WN,601,-3,-16,On time,
COD,DEN,2025-05-24,5,OO,391,-11,-22,On time,
RDM,SEA,2025-10-02,10,AS,228,125,114,Delayed,
BOS,ACK,2025-07-13,7,B6,91,-2,-14,On time,
CMH,DCA,2025-07-03,7,MQ,323,0,-2,On time,
MFR,DEN,2025-08-03,8,UA,964,23,10,On time,
SAT,ORD,2025-09-12,9,YX,1041,-6,-24,On time,
DEN,DFW,2025-08-11,8,AA,641,85,75,Delayed,
ATL,RDU,2025-05-10,5,DL,356,25,15,Delayed,
MCO,EWR,2025-08-13,8,UA,937,127,115,Delayed,
OKC,PHX,2025-05-03,5,OO,833,-4,-8,On time,
DEN,ORD,2025-12-14,12,F9,888,-10,-17,On time,
SMF,DTW,2025-05-10,5,DL,2013,-1,1,On time,
SLC,IAD,2025-06-02,6,UA,1828,0,-7,On time,
TPA,PHX,2025-12-26,12,WN,1788,-3,-23,On time,
TVC,DEN,2025-08-27,8,UA,1032,2,-8,On time,
CID,DEN,2025-12-07,12,UA,692,108,178,Delayed,
FLL,BOS,2025-01-28,1,B6,1237,27,33,Delayed,
IAH,TUL,2025-12-19,12,OO,429,-2,-3,On time,
CRP,HOU,2025-02-26,2,WN,187,-4,3,On time,
EWR,PDX,2025-07-22,7,UA,2434,-9,0,On time,
BNA,BUR,2025-09-01,9,WN,1791,7,-9,On time,
DTW,MCI,2025-03-29,3,DL,629,-3,-20,On time,
MSP,BOS,2025-12-05,12,DL,1124,13,-1,On time,
FSD,ORD,2025-07-01,7,OO,462,-10,13,On time,
EYW,ATL,2025-03-16,3,DL,646,57,49,Delayed,
PGD,TYS,2025-07-01,7,G4,624,0,10,On time,
LAX,HOU,2025-07-05,7,WN,1390,6,-6,On time,
SJU,MCO,2025-10-26,10,B6,1188,-6,0,On time,
EWR,MCO,2025-03-28,3,UA,937,-10,-34,On time,
LAS,LAX,2025-08-27,8,WN,236,-3,0,On time,
ELP,DFW,2025-10-20,10,AA,551,-1,-5,On time,
SJC,PHX,2025-03-24,3,WN,621,-6,-11,On time,
PHL,LAS,2025-12-29,12,AA,2177,-1,-10,On time,
PDX,SEA,2025-04-23,4,OO,129,-8,-18,On time,
SAT,LAX,2025-09-12,9,NK,1211,-5,-18,On time,
CMH,BOS,2025-05-23,5,YX,640,3,10,On time,
MEM,ATL,2025-07-07,7,DL,332,-14,-14,On time,
ATL,PDX,2025-10-30,10,DL,2172,-1,8,On time,
ORD,GRR,2025-04-20,4,YX,137,34,16,Delayed,
COS,PHX,2025-04-13,4,WN,551,-2,6,On time,
LGA,MEM,2025-04-20,4,YX,963,6,9,On time,
IAH,LAS,2025-10-09,10,UA,1222,-9,-14,On time,
SFO,SLC,2025-09-21,9,F9,599,-11,-25,On time,
DEN,ATL,2025-12-23,12,DL,1199,-1,-15,On time,
SEA,MCO,2025-06-28,6,AS,2554,3,-4,On time,
SMF,SEA,2025-06-25,6,OO,605,22,3,On time,
PIT,PHL,2025-05-15,5,F9,268,-8,6,On time,
PHL,MCO,2025-04-10,4,WN,861,-2,-2,On time,
GRB,MSP,2025-03-25,3,OO,252,-7,-17,On time,
DEN,SLC,2025-02-03,2,WN,391,-3,-10,On time,
GEG,SAN,2025-09-17,9,AS,1027,-11,-25,On time,
DAL,PHX,2025-12-02,12,WN,879,28,35,Delayed,
JFK,SLC,2025-12-22,12,DL,1990,3,12,On time,
BOS,ORD,2025-11-22,11,YX,867,-6,-37,On time,
MIA,CLT,2025-10-23,10,NK,650,6,1,On time,
MIA,GNV,2025-04-24,4,MQ,294,11,5,On time,
TYS,MDW,2025-11-30,11,G4,459,-6,11,On time,
BWI,CLT,2025-03-05,3,AA,361,-3,-17,On time,
ORD,SCE,2025-03-14,3,OO,528,-5,-12,On time,
MIA,BUF,2025-03-22,3,YX,1185,-6,-29,On time,
LAX,DTW,2025-12-11,12,DL,1979,4,30,Delayed,
BZN,SLC,2025-03-09,3,DL,347,-6,-20,On time,
ORD,TPA,2025-04-18,4,UA,1012,-4,-10,On time,
LAS,OAK,2025-09-09,9,WN,407,-4,-15,On time,
PIT,DTW,2025-01-02,1,YX,201,8,17,Delayed,
AUS,MEM,2025-12-13,12,OO,559,-5,-11,On time,
SMF,HOU,2025-10-17,10,WN,1624,4,6,On time,
SEA,ANC,2025-05-18,5,AS,1448,222,236,Delayed,
LAX,DTW,2025-03-18,3,DL,1979,-5,-5,On time,
CMH,MCO,2025-08-22,8,NK,802,-4,-12,On time,
LAN,DTW,2025-10-03,10,OO,74,-14,-21,On time,
HOU,AUS,2025-02-21,2,WN,148,-5,-17,On time,
IND,ORD,2025-12-22,12,YX,177,-6,-25,On time,
ORD,BDL,2025-06-09,6,UA,783,-6,-11,On time,
SEA,LAX,2025-09-20,9,DL,954,-9,-10,On time,
DFW,FSM,2025-07-26,7,MQ,227,5,-2,On time,
PGD,USA,2025-02-12,2,G4,588,-14,-29,On time,
AUS,SEA,2025-07-24,7,DL,1770,34,20,Delayed,
SFO,PHX,2025-03-21,3,UA,651,-7,2,On time,
SNA,OAK,2025-01-03,1,NK,371,33,30,Delayed,
CMH,SFO,2025-08-19,8,UA,2120,7,8,On time,
IND,ORD,2025-01-31,1,YX,177,-6,-3,On time,
IAH,HNL,2025-02-11,2,UA,3904,95,71,Delayed,
DEN,JFK,2025-05-21,5,B6,1626,56,66,Delayed,
DSM,DCA,2025-09-07,9,YX,897,22,30,Delayed,
OAK,LAS,2025-02-21,2,NK,407,-10,-16,On time,
SFO,ASE,2025-06-15,6,OO,848,-1,-17,On time,
SLC,OGG,2025-03-20,3,DL,2935,-1,5,On time,
FSM,DFW,2025-09-04,9,MQ,227,-7,-9,On time,
MSY,EWR,2025-11-18,11,UA,1167,5,-8,On time,
DEN,AUS,2025-01-21,1,WN,775,14,3,On time,
ELP,PHX,2025-08-15,8,WN,347,18,7,On time,
ORD,PIT,2025-02-23,2,UA,413,-6,-15,On time,
SFO,PHX,2025-04-21,4,AA,651,-4,-8,On time,
MSP,ORD,2025-10-18,10,DL,334,-2,6,On time,
DAB,CLT,2025-01-15,1,OH,416,-9,-19,On time,
LAX,DAL,2025-05-26,5,WN,1246,145,136,Delayed,
SAN,HNL,2025-12-31,12,HA,2614,0,-7,On time,
CMH,HOU,2025-11-14,11,WN,1000,-5,-33,On time,
ALB,ORD,2025-08-11,8,MQ,723,-6,21,Delayed,
CLE,MIA,2025-09-06,9,AA,1080,-8,-12,On time,
MCO,STL,2025-12-03,12,F9,882,-9,-26,On time,
LAX,HNL,2025-04-02,4,WN,2556,1,-18,On time,
DCA,MIA,2025-09-30,9,AA,919,-6,11,On time,
ORF,DFW,2025-09-09,9,AA,1212,-12,-14,On time,
HOU,LAX,2025-12-30,12,WN,1390,10,1,On time,
ICT,ORD,2025-01-20,1,MQ,588,-5,41,Delayed,
LAX,LIH,2025-01-29,1,DL,2615,300,285,Delayed,
ATL,LGA,2025-07-17,7,DL,762,8,-3,On time,
LAX,JFK,2025-08-19,8,B6,2475,-9,-39,On time,
ORD,MIA,2025-10-23,10,AA,1197,27,1,On time,
ORD,DFW,2025-10-01,10,UA,802,-10,-28,On time,
HNL,OGG,2025-05-18,5,WN,100,28,17,Delayed,
SFB,LEX,2025-08-02,8,G4,667,-15,-24,On time,
MSP,SAT,2025-06-22,6,DL,1097,-5,-10,On time,
EWR,ATL,2025-11-01,11,DL,746,2,6,On time,
MCO,EWR,2025-02-09,2,UA,937,-7,-17,On time,
DAL,DEN,2025-05-20,5,WN,651,34,22,Delayed,
MCO,ORD,2025-05-06,5,WN,1005,-3,-13,On time,
AZO,ORD,2025-07-08,7,MQ,122,33,11,On time,
DCA,TPA,2025-03-27,3,AA,814,-9,-41,On time,
IAH,LAX,2025-08-10,8,NK,1379,-7,-23,On time,
ELP,MDW,2025-04-08,4,WN,1237,-5,-20,On time,
MIA,SJU,2025-05-02,5,AA,1045,-2,-13,On time,
DFW,DTW,2025-07-16,7,NK,986,10,-9,On time,
CMH,CLT,2025-10-01,10,AA,347,-6,-23,On time,
PHX,JFK,2025-02-17,2,AA,2153,327,290,Delayed,
MIA,TLH,2025-03-05,3,MQ,402,49,41,Delayed,
CLE,BOS,2025-10-29,10,YX,563,36,35,Delayed,
BHM,DFW,2025-03-27,3,AA,597,185,171,Delayed,
DEN,BIS,2025-01-10,1,OO,516,-10,-5,On time,
IAD,AUS,2025-04-30,4,UA,1297,-5,-17,On time,
FLL,LGA,2025-01-26,1,B6,1076,2,-4,On time,
PIT,MCO,2025-12-14,12,WN,834,33,23,Delayed,
PWM,ATL,2025-10-11,10,DL,1027,38,18,Delayed,
SFO,DFW,2025-10-06,10,UA,1464,-2,-19,On time,
COS,DFW,2025-03-23,3,OO,592,-10,-19,On time,
CLT,MKE,2025-08-11,8,AA,651,7,33,Delayed,
LAX,CLT,2025-04-17,4,AA,2125,2,-4,On time,
BFL,DEN,2025-05-07,5,OO,845,1,9,On time,
BWI,MDW,2025-04-20,4,WN,611,-4,-14,On time,
CMH,DTW,2025-02-09,2,YX,155,9,-2,On time,
ATL,LAX,2025-05-11,5,DL,1947,42,9,On time,
RAP,DEN,2025-09-24,9,OO,301,-8,-12,On time,
LAS,IND,2025-04-23,4,NK,1590,-10,-10,On time,
EWR,CLT,2025-08-10,8,NK,529,-6,-23,On time,
CLT,CAK,2025-05-14,5,OH,394,-6,-8,On time,
SAT,ATL,2025-09-25,9,DL,874,7,-2,On time,
BUR,SFO,2025-08-11,8,OO,326,30,19,Delayed,
SLC,MCO,2025-02-17,2,DL,1931,13,-3,On time,
SLC,JFK,2025-09-26,9,DL,1990,-10,-31,On time,
BOS,DCA,2025-01-02,1,B6,399,30,28,Delayed,
DAL,IND,2025-06-11,6,WN,755,102,144,Delayed,
EWR,DTW,2025-09-06,9,NK,488,-9,-1,On time,
SAV,DFW,2025-04-04,4,AA,925,-5,-18,On time,
HPN,PBI,2025-06-09,6,B6,1056,7,-10,On time,
CMH,DCA,2025-12-22,12,WN,323,37,23,Delayed,
PGD,LCK,2025-04-05,4,G4,890,155,155,Delayed,
DEN,DRO,2025-10-26,10,OO,251,-2,-11,On time,
ONT,DEN,2025-11-09,11,UA,819,-8,3,On time,
ORD,DEN,2025-03-21,3,WN,888,-3,-18,On time,
DFW,EYW,2025-12-20,12,AA,1089,-6,-28,On time,
IAH,LAX,2025-09-29,9,OO,1379,-11,-20,On time,
PHX,DCA,2025-09-29,9,AA,1979,-8,-11,On time,
DFW,RDU,2025-05-08,5,AA,1061,-3,-20,On time,
MSY,DTW,2025-05-09,5,DL,926,25,18,Delayed,
BOS,CLT,2025-08-10,8,AA,728,-10,-18,On time,
PVD,DCA,2025-11-17,11,OH,356,-2,-20,On time,
RDM,LAX,2025-08-30,8,OO,726,-3,-4,On time,
DCA,MSY,2025-10-03,10,WN,969,-9,-16,On time,
MSY,IAH,2025-12-17,12,UA,305,-10,-17,On time,
CLE,ORD,2025-06-13,6,UA,316,-4,10,On time,
ORD,MEM,2025-04-06,4,UA,491,25,22,Delayed,
FAT,LAS,2025-02-22,2,G4,259,117,105,Delayed,
JNU,SIT,2025-04-01,4,AS,95,-10,-12,On time,
PHX,DRO,2025-08-01,8,OO,352,28,4,On time,
PHX,PAE,2025-06-23,6,AS,1133,18,6,On time,
TPA,IAD,2025-07-06,7,F9,811,-4,-6,On time,
SAT,MCO,2025-07-14,7,NK,1041,-12,-12,On time,
OAK,DEN,2025-04-13,4,WN,957,1,-3,On time,
OAK,SAN,2025-08-16,8,WN,446,5,-1,On time,
SAT,PHX,2025-07-09,7,WN,843,16,4,On time,
ORF,DCA,2025-01-12,1,OH,142,35,14,On time,
DFW,RNO,2025-07-21,7,AA,1345,-4,-11,On time,
FLL,MKE,2025-11-25,11,WN,1243,-3,-12,On time,
RDU,CLT,2025-02-11,2,AA,130,-4,-5,On time,
ORD,PVD,2025-09-12,9,OO,849,-5,-26,On time,
LGA,ORD,2025-07-18,7,UA,733,-4,-6,On time,
PDX,SLC,2025-06-27,6,OO,630,-4,2,On time,
PHL,RDU,2025-03-19,3,F9,337,36,30,Delayed,
MEM,PHL,2025-12-24,12,OH,875,-10,-25,On time,
PIT,BWI,2025-01-21,1,WN,210,-7,-18,On time,
GSP,DFW,2025-12-08,12,OH,862,191,184,Delayed,
DTW,LGA,2025-06-19,6,NK,502,-5,-10,On time,
CLT,STL,2025-08-02,8,AA,575,-4,-10,On time,
MSP,MCO,2025-11-11,11,DL,1310,-10,-31,On time,
MIA,SAV,2025-12-27,12,MQ,440,-4,-10,On time,
IAH,IAD,2025-07-18,7,UA,1190,-7,-17,On time,
ORD,SLC,2025-07-19,7,DL,1250,-8,28,Delayed,
BOS,ATL,2025-05-24,5,DL,946,-6,-31,On time,
MCO,LGA,2025-11-16,11,DL,950,18,24,Delayed,
BNA,RDU,2025-12-13,12,WN,442,15,3,On time,
ORD,IND,2025-09-22,9,UA,177,61,49,Delayed,
EUG,DEN,2025-06-16,6,UA,996,14,1,On time,
YUM,PHX,2025-04-10,4,OO,160,-14,1,On time,
DFW,GJT,2025-10-19,10,MQ,772,-1,22,Delayed,
ORF,FLL,2025-06-16,6,NK,781,-12,-40,On time,
SEA,ATL,2025-10-13,10,DL,2182,-6,4,On time,
HNL,SLC,2025-03-09,3,DL,2994,47,63,Delayed,
MGW,IAD,2025-10-16,10,OO,140,-12,-27,On time,
TPA,DTW,2025-12-07,12,DL,983,21,6,On time,
MSY,DCA,2025-09-15,9,YX,969,-8,-15,On time,
RAP,ORD,2025-07-12,7,UA,780,18,9,On time,
DEN,LAS,2025-12-08,12,F9,628,-10,-32,On time,
PDX,SMF,2025-06-05,6,OO,479,-8,-14,On time,
MSY,SEA,2025-07-26,7,AS,2086,103,87,Delayed,
TPA,SDF,2025-05-12,5,NK,727,-5,-21,On time,
STL,MKE,2025-05-28,5,WN,317,-4,-15,On time,
LAS,ORD,2025-07-28,7,UA,1514,-3,2,On time,
CLT,MCO,2025-11-06,11,F9,468,-3,-15,On time,
PWM,DEN,2025-06-04,6,UA,1782,-10,-22,On time,
CLE,IAD,2025-10-15,10,UA,287,-8,-10,On time,
MCI,PHX,2025-01-13,1,WN,1044,-1,-19,On time,
STL,LAS,2025-12-02,12,WN,1371,29,19,Delayed,
LAX,IAD,2025-11-09,11,UA,2288,-4,-3,On time,
RSW,PHL,2025-11-10,11,AA,993,29,0,On time,
LGA,ATL,2025-06-11,6,DL,762,-6,-31,On time,
ABQ,DEN,2025-05-26,5,UA,349,264,265,Delayed,
EWR,IAH,2025-11-29,11,UA,1400,1,-6,On time,
BWI,CLE,2025-12-15,12,WN,314,6,-1,On time,
SFO,IAD,2025-09-22,9,UA,2418,-9,-8,On time,
LGA,BOS,2025-11-30,11,YX,184,-5,-27,On time,
BUR,SJC,2025-10-12,10,WN,296,60,50,Delayed,
MIA,BWI,2025-12-29,12,WN,946,59,68,Delayed,
PHL,CMH,2025-02-20,2,YX,406,-5,13,On time,
SAN,SFO,2025-01-10,1,OO,447,-10,-11,On time,
MCO,CLT,2025-07-28,7,AA,468,-8,-26,On time,
MKE,BNA,2025-03-13,3,WN,475,-6,-19,On time,
DEN,BHM,2025-12-02,12,WN,1083,2,-7,On time,
CLT,SRQ,2025-04-22,4,AA,547,-5,3,On time,
CMH,ATL,2025-02-27,2,WN,447,-2,-27,On time,
EWR,MCO,2025-06-27,6,NK,937,0,18,Delayed,
BOS,JFK,2025-10-17,10,YX,187,4,-24,On time,
LAX,PHX,2025-02-03,2,OO,370,40,36,Delayed,
FAI,SEA,2025-12-25,12,AS,1533,-9,-13,On time,
DEN,SNA,2025-10-13,10,WN,846,40,42,Delayed,
CLT,HPN,2025-07-20,7,OH,564,-5,-15,On time,
RIC,ATL,2025-10-28,10,DL,481,1,32,Delayed,
LAX,BOS,2025-05-18,5,B6,2611,-2,-35,On time,
RNO,AUS,2025-05-08,5,WN,1405,-2,-14,On time,
SEA,HNL,2025-05-28,5,HA,2677,30,38,Delayed,
HOU,BWI,2025-10-23,10,WN,1246,84,74,Delayed,
EWR,PHX,2025-01-23,1,UA,2133,24,16,Delayed,
RNO,DEN,2025-06-09,6,WN,804,2,-8,On time,
PHX,SMF,2025-06-11,6,WN,647,66,69,Delayed,
CVG,BOS,2025-06-15,6,YX,752,-5,-14,On time,
ATL,BTR,2025-11-06,11,DL,448,-7,-2,On time,
LGA,TYS,2025-10-19,10,YX,647,-11,6,On time,
SFO,SLC,2025-05-09,5,DL,599,38,18,Delayed,
DEN,BWI,2025-05-09,5,WN,1491,21,25,Delayed,
BNA,DTW,2025-06-08,6,DL,456,1,0,On time,
CVG,EWR,2025-06-23,6,YX,569,-6,-15,On time,
HNL,SEA,2025-09-22,9,AS,2677,-6,-6,On time,
PHL,BOS,2025-03-23,3,B6,280,-1,-3,On time,
ORD,DFW,2025-09-18,9,F9,802,441,416,Delayed,
DCA,MSY,2025-08-19,8,WN,969,-4,-26,On time,
DTW,MKE,2025-10-24,10,OO,237,76,60,Delayed,
ROC,ATL,2025-06-05,6,DL,749,-7,-9,On time,
PIT,ATL,2025-09-25,9,DL,526,-2,-11,On time,
DTW,SDF,2025-06-01,6,YX,306,-1,-5,On time,
MIA,MCO,2025-08-30,8,AA,192,-4,-3,On time,
LGA,CHO,2025-11-30,11,YX,305,-6,-13,On time,
DEN,BWI,2025-04-10,4,WN,1491,3,1,On time,
IAD,ORD,2025-05-18,5,UA,588,-3,-10,On time,
FLL,CLT,2025-12-17,12,AA,632,-1,-11,On time,
PHX,MIA,2025-05-20,5,AA,1972,10,-12,On time,
BNA,BOS,2025-12-26,12,YX,942,-6,-24,On time,
MSP,MEM,2025-04-22,4,OO,700,-1,2,On time,
BOS,TPA,2025-02-09,2,NK,1185,98,83,Delayed,
SFO,DFW,2025-07-11,7,AA,1464,219,223,Delayed,
AUS,ONT,2025-05-20,5,WN,1196,32,28,Delayed,
SEA,LAS,2025-05-01,5,F9,867,0,-7,On time,
SMF,HOU,2025-11-11,11,WN,1624,1,-4,On time,
LGA,FLL,2025-11-23,11,B6,1076,4,12,On time,
BHM,DFW,2025-10-26,10,MQ,597,-5,23,Delayed,
OAK,BLI,2025-11-21,11,G4,764,1,8,On time,
MSN,LGA,2025-02-03,2,YX,812,-3,-19,On time,
EWR,PHX,2025-07-23,7,AA,2133,-9,-37,On time,
FLL,MSP,2025-05-17,5,DL,1487,-9,-12,On time,
SLC,OMA,2025-10-20,10,OO,840,-6,-31,On time,
ORD,DSM,2025-05-07,5,UA,299,-5,-18,On time,
MSP,PDX,2025-09-25,9,DL,1426,-2,-13,On time,
MSY,ORD,2025-11-20,11,MQ,837,-3,-25,On time,
DEN,COS,2025-02-22,2,OO,73,-6,-16,On time,
IAD,SAN,2025-07-26,7,UA,2253,-5,13,On time,
BNA,SAV,2025-03-09,3,WN,417,10,3,On time,
ORF,ATL,2025-07-29,7,DL,516,-6,-6,On time,
CVG,ATL,2025-04-25,4,DL,373,-9,-18,On time,
DEN,SNA,2025-08-08,8,F9,846,-3,5,On time,
MCO,PHL,2025-02-04,2,AA,861,-10,-26,On time,
ELP,IAH,2025-03-06,3,OO,667,1472,1472,Delayed,
ATL,TPA,2025-12-04,12,DL,406,-3,-10,On time,
CLT,LGA,2025-04-08,4,AA,544,-5,-5,On time,
HRL,DFW,2025-03-04,3,MQ,461,17,58,Delayed,
BWI,BOS,2025-08-14,8,YX,369,-2,-8,On time,
DRO,DEN,2025-06-14,6,OO,251,-3,6,On time,
LAX,ATL,2025-04-04,4,DL,1947,-1,-6,On time,
PIA,ORD,2025-12-04,12,MQ,130,14,22,Delayed,
DFW,FSM,2025-05-07,5,MQ,227,-2,-1,On time,
MSP,EWR,2025-07-08,7,DL,1008,178,211,Delayed,
LWS,SEA,2025-05-07,5,OO,261,-9,-6,On time,
GEG,SEA,2025-09-04,9,AS,224,-7,-5,On time,
ORD,BOS,2025-11-20,11,UA,867,-8,6,On time,
LAX,DEN,2025-12-06,12,DL,862,-19,-29,On time,
XNA,IAH,2025-03-24,3,OO,438,-8,-8,On time,
DEN,BZN,2025-02-18,2,WN,524,54,74,Delayed,
PHX,CLE,2025-04-23,4,F9,1737,-2,-15,On time,
MIA,SJU,2025-02-19,2,AA,1045,25,33,Delayed,
LAX,JFK,2025-10-27,10,B6,2475,-8,-16,On time,
DTW,MKE,2025-04-22,4,OO,237,-3,1,On time,
CHS,DEN,2025-08-17,8,WN,1449,-1,-9,On time,
ORD,JLN,2025-03-29,3,OO,484,22,1,On time,
MEM,ATL,2025-11-30,11,DL,332,69,62,Delayed,
DEN,DFW,2025-05-22,5,AA,641,14,15,Delayed,
GRR,MCO,2025-12-21,12,WN,1024,25,13,On time,
SDF,DFW,2025-07-21,7,AA,733,-9,-4,On time,
MCO,ORD,2025-03-30,3,UA,1005,76,182,Delayed,
MIA,TYS,2025-12-21,12,MQ,724,-3,-6,On time,
GJT,PHX,2025-02-15,2,OO,438,-7,-36,On time,
MCO,SAT,2025-04-10,4,WN,1041,104,93,Delayed,
EUG,DEN,2025-06-23,6,UA,996,-3,-18,On time,
SFO,ORD,2025-08-05,8,UA,1846,-8,-20,On time,
DEN,RSW,2025-05-27,5,UA,1607,48,33,Delayed,
DFW,IAH,2025-12-09,12,UA,224,-9,-23,On time,
ATL,MIA,2025-08-06,8,DL,594,-9,-10,On time,
DFW,MFE,2025-06-10,6,MQ,469,-1,68,Delayed,
ORD,DFW,2025-11-18,11,AA,802,-9,-15,On time,
ATL,RSW,2025-08-03,8,DL,515,26,21,Delayed,
HNL,PDX,2025-07-07,7,HA,2603,14,16,Delayed,
ECP,ATL,2025-11-30,11,DL,240,16,14,On time,
DEN,ONT,2025-09-03,9,UA,819,-8,-9,On time,
SEA,STL,2025-01-29,1,AS,1709,49,68,Delayed,
AUS,MDW,2025-09-17,9,WN,972,69,78,Delayed,
DCA,VPS,2025-04-05,4,AA,789,-7,-11,On time,
SLC,DTW,2025-05-25,5,DL,1481,-4,-25,On time,
MSP,ORD,2025-04-22,4,MQ,334,0,0,On time,
SLC,DTW,2025-05-20,5,DL,1481,-5,-14,On time,
CLT,LGA,2025-09-10,9,AA,544,-6,-7,On time,
KTN,JNU,2025-10-28,10,AS,234,-24,-32,On time,
PNS,DEN,2025-06-23,6,WN,1179,-2,-36,On time,
LAX,PRC,2025-01-26,1,OO,346,-2,-13,On time,
BWI,CHS,2025-08-06,8,WN,472,1,5,On time,
SRQ,BWI,2025-05-11,5,WN,880,2,-14,On time,
RIC,BOS,2025-05-18,5,YX,474,-4,-19,On time,
ORD,SBN,2025-10-10,10,OO,84,3,-1,On time,
EWR,BOS,2025-09-21,9,YX,200,-8,-22,On time,
IAH,MCO,2025-03-09,3,F9,854,37,33,Delayed,
MCO,IAH,2025-07-28,7,UA,854,7,-12,On time,
SLC,MFR,2025-12-31,12,OO,575,0,-14,On time,
LGB,SMF,2025-06-20,6,WN,387,-6,-15,On time,
ORD,BOS,2025-04-26,4,B6,867,-10,-27,On time,
DCA,STL,2025-01-11,1,WN,719,-9,-20,On time,
EWR,RIC,2025-08-12,8,YX,277,-5,-22,On time,
TPA,CLT,2025-01-09,1,AA,507,-12,-14,On time,
DCA,PIT,2025-02-10,2,YX,204,-5,-28,On time,
CLT,ATL,2025-09-27,9,OH,226,0,-19,On time,
ATL,MKE,2025-01-06,1,DL,669,-5,-20,On time,
LIH,SEA,2025-09-13,9,AS,2700,-14,8,On time,
OMA,DEN,2025-05-31,5,UA,472,2,3,On time,
LAS,HOU,2025-10-03,10,WN,1235,-5,-9,On time,
EUG,DEN,2025-09-28,9,WN,996,5,9,On time,
ORD,FNT,2025-10-02,10,OO,223,-10,-37,On time,
PHX,MCI,2025-04-02,4,AA,1044,-7,-23,On time,
PHL,BNA,2025-02-22,2,WN,675,49,30,Delayed,
RSW,LGA,2025-05-28,5,DL,1080,-8,-20,On time,
SJC,SNA,2025-12-28,12,WN,342,12,-2,On time,
JAN,DFW,2025-09-03,9,MQ,408,-6,-16,On time,
DFW,RSW,2025-02-09,2,AA,1017,-5,-19,On time,
MSP,MDW,2025-10-22,10,OO,349,-3,-12,On time,
HOU,SLC,2025-06-25,6,WN,1214,5,4,On time,
OMA,DEN,2025-08-26,8,UA,472,-4,-11,On time,
MSO,DEN,2025-02-26,2,UA,679,15,8,On time,
LGA,GSP,2025-11-21,11,YX,610,13,-13,On time,
LAX,DAL,2025-01-26,1,WN,1246,-2,-21,On time,
PHX,RDM,2025-06-22,6,MQ,893,12,10,On time,
CLE,ORD,2025-09-20,9,OO,316,5,-1,On time,
RDU,ATL,2025-10-09,10,DL,356,-4,-19,On time,
ASE,DEN,2025-12-28,12,OO,125,130,103,Delayed,
SJU,ATL,2025-07-05,7,DL,1547,-8,-19,On time,
MDT,DFW,2025-12-17,12,AA,1231,-3,-32,On time,
LFT,CLT,2025-03-17,3,OH,729,-10,-10,On time,
RDM,SEA,2025-06-04,6,OO,228,-4,7,On time,
SFO,ORD,2025-04-02,4,AS,1846,163,182,Delayed,
CHA,DCA,2025-08-20,8,OH,523,-11,-4,On time,
DCA,OMA,2025-01-09,1,YX,1012,-10,-28,On time,
SJU,JFK,2025-10-13,10,B6,1598,23,7,On time,
PIE,EVV,2025-08-24,8,G4,752,38,30,Delayed,
JNU,SEA,2025-11-19,11,AS,909,-8,2,On time,
PNS,MIA,2025-01-25,1,MQ,530,-8,16,Delayed,
DAL,LAS,2025-11-07,11,WN,1067,1,-9,On time,
SAN,MSP,2025-11-15,11,DL,1532,-3,-20,On time,
FAT,LAS,2025-05-21,5,WN,259,-1,-12,On time,
RDU,BOS,2025-01-23,1,B6,612,-9,-23,On time,
DFW,MSY,2025-07-08,7,AA,448,-5,-6,On time,
CID,ORD,2025-06-01,6,MQ,196,-6,-7,On time,
MCO,MSP,2025-06-04,6,DL,1310,-8,-27,On time,
ECP,DAL,2025-07-12,7,WN,674,-4,-12,On time,
ORD,PHX,2025-12-06,12,AA,1440,32,11,On time,
DTW,MIA,2025-02-22,2,NK,1145,-4,-16,On time,
SLC,LAX,2025-09-25,9,WN,590,16,4,On time,
HOU,DAL,2025-04-04,4,WN,239,17,25,Delayed,
BOS,MIA,2025-06-02,6,DL,1258,35,85,Delayed,
DEN,SEA,2025-06-12,6,UA,1024,48,49,Delayed,
ATL,DTW,2025-11-17,11,DL,594,-4,-5,On time,
LAS,DCA,2025-08-20,8,WN,2089,2,3,On time,
STL,DEN,2025-06-11,6,WN,770,-4,-15,On time,
SLC,DFW,2025-11-03,11,DL,989,-6,-17,On time,
BOS,LAS,2025-03-25,3,B6,2381,-3,-24,On time,
BWI,SDF,2025-09-16,9,WN,495,3,-15,On time,
ORD,LAX,2025-01-03,1,NK,1744,3,-14,On time,
SAT,HOU,2025-09-28,9,WN,192,0,-6,On time,
ATL,ORD,2025-10-02,10,AA,606,-8,52,Delayed,
CLT,ECP,2025-11-11,11,OH,437,-3,-36,On time,
DEN,BWI,2025-10-09,10,UA,1491,-4,-14,On time,
EVV,ORD,2025-08-24,8,MQ,272,3,9,On time,
SLC,LAS,2025-04-22,4,DL,368,-4,12,On time,
LAX,TUS,2025-09-14,9,OO,451,-9,-13,On time,
LGA,MDW,2025-01-14,1,WN,725,-3,7,On time,
ROC,MCO,2025-04-24,4,NK,1033,-4,-26,On time,
FLL,BOS,2025-10-01,10,B6,1237,-3,-21,On time,
DCA,BNA,2025-09-17,9,YX,562,0,-14,On time,
DTW,MSP,2025-03-21,3,DL,528,-3,10,On time,
MCO,BOS,2025-11-28,11,B6,1121,182,176,Delayed,
MRY,PHX,2025-04-19,4,OO,598,-3,-7,On time,
DEN,CMH,2025-10-19,10,WN,1154,1,1,On time,
PHX,SAN,2025-03-31,3,WN,304,25,80,Delayed,
AUS,JAX,2025-07-09,7,OO,953,-9,6,On time,
IAH,DEN,2025-11-03,11,UA,861,-8,-17,On time,
PHL,PBI,2025-10-17,10,AA,951,-7,-34,On time,
BOS,TPA,2025-06-28,6,B6,1185,17,8,On time,
MOB,DFW,2025-09-04,9,OH,539,-6,-3,On time,
AUS,MCO,2025-05-28,5,WN,994,-1,-5,On time,
CID,DCA,2025-10-27,10,MQ,801,-1,-16,On time,
SFO,BOS,2025-03-24,3,UA,2704,-4,-8,On time,
LAX,ABQ,2025-05-18,5,OO,677,3,-2,On time,
BUF,PHX,2025-01-14,1,WN,1912,-11,-42,On time,
SAN,MRY,2025-01-29,1,OO,375,-4,1,On time,
PDX,SEA,2025-01-23,1,AS,129,-9,10,On time,
CLT,CLE,2025-01-23,1,AA,430,-7,-12,On time,
PHX,EWR,2025-08-04,8,UA,2133,-8,-19,On time,
SAT,CLT,2025-01-19,1,AA,1095,-7,-29,On time,
MSP,ATL,2025-09-10,9,DL,907,-2,-31,On time,
PDX,PHX,2025-03-07,3,AA,1009,-4,-1,On time,
CID,ATL,2025-10-20,10,DL,694,-5,-18,On time,
SGF,DFW,2025-09-30,9,MQ,364,-2,-6,On time,
SLC,AUS,2025-07-10,7,DL,1086,3,35,Delayed,
ELP,DFW,2025-10-26,10,MQ,551,2,3,On time,
DFW,PVU,2025-11-03,11,OO,958,25,9,On time,
MCO,JFK,2025-12-13,12,B6,944,-3,-7,On time,
GSP,CLT,2025-05-30,5,OH,75,-2,2,On time,
LAS,MAF,2025-05-01,5,WN,795,37,22,Delayed,
ORF,DCA,2025-06-18,6,OH,142,-2,11,On time,
RDU,DCA,2025-04-11,4,YX,227,23,4,On time,
BWI,AUS,2025-01-12,1,WN,1342,-5,-9,On time,
ORD,RAP,2025-11-24,11,OO,780,-7,-18,On time,
OGG,HNL,2025-04-02,4,HA,100,-5,33,Delayed,
ORD,JFK,2025-10-22,10,F9,740,150,147,Delayed,
RSW,DFW,2025-04-01,4,AA,1017,85,76,Delayed,
ATL,PHX,2025-02-15,2,AA,1587,26,23,Delayed,
CLE,STL,2025-02-18,2,WN,487,27,42,Delayed,
MEM,DEN,2025-11-11,11,UA,872,-5,-11,On time,
DAL,SAT,2025-08-15,8,WN,247,-8,-17,On time,
PHX,EWR,2025-07-07,7,AA,2133,102,77,Delayed,
SAT,IAH,2025-02-06,2,UA,191,-9,-18,On time,
DTW,LAN,2025-01-18,1,OO,74,-3,-14,On time,
CAK,CLT,2025-06-22,6,OH,394,-13,-4,On time,
DEN,MOT,2025-11-04,11,OO,604,-10,-34,On time,
FLL,IAH,2025-12-17,12,UA,966,-9,-7,On time,
BOS,CLT,2025-03-30,3,AA,728,-8,-33,On time,
IAH,SEA,2025-08-10,8,AS,1874,-9,-24,On time,
ORD,DFW,2025-10-13,10,UA,802,0,-16,On time,
MDW,PHL,2025-09-09,9,WN,668,4,7,On time,
PHX,OMA,2025-04-20,4,WN,1037,-6,-13,On time,
ORD,ICT,2025-01-08,1,MQ,588,61,48,Delayed,
CLT,MCO,2025-09-11,9,AA,468,-5,-12,On time,
SMF,PHX,2025-12-14,12,WN,647,-5,-14,On time,
SFO,LAX,2025-06-02,6,OO,337,-8,-9,On time,
JFK,CMH,2025-10-29,10,YX,483,6,7,On time,
JNU,SEA,2025-08-26,8,AS,909,14,10,On time,
ORD,AUS,2025-12-22,12,AA,977,-7,-29,On time,
BOS,BNA,2025-08-05,8,YX,942,-4,-23,On time,
IAH,LAS,2025-05-06,5,UA,1222,6,37,Delayed,
ORD,BUF,2025-01-31,1,MQ,474,39,12,On time,
PVU,AZA,2025-12-01,12,G4,477,-7,-16,On time,
VPS,DAL,2025-08-24,8,WN,630,5,-1,On time,
LGA,ORD,2025-07-25,7,AA,733,-4,-30,On time,
ATL,BHM,2025-10-05,10,DL,134,-8,-7,On time,
DTW,FLL,2025-12-05,12,NK,1127,70,75,Delayed,
ONT,PHX,2025-11-14,11,AA,325,-15,-6,On time,
MSP,JFK,2025-02-01,2,OO,1029,-9,11,On time,
CLT,LIT,2025-01-09,1,OH,640,9,9,On time,
PHX,SMF,2025-11-21,11,OO,647,1,-8,On time,
DFW,DEN,2025-09-25,9,F9,641,1,-12,On time,
MIA,STX,2025-07-08,7,AA,1139,10,2,On time,
IAH,ORD,2025-09-30,9,UA,925,-7,-28,On time,
BOS,SEA,2025-03-02,3,AS,2496,-12,-37,On time,
OKC,DEN,2025-01-20,1,OO,495,-8,-3,On time,
ATL,BOS,2025-11-07,11,DL,946,-6,-11,On time,
HOU,JAX,2025-09-07,9,WN,815,-10,-25,On time,
ORD,SBN,2025-09-23,9,OO,84,7,12,On time,
SNA,DEN,2025-02-05,2,UA,846,-4,-9,On time,
ORD,PDX,2025-07-27,7,AA,1739,-2,-17,On time,
LAS,LIH,2025-11-14,11,WN,2817,-6,-40,On time,
MCO,SLC,2025-07-25,7,DL,1931,-6,-25,On time,
SDF,PHX,2025-11-19,11,WN,1506,-1,10,On time,
ATL,MEM,2025-09-01,9,DL,332,-2,-7,On time,
RDU,MCO,2025-09-17,9,DL,534,-12,-14,On time,
LAX,LAS,2025-04-21,4,WN,236,11,-3,On time,
LGA,MIA,2025-09-02,9,DL,1096,116,81,Delayed,
BHM,FLL,2025-05-08,5,NK,650,-6,-19,On time,
DTW,CLT,2025-03-18,3,AA,500,-10,-17,On time,
PHX,CLT,2025-06-04,6,AA,1773,75,70,Delayed,
BOS,ATL,2025-02-23,2,DL,946,-2,-20,On time,
HHH,CLT,2025-07-13,7,MQ,206,-5,-26,On time,
DCA,PBI,2025-02-04,2,AA,857,296,274,Delayed,
SFO,RDM,2025-10-17,10,UA,462,-2,-6,On time,
JFK,BUF,2025-12-13,12,B6,301,13,5,On time,
DTW,BWI,2025-08-08,8,DL,409,27,15,Delayed,
MSP,ORD,2025-06-02,6,DL,334,-8,-16,On time,
DEN,JFK,2025-09-17,9,DL,1626,-3,-15,On time,
HOU,BUR,2025-07-13,7,WN,1389,86,83,Delayed,
IND,DAL,2025-06-27,6,WN,755,-2,-16,On time,
CMH,PHL,2025-06-16,6,YX,406,-6,1,On time,
DEN,STL,2025-04-14,4,WN,770,-3,-18,On time,
CLT,FLL,2025-03-29,3,AA,632,-2,2,On time,
MCO,ROC,2025-01-24,1,WN,1033,8,-12,On time,
MCO,EWR,2025-03-18,3,B6,937,-12,-11,On time,
DEC,ORD,2025-12-03,12,OO,156,130,154,Delayed,
MIA,IND,2025-03-05,3,MQ,1020,12,-11,On time,
BWI,MCO,2025-04-09,4,WN,787,-5,-12,On time,
DAL,HOU,2025-11-04,11,WN,239,-5,-16,On time,
BOI,SMF,2025-02-20,2,WN,437,1,-8,On time,
AVP,CLT,2025-03-21,3,OH,509,-8,-27,On time,
MCI,SLC,2025-04-24,4,DL,920,-11,-19,On time,
AUS,SFO,2025-06-16,6,AS,1504,43,38,Delayed,
CLT,SBN,2025-06-16,6,OH,534,6,47,Delayed,
MSY,MIA,2025-05-13,5,AA,675,-15,-14,On time,
PHL,MSP,2025-04-20,4,DL,980,-12,-17,On time,
SGU,DFW,2025-11-11,11,OO,976,-4,-3,On time,
LGA,BOS,2025-10-07,10,YX,184,-9,27,Delayed,
ATL,SAN,2025-05-30,5,DL,1892,-5,3,On time,
PHX,DEN,2025-09-20,9,F9,602,-13,-19,On time,
EWR,RDU,2025-11-12,11,UA,416,-8,-12,On time,
RDU,FLL,2025-06-13,6,DL,680,12,14,On time,
ORD,CMH,2025-06-23,6,MQ,296,2,3,On time,
SAN,SJC,2025-10-28,10,WN,417,3,-5,On time,
ORD,IAD,2025-04-23,4,UA,588,54,58,Delayed,
LGA,MDW,2025-12-02,12,WN,725,44,64,Delayed,
ORD,ATL,2025-01-04,1,DL,606,4,-12,On time,
MCO,AUS,2025-03-09,3,F9,994,-2,12,On time,
SAT,CLT,2025-06-21,6,AA,1095,86,124,Delayed,
MCI,MSP,2025-08-31,8,DL,393,-3,0,On time,
LAS,DFW,2025-02-27,2,F9,1055,-12,-2,On time,
CLT,FLL,2025-10-22,10,AA,632,-4,-9,On time,
SNA,PHX,2025-05-06,5,AA,338,-6,-11,On time,
HNL,LIH,2025-08-14,8,HA,102,7,8,On time,
EWR,BOS,2025-08-05,8,UA,200,121,111,Delayed,
MCO,DFW,2025-02-11,2,AA,985,-1,-6,On time,
BET,ANC,2025-08-02,8,AS,399,25,8,On time,
ORD,FSD,2025-08-11,8,OO,462,77,88,Delayed,
ATL,FLL,2025-10-24,10,NK,581,36,30,Delayed,
BOS,CHS,2025-05-16,5,B6,818,124,121,Delayed,
ANC,PDX,2025-03-12,3,AS,1542,-8,-7,On time,
LGA,FLL,2025-04-07,4,DL,1076,-7,13,On time,
SAN,MCO,2025-06-03,6,AS,2149,-7,-19,On time,
ORD,ATW,2025-05-24,5,OO,160,2,-17,On time,
GRK,DFW,2025-04-14,4,OO,134,-9,-10,On time,
SMF,STL,2025-04-05,4,WN,1679,0,7,On time,
CLT,SGF,2025-08-09,8,OH,708,-7,-24,On time,
ATL,AUS,2025-05-18,5,DL,813,42,58,Delayed,
MCO,ORD,2025-12-19,12,UA,1005,-9,23,Delayed,
SLC,SGU,2025-04-28,4,OO,272,-9,-19,On time,
BUR,SJC,2025-05-19,5,WN,296,-9,-15,On time,
ORD,DEN,2025-07-06,7,WN,888,-1,-4,On time,
DEN,OKC,2025-04-17,4,WN,495,18,47,Delayed,
COS,PHX,2025-07-22,7,WN,551,32,21,Delayed,
TUS,LAS,2025-09-28,9,WN,364,-4,-19,On time,
DCA,EYW,2025-12-18,12,MQ,1023,20,27,Delayed,
DTW,AUS,2025-03-02,3,DL,1149,-10,-51,On time,
ATL,MDW,2025-01-07,1,WN,591,7,-2,On time,
LAX,MDW,2025-03-02,3,WN,1750,-5,-17,On time,
DCA,MIA,2025-02-08,2,AA,919,-5,-33,On time,
SRQ,CLT,2025-02-25,2,AA,547,-9,2,On time,
PHL,TPA,2025-10-17,10,F9,920,-7,-24,On time,
DEN,LAS,2025-05-30,5,UA,628,8,-5,On time,
DFW,BIL,2025-03-05,3,MQ,1081,-5,12,On time,
CLT,ORD,2025-06-04,6,AA,599,-2,-12,On time,
DEN,TUL,2025-11-26,11,WN,541,5,0,On time,
MDW,MCO,2025-05-04,5,WN,990,-1,24,Delayed,
JFK,ORD,2025-01-10,1,OO,740,43,34,Delayed,
EWR,DEN,2025-12-16,12,UA,1605,-6,-22,On time,
OAK,LAS,2025-04-10,4,WN,407,0,-8,On time,
ATL,ORD,2025-03-02,3,DL,606,-6,2,On time,
MDW,PHX,2025-04-06,4,WN,1444,3,-7,On time,
ATL,DFW,2025-10-11,10,AA,731,-5,-36,On time,
DFW,BRO,2025-03-26,3,OO,482,-6,7,On time,
SJC,PHX,2025-09-13,9,MQ,621,-3,-16,On time,
CLE,TPA,2025-08-07,8,F9,927,-11,-17,On time,
SLC,LGB,2025-01-30,1,DL,588,-5,-16,On time,
SAN,PHX,2025-09-03,9,WN,304,-5,-18,On time,
PDX,SLC,2025-04-15,4,OO,630,-10,29,Delayed,
KOA,HNL,2025-06-12,6,HA,163,-5,-10,On time,
KOA,SMF,2025-11-19,11,WN,2435,6,-3,On time,
DFW,DTW,2025-02-01,2,AA,986,-2,-21,On time,
DCA,AUS,2025-07-04,7,WN,1315,-6,-5,On time,
DEN,TUS,2025-03-04,3,OO,639,-3,-29,On time,
MEM,DFW,2025-12-23,12,AA,431,-5,-25,On time,
DEN,MSY,2025-11-12,11,WN,1062,-7,-22,On time,
IAH,EWR,2025-07-26,7,UA,1400,-2,-23,On time,
ORD,XNA,2025-06-07,6,MQ,522,-2,0,On time,
ORD,CMH,2025-12-20,12,MQ,296,-4,-17,On time,
ABQ,SAN,2025-10-06,10,WN,628,-7,-6,On time,
SLC,LAS,2025-04-10,4,WN,368,-3,-22,On time,
DTW,DFW,2025-05-02,5,DL,986,-5,65,Delayed,
DCA,HSV,2025-01-24,1,OH,613,80,160,Delayed,
DEN,TUS,2025-10-18,10,UA,639,-5,-24,On time,
CLT,GSP,2025-01-04,1,OH,75,-5,-10,On time,
DEN,RNO,2025-10-15,10,UA,804,-3,-11,On time,
HNL,LIH,2025-03-11,3,HA,102,-5,-2,On time,
PHL,MCO,2025-04-06,4,NK,861,10,-9,On time,
STL,BNA,2025-06-05,6,WN,272,-6,-15,On time,
TUS,DFW,2025-04-13,4,AA,813,-1,7,On time,
EWR,RDU,2025-06-01,6,YX,416,-3,-16,On time,
IAH,JAX,2025-02-17,2,UA,817,-8,-16,On time,
SMF,OGG,2025-08-04,8,HA,2403,0,-12,On time,
MCO,ORD,2025-05-06,5,NK,1005,8,-7,On time,
BWI,ALB,2025-06-04,6,WN,289,-2,-16,On time,
LAX,PDX,2025-11-24,11,OO,833,94,82,Delayed,
PHL,STL,2025-12-19,12,YX,814,-8,-25,On time,
MFR,SFO,2025-06-12,6,UA,329,-6,-15,On time,
PHX,SEA,2025-04-05,4,OO,1107,3,11,On time,
SHV,CLT,2025-11-23,11,OO,764,-9,-13,On time,
SLC,GEG,2025-09-12,9,OO,546,-7,0,On time,
CLE,JFK,2025-12-15,12,YX,425,64,48,Delayed,
EUG,SLC,2025-04-14,4,OO,618,-10,-8,On time,
RSW,ATL,2025-08-22,8,DL,515,-6,-12,On time,
PBI,PHL,2025-12-01,12,AA,951,-9,-27,On time,
AZA,BLI,2025-09-14,9,G4,1208,32,38,Delayed,
LAS,ATL,2025-07-09,7,WN,1747,35,19,Delayed,
PHX,HOU,2025-05-08,5,WN,1020,-2,-11,On time,
SAV,ORD,2025-06-05,6,YX,773,-2,-12,On time,
AUS,EWR,2025-09-09,9,UA,1504,-7,-28,On time,
ORF,PHL,2025-11-21,11,OH,212,-14,-22,On time,
ORD,MIA,2025-06-22,6,AA,1197,34,15,Delayed,
BRO,DFW,2025-05-11,5,MQ,482,-9,-7,On time,
MSP,LAS,2025-07-21,7,DL,1299,-2,-4,On time,
EWR,RSW,2025-05-12,5,B6,1068,-11,18,Delayed,
MFE,DFW,2025-02-17,2,AA,469,1,-6,On time,
DEN,SAN,2025-05-20,5,WN,853,-5,-16,On time,
SEA,PSC,2025-11-05,11,OO,172,-2,0,On time,
KOA,LAX,2025-01-02,1,HA,2504,-3,13,On time,
SLC,SEA,2025-07-04,7,DL,689,-10,-21,On time,
FLG,PHX,2025-04-24,4,OO,119,-9,-8,On time,
LAS,DFW,2025-05-15,5,AA,1055,-7,-32,On time,
HPN,DCA,2025-10-06,10,OH,234,-13,-24,On time,
SNA,DFW,2025-05-28,5,AA,1205,1,-9,On time,
ORD,MCI,2025-04-29,4,MQ,403,-4,7,On time,
LAX,HOU,2025-05-05,5,WN,1390,-8,-27,On time,
LAX,XNA,2025-05-21,5,OO,1371,-5,-10,On time,
DFW,ABQ,2025-10-16,10,AA,569,23,16,Delayed,
DEN,IAH,2025-11-10,11,UA,861,2,-22,On time,
FLL,STL,2025-01-11,1,WN,1057,-5,-17,On time,
MSP,TUS,2025-01-04,1,DL,1298,-6,15,Delayed,
DEN,LAX,2025-03-23,3,UA,862,-1,0,On time,
CLT,LEX,2025-03-28,3,OH,281,5,20,Delayed,
LGA,MSP,2025-06-11,6,YX,1020,-7,1,On time,
FCA,SLC,2025-09-17,9,OO,532,-10,-4,On time,
DCA,MDW,2025-12-20,12,WN,601,32,27,Delayed,
MCO,AUS,2025-12-18,12,WN,994,5,1,On time,
TUS,PHX,2025-08-24,8,OO,109,4,-3,On time,
TPA,JFK,2025-11-30,11,DL,1005,-4,-18,On time,
ORD,RDU,2025-06-18,6,MQ,646,-3,3,On time,
DTW,IND,2025-06-14,6,OO,231,-3,-15,On time,
DCA,LGA,2025-11-21,11,YX,214,-6,-8,On time,
FLL,BOS,2025-03-13,3,B6,1237,254,247,Delayed,
BOS,TPA,2025-02-05,2,B6,1185,-5,-25,On time,
DFW,LBB,2025-03-26,3,MQ,282,-3,-4,On time,
SAN,SLC,2025-08-09,8,WN,626,1,-8,On time,
MOT,MSP,2025-06-02,6,OO,449,-5,60,Delayed,
DFW,MLI,2025-11-25,11,MQ,691,18,20,Delayed,
SAN,ORD,2025-08-23,8,UA,1723,-8,-30,On time,
MIA,TPA,2025-09-18,9,AA,204,-7,-5,On time,
DAL,DCA,2025-09-26,9,WN,1184,1,-19,On time,
DAL,BHM,2025-09-04,9,WN,587,-7,-20,On time,
MCO,ATL,2025-07-08,7,DL,404,-4,-12,On time,
OKC,LAX,2025-12-05,12,OO,1187,85,62,Delayed,
SAN,BOS,2025-12-22,12,AS,2588,3,-36,On time,
PBI,BDL,2025-03-02,3,B6,1133,-3,2,On time,
CLT,DAB,2025-05-25,5,OH,416,-4,-12,On time,
ATL,DAY,2025-11-24,11,DL,432,-6,-12,On time,
FLL,PVD,2025-03-10,3,B6,1188,114,123,Delayed,
ATL,HDN,2025-01-06,1,DL,1340,-4,-15,On time,
SEA,OAK,2025-12-26,12,AS,672,0,-13,On time,
SEA,DFW,2025-05-15,5,AA,1660,1,-25,On time,
SAN,OGG,2025-10-22,10,AS,2540,13,-16,On time,
MCI,MDW,2025-10-17,10,WN,404,6,-2,On time,
FLL,DTW,2025-08-15,8,NK,1127,128,115,Delayed,
SEA,JFK,2025-04-09,4,DL,2422,0,-23,On time,
CMH,MCO,2025-03-29,3,WN,802,-1,-7,On time,
DEN,PIT,2025-04-15,4,UA,1290,-9,-12,On time,
MDT,CLT,2025-09-08,9,AA,413,-6,-22,On time,
PDX,ORD,2025-08-09,8,AS,1739,-8,7,On time,
MKE,ATL,2025-03-28,3,DL,669,-1,43,Delayed,
BOI,SFO,2025-04-09,4,OO,522,-14,22,Delayed,
DEN,SLC,2025-02-20,2,WN,391,19,5,On time,
PHL,MIA,2025-04-10,4,F9,1013,-6,-8,On time,
PHX,SNA,2025-10-17,10,WN,338,17,10,On time,
MSP,FLL,2025-11-13,11,DL,1487,-3,-28,On time,
LAS,BOS,2025-06-20,6,DL,2381,-1,-21,On time,
MSP,DEN,2025-05-20,5,DL,680,35,24,Delayed,
BOS,LGA,2025-02-07,2,B6,184,-8,-11,On time,
DEN,GCC,2025-10-09,10,OO,313,-11,-15,On time,
ATL,MSN,2025-12-15,12,DL,707,41,32,Delayed,
JFK,DCA,2025-11-24,11,YX,213,-3,-20,On time,
SRQ,ELM,2025-02-24,2,G4,1067,-12,-9,On time,
SLC,ORD,2025-02-20,2,OO,1250,-7,27,Delayed,
HOU,TUL,2025-04-17,4,WN,453,13,17,Delayed,
FLL,JFK,2025-04-11,4,DL,1069,-10,-39,On time,
DFW,LCH,2025-01-15,1,OO,295,-7,-20,On time,
BOS,BNA,2025-09-29,9,B6,942,0,-7,On time,
SFO,PHX,2025-07-05,7,AA,651,-8,-15,On time,
LAX,GEG,2025-12-23,12,OO,945,-7,-40,On time,
DAL,MDW,2025-03-25,3,WN,793,-4,18,Delayed,
OAK,SNA,2025-10-12,10,WN,371,11,-2,On time,
HOU,BNA,2025-08-28,8,WN,670,1,21,Delayed,
ATL,DAB,2025-08-27,8,DL,366,-4,-14,On time,
MDW,BOS,2025-03-29,3,WN,861,90,81,Delayed,
LAS,EWR,2025-01-17,1,UA,2227,0,-10,On time,
BWI,AUS,2025-03-30,3,WN,1342,55,43,Delayed,
DCA,MKE,2025-08-10,8,WN,634,-9,-10,On time,
DTW,MYR,2025-07-20,7,NK,636,-3,-5,On time,
MCO,PIT,2025-12-11,12,WN,834,-1,-10,On time,
DCA,MCO,2025-01-26,1,B6,759,1,9,On time,
LGA,BOS,2025-06-12,6,YX,184,-6,-29,On time,
CLT,DTW,2025-05-19,5,AA,500,-6,-15,On time,
BNA,RSW,2025-04-24,4,WN,722,20,6,On time,
ATL,MDW,2025-12-19,12,F9,591,-9,-17,On time,
FLL,BWI,2025-06-02,6,WN,925,-5,-12,On time,
EWR,AUS,2025-01-14,1,UA,1504,-9,14,On time,
ANC,MSP,2025-05-27,5,DL,2519,-12,-31,On time,
JFK,SFO,2025-05-26,5,AS,2586,6,3,On time,
SEA,EUG,2025-07-06,7,OO,234,-4,-17,On time,
TPA,IAH,2025-08-24,8,UA,787,-8,-21,On time,
PBI,AVL,2025-03-20,3,G4,620,40,33,Delayed,
AUS,SAN,2025-09-11,9,OO,1164,-8,-16,On time,
SNA,SFO,2025-09-22,9,OO,372,-6,-4,On time,
HNL,SFO,2025-12-18,12,UA,2398,2,-11,On time,
BWI,SDF,2025-09-22,9,WN,495,-2,-8,On time,
PHL,ATL,2025-08-10,8,AA,666,35,8,On time,
PHL,MSP,2025-05-04,5,DL,980,-3,-47,On time,
LAX,PDX,2025-06-20,6,DL,834,-6,7,On time,
MSP,BDL,2025-08-24,8,DL,1050,-5,-17,On time,
PHX,MSP,2025-08-02,8,DL,1276,-4,-24,On time,
IAH,SGF,2025-03-09,3,OO,513,-6,-17,On time,
OAK,HOU,2025-09-05,9,WN,1642,1,-3,On time,
ORD,RDU,2025-04-09,4,UA,646,70,52,Delayed,
LGB,SMF,2025-04-18,4,WN,387,10,11,On time,
DEN,CLT,2025-03-20,3,WN,1337,25,28,Delayed,
MEM,AUS,2025-08-18,8,OO,559,-13,-7,On time,
LBB,DEN,2025-05-20,5,OO,456,14,39,Delayed,
SFO,AUS,2025-09-04,9,UA,1504,31,13,On time,
CLT,BNA,2025-04-27,4,OH,328,-1,-6,On time,
SFO,PIT,2025-09-23,9,UA,2254,-9,17,Delayed,
DTW,APN,2025-07-31,7,OO,198,-3,-14,On time,
BWI,BHM,2025-01-01,1,WN,682,-3,14,On time,
BUR,PHX,2025-06-27,6,WN,369,-3,-12,On time,
DFW,PHL,2025-09-24,9,AA,1303,2,-4,On time,
DFW,CLT,2025-06-08,6,AA,936,1,-7,On time,
SEA,MCI,2025-02-12,2,DL,1489,42,23,Delayed,
LAS,SBA,2025-03-10,3,WN,289,10,0,On time,
DEN,DFW,2025-08-16,8,AA,641,33,16,Delayed,
TUL,PHX,2025-09-17,9,WN,935,-1,-6,On time,
MCO,BWI,2025-10-19,10,WN,787,12,27,Delayed,
PHX,SLC,2025-11-24,11,F9,507,-10,-16,On time,
FLL,RIC,2025-04-05,4,NK,805,8,2,On time,
SEA,LAX,2025-04-14,4,AS,954,-8,-13,On time,
DEN,HOU,2025-11-21,11,WN,883,-3,-16,On time,
HOU,LAS,2025-03-06,3,WN,1235,-4,-9,On time,
IAH,CLE,2025-06-22,6,UA,1091,4,9,On time,
CLE,RSW,2025-06-18,6,UA,1025,6,8,On time,
DEN,MTJ,2025-04-04,4,UA,196,0,-19,On time,
CLE,IAH,2025-03-08,3,UA,1091,-3,-6,On time,
ECP,STL,2025-06-11,6,WN,634,30,15,Delayed,
ATL,GSO,2025-02-05,2,DL,306,-10,-21,On time,
SJU,PHL,2025-08-31,8,NK,1576,-11,-21,On time,
CLT,BOS,2025-06-14,6,AA,728,3,-9,On time,
SAN,DEN,2025-09-04,9,UA,853,-3,-6,On time,
ALB,ORD,2025-08-01,8,UA,723,-9,36,Delayed,
LGA,ORD,2025-03-20,3,UA,733,-7,-49,On time,
PBI,BNA,2025-12-11,12,WN,757,46,51,Delayed,
SNA,LAS,2025-03-13,3,OO,226,242,267,Delayed,
MCO,SAN,2025-12-08,12,AS,2149,-3,4,On time,
DCA,HSV,2025-11-02,11,OH,613,-11,-1,On time,
OMA,MDW,2025-05-28,5,WN,423,-4,-19,On time,
MEM,MSP,2025-07-26,7,OO,700,-9,0,On time,
MCO,JFK,2025-11-28,11,B6,944,-4,-15,On time,
SMF,BOI,2025-08-21,8,WN,437,26,21,Delayed,
ATL,DEN,2025-01-11,1,UA,1199,-4,-10,On time,
TUS,DEN,2025-05-28,5,WN,639,116,116,Delayed,
MKE,LGA,2025-08-26,8,YX,738,-4,1,On time,
BNA,RDU,2025-06-23,6,WN,442,51,55,Delayed,
ATL,CLT,2025-06-01,6,AA,226,-5,-12,On time,
TPA,CLT,2025-08-24,8,AA,507,39,24,Delayed,
CLT,JAX,2025-03-20,3,AA,328,3,2,On time,
SAN,LAS,2025-10-21,10,OO,258,5,-11,On time,
ATL,ORD,2025-04-18,4,YX,606,-6,16,Delayed,
IAH,MCI,2025-09-28,9,UA,643,-3,-11,On time,
EWR,SFO,2025-07-03,7,UA,2565,109,162,Delayed,
DEN,OMA,2025-07-27,7,WN,472,-2,-15,On time,
ISP,PBI,2025-06-16,6,WN,1052,17,3,On time,
SAN,PHX,2025-11-18,11,OO,304,67,85,Delayed,
TPA,MIA,2025-07-06,7,AA,204,0,-2,On time,
MYR,EWR,2025-07-18,7,UA,550,-9,-35,On time,
CRW,CLT,2025-10-15,10,OH,221,31,11,On time,
ONT,SEA,2025-01-14,1,OO,956,-4,1,On time,
MSP,SFO,2025-08-05,8,DL,1589,9,2,On time,
PHX,GJT,2025-10-25,10,OO,438,0,-13,On time,
DFW,SFO,2025-02-11,2,AA,1464,-2,-18,On time,
PNS,BNA,2025-04-18,4,WN,391,-3,-10,On time,
FLL,MCO,2025-12-22,12,WN,177,10,0,On time,
RSW,ORD,2025-06-03,6,AA,1120,-7,14,On time,
JFK,DFW,2025-07-29,7,DL,1391,91,68,Delayed,
SLN,ORD,2025-04-11,4,OO,559,-10,-21,On time,
IAH,ATL,2025-12-18,12,F9,689,-3,-12,On time,
BOS,RDU,2025-03-09,3,DL,612,-10,2,On time,
SUN,SLC,2025-12-08,12,OO,222,-10,-31,On time,
LGA,STL,2025-04-04,4,WN,888,-6,-19,On time,
PGD,FSD,2025-03-16,3,G4,1415,-11,-31,On time,
PDX,LAS,2025-03-28,3,AS,763,23,17,Delayed,
SDF,CLT,2025-11-26,11,AA,335,-10,-28,On time,
SFO,DEN,2025-10-28,10,UA,967,26,11,On time,
MDW,PHX,2025-06-26,6,WN,1444,45,68,Delayed,
ANC,PDX,2025-11-06,11,AS,1542,-9,4,On time,
MSY,ATL,2025-08-03,8,NK,425,-5,18,Delayed,
MCO,RDU,2025-04-21,4,F9,534,160,149,Delayed,
DEN,SEA,2025-05-12,5,UA,1024,-4,-16,On time,
ATL,SEA,2025-01-06,1,DL,2182,-1,-33,On time,
IAD,SLC,2025-10-02,10,UA,1827,-3,-18,On time,
MSP,ATL,2025-04-01,4,DL,907,-4,10,On time,
JAX,AUS,2025-10-20,10,OO,953,23,8,On time,
FLL,BNA,2025-08-15,8,NK,793,-7,-19,On time,
EWR,IAH,2025-08-02,8,UA,1400,144,125,Delayed,
ATL,ROC,2025-04-05,4,DL,749,33,31,Delayed,
COS,DEN,2025-08-26,8,OO,73,11,-2,On time,
BDL,DCA,2025-02-13,2,YX,313,100,159,Delayed,
SAT,DFW,2025-11-15,11,AA,247,-7,-16,On time,
SAN,PDX,2025-05-28,5,AS,933,-1,-4,On time,
FLL,MCO,2025-06-12,6,WN,177,0,-17,On time,
CLT,ATL,2025-06-07,6,DL,226,-7,-10,On time,
JFK,SAN,2025-08-27,8,DL,2446,-9,-17,On time,
AVL,DEN,2025-06-07,6,G4,1248,0,-6,On time,
SFO,EWR,2025-09-02,9,UA,2565,13,2,On time,
LEX,DCA,2025-10-23,10,YX,414,-9,-18,On time,
ORD,MDT,2025-08-18,8,UA,594,327,345,Delayed,
JFK,STT,2025-06-06,6,DL,1623,-2,-28,On time,
ATL,ORD,2025-06-19,6,DL,606,-5,-9,On time,
SAT,DAL,2025-05-26,5,WN,247,194,184,Delayed,
MIA,ORD,2025-06-11,6,AA,1197,24,3,On time,
LGA,MCO,2025-08-15,8,B6,950,8,-1,On time,
CLE,ORD,2025-08-09,8,UA,316,-9,-19,On time,
AMA,DEN,2025-10-31,10,OO,359,-10,-14,On time,
AUS,ORD,2025-07-28,7,UA,977,-6,1,On time,
EWR,BTV,2025-10-16,10,YX,266,-7,-12,On time,
ORD,DTW,2025-05-11,5,OO,235,0,-8,On time,
SLC,LAX,2025-06-23,6,DL,590,0,4,On time,
ORD,PHL,2025-12-02,12,UA,678,1,-9,On time,
IND,DEN,2025-04-20,4,F9,977,23,15,Delayed,
ICT,ORD,2025-11-24,11,MQ,588,5,-8,On time,
BUF,BOS,2025-07-28,7,B6,395,12,5,On time,
DCA,MCI,2025-12-07,12,WN,949,-8,-8,On time,
GEG,LAS,2025-08-03,8,G4,806,42,46,Delayed,
DFW,BPT,2025-10-19,10,OO,270,509,506,Delayed,
MSP,SLC,2025-02-04,2,DL,991,2,-14,On time,
LAS,SFO,2025-08-20,8,UA,414,-3,-12,On time,
CLT,CAK,2025-03-04,3,OH,394,-5,-23,On time,
MCO,ATL,2025-12-23,12,DL,404,-9,7,On time,
OKC,DEN,2025-11-12,11,OO,495,-9,-35,On time,
BGR,PGD,2025-03-06,3,G4,1433,-27,0,On time,
CVG,CLT,2025-03-01,3,OH,335,108,103,Delayed,
FLL,LEX,2025-01-16,1,G4,865,63,72,Delayed,
DFW,RAP,2025-05-27,5,MQ,835,-4,9,On time,
BDL,CLT,2025-12-31,12,AA,644,-1,-9,On time,
COS,DEN,2025-10-02,10,OO,73,-10,-20,On time,
EWR,SDF,2025-12-19,12,YX,642,37,8,On time,
DFW,GNV,2025-08-17,8,MQ,900,10,2,On time,
IND,IAD,2025-11-09,11,YX,476,161,192,Delayed,
EWR,DEN,2025-08-23,8,UA,1605,83,74,Delayed,
ATL,STL,2025-12-13,12,WN,484,23,7,On time,
FLL,CMH,2025-08-07,8,WN,973,-6,3,On time,
SAN,IAD,2025-08-25,8,UA,2253,-6,-17,On time,
HNL,ITO,2025-07-10,7,WN,216,-4,-13,On time,
JFK,LAS,2025-04-25,4,B6,2248,-7,-26,On time,
IAD,LGA,2025-06-28,6,YX,229,-2,-27,On time,
LAS,MSP,2025-09-08,9,DL,1299,41,47,Delayed,
ONT,SMF,2025-04-10,4,WN,390,0,-17,On time,
RSW,EWR,2025-02-21,2,UA,1068,-3,-24,On time,
CLE,EWR,2025-04-29,4,YX,404,-3,-16,On time,
PHL,LGA,2025-05-15,5,YX,96,-5,28,Delayed,
GRR,VPS,2025-06-12,6,G4,857,-5,1,On time,
BWI,FLL,2025-02-10,2,WN,925,-3,-28,On time,
DFW,DTW,2025-07-24,7,DL,986,-9,-24,On time,
TPA,BDL,2025-04-26,4,WN,1111,-2,-12,On time,
SJC,AUS,2025-02-03,2,WN,1476,1,1,On time,
DFW,DTW,2025-07-05,7,DL,986,3,-13,On time,
FLL,LAX,2025-07-27,7,B6,2343,-13,-30,On time,
HPN,MIA,2025-03-13,3,MQ,1118,-8,-23,On time,
TPA,EWR,2025-02-22,2,UA,997,-3,-15,On time,
ATL,EWR,2025-05-22,5,UA,746,10,21,Delayed,
COU,DFW,2025-04-10,4,MQ,490,-7,-12,On time,
BOS,DTW,2025-05-13,5,DL,632,-7,-20,On time,
HNL,ITO,2025-01-05,1,HA,216,-3,-11,On time,
ORD,BOS,2025-04-13,4,UA,867,-7,-17,On time,
OAK,SLC,2025-08-11,8,OO,588,88,79,Delayed,
DFW,MCO,2025-04-12,4,NK,985,-1,-19,On time,
PIA,DFW,2025-03-24,3,MQ,672,-4,-33,On time,
FNT,PGD,2025-04-04,4,G4,1111,-2,-18,On time,
ATL,GSP,2025-12-14,12,DL,153,11,0,On time,
PHX,SFO,2025-03-18,3,OO,651,-6,-6,On time,
LGA,MSP,2025-12-19,12,DL,1020,14,0,On time,
PHL,SEA,2025-07-25,7,AS,2379,28,15,Delayed,
BOS,PHX,2025-01-18,1,AA,2300,1,-25,On time,
MCO,PVD,2025-07-21,7,B6,1072,-3,-24,On time,
SPS,DFW,2025-11-08,11,MQ,113,-5,-17,On time,
DCA,BOS,2025-12-17,12,YX,399,-1,-16,On time,
BNA,AUS,2025-02-05,2,OO,756,-8,-22,On time,
PSP,LAS,2025-05-08,5,WN,173,-5,-9,On time,
JFK,LAX,2025-05-04,5,B6,2475,-8,-49,On time,
ORD,MHK,2025-11-28,11,OO,501,-7,-1,On time,
RNO,LGB,2025-10-10,10,WN,402,131,143,Delayed,
TPA,BNA,2025-10-01,10,MQ,612,45,42,Delayed,
MCI,ORD,2025-08-28,8,OO,403,-6,-7,On time,
LAS,RNO,2025-05-16,5,WN,345,-3,-21,On time,
ORF,BWI,2025-12-29,12,WN,159,-2,-8,On time,
SAT,FLL,2025-03-11,3,NK,1145,10,-2,On time,
LAX,DFW,2025-07-19,7,NK,1235,-8,-13,On time,
CMH,CLT,2025-05-11,5,OH,347,7,-7,On time,
SAN,OAK,2025-04-19,4,WN,446,50,45,Delayed,
DSM,DEN,2025-11-14,11,WN,589,55,78,Delayed,
ROC,EWR,2025-06-26,6,YX,246,21,20,Delayed,
SAT,BNA,2025-05-08,5,WN,822,-6,-10,On time,
ORD,TUS,2025-12-31,12,MQ,1437,31,77,Delayed,
RDM,SFO,2025-10-03,10,OO,462,7,-10,On time,
SAT,MSP,2025-10-30,10,DL,1097,3,-6,On time,
RDU,MDW,2025-04-22,4,WN,632,-6,-23,On time,
DFW,TUL,2025-12-21,12,MQ,237,17,11,On time,
JFK,MIA,2025-11-04,11,AA,1089,-4,-9,On time,
DFW,PHL,2025-12-30,12,AA,1303,560,567,Delayed,
BUF,BWI,2025-05-14,5,WN,281,27,18,Delayed,
DFW,SAF,2025-10-17,10,OO,551,-9,-18,On time,
CLT,AUS,2025-12-16,12,AA,1032,-6,-10,On time,
ATL,MIA,2025-10-28,10,F9,594,-8,7,On time,
HOU,DFW,2025-04-16,4,MQ,247,-4,-18,On time,
AUS,MEM,2025-12-02,12,OO,559,205,192,Delayed,
RDU,MCO,2025-07-21,7,F9,534,-10,-15,On time,
ATL,EWR,2025-05-24,5,DL,746,67,79,Delayed,
AUS,MCO,2025-12-13,12,DL,994,0,-8,On time,
MSP,DEN,2025-09-23,9,UA,680,198,198,Delayed,
MCO,JFK,2025-08-27,8,DL,944,-7,-16,On time,
DFW,MFE,2025-09-25,9,OO,469,-9,-8,On time,
DCA,JFK,2025-08-26,8,B6,213,-12,-20,On time,
SFO,BOS,2025-09-17,9,DL,2704,21,28,Delayed,
STL,DEN,2025-04-25,4,WN,770,0,-5,On time,
ORD,FLL,2025-12-31,12,UA,1182,2,-12,On time,
PIT,RSW,2025-02-27,2,WN,966,4,-11,On time,
ATL,CLE,2025-06-23,6,DL,554,-5,-8,On time,
SFO,MRY,2025-07-07,7,OO,77,-2,-12,On time,
LGA,BUF,2025-04-01,4,YX,292,-6,-11,On time,
JFK,MCO,2025-04-15,4,B6,944,2,-12,On time,
DTW,STL,2025-06-16,6,DL,440,-5,-15,On time,
BZN,SEA,2025-07-27,7,OO,543,-2,-13,On time,
RSW,BOS,2025-05-06,5,B6,1249,73,57,Delayed,
ATL,LGA,2025-05-15,5,DL,762,41,63,Delayed,
HNL,LIH,2025-06-12,6,HA,102,4,4,On time,
MSO,MSP,2025-07-29,7,DL,1013,-13,-15,On time,
DTW,MCO,2025-05-29,5,DL,957,-1,-6,On time,
EWR,RDU,2025-03-26,3,UA,416,-2,-9,On time,
MIA,LAX,2025-11-25,11,AA,2342,-3,-13,On time,
DFW,MIA,2025-07-01,7,AA,1121,-1,-22,On time,
LAS,JFK,2025-12-13,12,B6,2248,12,17,Delayed,
DCA,BDL,2025-09-29,9,YX,313,-8,-11,On time,
LAX,PHX,2025-11-09,11,AA,370,-1,-1,On time,
SEA,BOI,2025-01-25,1,OO,399,-7,-18,On time,
DEN,MIA,2025-05-26,5,UA,1709,101,104,Delayed,
OGG,HNL,2025-02-25,2,HA,100,-3,1,On time,
ORD,GSO,2025-07-10,7,MQ,589,-4,-14,On time,
HOU,DAL,2025-05-16,5,WN,239,13,7,On time,
DTW,MSN,2025-09-04,9,OO,311,-10,-15,On time,
ASE,DFW,2025-02-02,2,OO,701,2,-13,On time,
PHX,SMF,2025-05-17,5,AA,647,2,-1,On time,
DEN,ABQ,2025-07-28,7,WN,349,42,32,Delayed,
MIA,IND,2025-09-08,9,MQ,1020,185,239,Delayed,
ORD,PHX,2025-08-07,8,UA,1440,1,2,On time,
SEA,GEG,2025-06-01,6,OO,224,-1,-10,On time,
MSY,SLC,2025-01-20,1,DL,1428,-10,-23,On time,
HSV,DFW,2025-09-26,9,MQ,603,-8,-28,On time,
MSY,STL,2025-02-16,2,WN,604,47,44,Delayed,
CVG,CLT,2025-09-25,9,AA,335,2,4,On time,
ORD,RST,2025-11-13,11,OO,268,79,65,Delayed,
STL,BOS,2025-09-23,9,MQ,1047,-6,-23,On time,
SJU,IAH,2025-04-08,4,UA,2007,-5,-10,On time,
DCA,DAY,2025-06-10,6,OH,391,-11,-28,On time,
BGR,DCA,2025-09-18,9,AA,590,-12,-4,On time,
DAL,LBB,2025-05-10,5,WN,293,-5,-18,On time,
MCO,MDW,2025-07-23,7,WN,990,28,22,Delayed,
LAS,DAL,2025-04-15,4,WN,1067,7,-14,On time,
DRO,PHX,2025-05-30,5,OO,351,-10,-34,On time,
SEA,CLE,2025-05-18,5,AS,2021,7,-1,On time,
DFW,ABI,2025-07-16,7,MQ,158,-2,-9,On time,
MCO,RDU,2025-09-29,9,DL,534,-6,-17,On time,
JFK,IAH,2025-03-21,3,B6,1417,10,17,Delayed,
DEC,ORD,2025-07-30,7,OO,156,-10,-12,On time,
DFW,BHM,2025-11-25,11,OH,597,0,-8,On time,
CLE,DEN,2025-09-05,9,WN,1201,-5,4,On time,
DFW,MEM,2025-03-24,3,MQ,431,-7,-11,On time,
JFK,SFO,2025-06-26,6,DL,2586,0,-15,On time,
EWR,SFO,2025-02-14,2,UA,2565,92,85,Delayed,
DEN,LAS,2025-11-30,11,WN,628,15,-4,On time,
BOS,SFO,2025-09-14,9,UA,2704,-4,2,On time,
LIH,OAK,2025-01-27,1,WN,2457,-2,4,On time,
RDU,BOS,2025-10-30,10,DL,612,-5,-16,On time,
STL,MCO,2025-03-13,3,WN,882,-5,-24,On time,
SMF,PHX,2025-05-14,5,OO,647,-9,-12,On time,
BWI,TPA,2025-06-14,6,WN,842,-1,-13,On time,
ORD,TPA,2025-11-27,11,F9,1012,-12,-7,On time,
DFW,BRO,2025-01-02,1,MQ,482,15,1,On time,
SBA,DFW,2025-04-24,4,AA,1316,84,77,Delayed,
SLC,MCO,2025-04-07,4,DL,1931,-12,-8,On time,
SEA,ORD,2025-06-04,6,DL,1721,-7,-25,On time,
CHS,CLT,2025-12-21,12,OH,168,132,137,Delayed,
BWI,RDU,2025-05-19,5,WN,255,-4,-6,On time,
MCO,LAX,2025-08-08,8,AA,2218,60,51,Delayed,
LAX,SMF,2025-01-25,1,WN,373,-7,-31,On time,
ORD,CVG,2025-07-29,7,YX,264,-10,-12,On time,
SFO,LAX,2025-12-25,12,AS,337,-7,-26,On time,
IAD,SFO,2025-11-07,11,UA,2418,-8,5,On time,
PHX,AUS,2025-04-13,4,AA,872,6,3,On time,
OAK,ABQ,2025-02-28,2,WN,889,-5,-4,On time,
MDW,BHM,2025-08-16,8,WN,570,10,9,On time,
PHX,ORD,2025-07-01,7,AA,1440,9,4,On time,
DEN,ANC,2025-07-17,7,UA,2405,0,-4,On time,
PHX,SFO,2025-10-20,10,WN,651,23,12,On time,
IAD,STT,2025-06-16,6,UA,1606,3,-11,On time,
LGA,MKE,2025-07-17,7,YX,738,-4,-34,On time,
DAL,ORD,2025-10-30,10,WN,798,79,56,Delayed,
EWR,DEN,2025-10-14,10,UA,1605,-6,-13,On time,
ATL,TUL,2025-06-17,6,DL,674,4,15,Delayed,
GSO,LGA,2025-01-13,1,YX,461,2,-5,On time,
IAH,MIA,2025-03-08,3,AA,964,-5,-23,On time,
OGG,HNL,2025-11-04,11,WN,101,-5,-6,On time,
LSE,ORD,2025-08-04,8,MQ,215,29,40,Delayed,
MIA,STL,2025-11-02,11,AA,1068,-6,2,On time,
DTW,SBN,2025-10-17,10,OO,157,-6,-22,On time,
PLN,ORD,2025-05-28,5,OO,293,8,23,Delayed,
DFW,XNA,2025-03-31,3,MQ,280,-2,-5,On time,
TPA,PHL,2025-08-11,8,AA,920,-7,-34,On time,
SFO,EWR,2025-02-25,2,UA,2565,-1,-28,On time,
SAN,CLT,2025-07-03,7,AA,2077,0,-8,On time,
CLT,MDW,2025-11-12,11,WN,584,251,244,Delayed,
DEN,DFW,2025-12-08,12,UA,641,-1,-17,On time,
ATL,OMA,2025-07-23,7,DL,821,-2,5,On time,
IAH,ORD,2025-04-15,4,UA,925,11,-3,On time,
RIC,PHL,2025-10-24,10,OH,198,-10,-27,On time,
SFO,SEA,2025-12-25,12,UA,679,4,-1,On time,
PIT,BNA,2025-04-16,4,WN,462,23,13,On time,
CMH,LAS,2025-08-26,8,WN,1771,-6,-13,On time,
DFW,LBB,2025-01-27,1,AA,282,-2,-16,On time,
MCO,EWR,2025-01-29,1,UA,937,0,-15,On time,
SLC,ORD,2025-09-03,9,DL,1250,-9,-20,On time,
GSP,DEN,2025-09-27,9,UA,1278,-11,-16,On time,
PHL,MIA,2025-06-28,6,AA,1013,-4,-15,On time,
PVD,IAD,2025-06-21,6,YX,371,-11,-6,On time,
SNA,ORD,2025-12-06,12,UA,1726,-4,-12,On time,
SAN,FAT,2025-07-12,7,OO,314,3,-7,On time,
OAK,BUR,2025-05-11,5,WN,325,-5,-18,On time,
ORD,SBN,2025-10-02,10,OO,84,-2,-16,On time,
MKE,ORD,2025-02-16,2,OO,67,-2,23,Delayed,
MSP,BRD,2025-04-23,4,OO,114,-4,0,On time,
SEA,GEG,2025-05-20,5,OO,224,12,18,Delayed,
CLT,RSW,2025-05-25,5,AA,600,-4,-20,On time,
DTW,MCI,2025-05-28,5,DL,629,-8,-13,On time,
IAD,JAX,2025-10-19,10,YX,631,-6,-17,On time,
STT,JFK,2025-01-09,1,DL,1623,50,80,Delayed,
BNA,CLT,2025-03-12,3,OH,328,0,-7,On time,
MCO,SJU,2025-10-12,10,WN,1188,-1,-4,On time,
LAS,DFW,2025-04-15,4,AA,1055,6,-10,On time,
SFO,MIA,2025-07-03,7,UA,2585,-2,-3,On time,
ATL,FSD,2025-10-19,10,DL,954,-7,8,On time,
CHS,ATL,2025-09-08,9,DL,259,-6,-17,On time,
ATL,GSP,2025-11-09,11,DL,153,14,12,On time,
DCA,BNA,2025-07-17,7,WN,562,16,-2,On time,
DFW,BNA,2025-12-25,12,AA,631,9,7,On time,
JFK,CMH,2025-12-06,12,YX,483,13,15,Delayed,
LAX,ORD,2025-09-13,9,UA,1744,-4,-13,On time,
JAX,CLT,2025-03-19,3,AA,328,-4,-6,On time,
DTW,CMH,2025-03-14,3,YX,155,-7,0,On time,
SLC,SAN,2025-03-05,3,WN,626,-1,-7,On time,
ATL,MCO,2025-11-19,11,DL,404,-3,-14,On time,
DTW,LGA,2025-03-24,3,NK,502,-2,-18,On time,
HNL,SJC,2025-12-09,12,WN,2417,-3,-2,On time,
PHL,LAX,2025-07-23,7,F9,2402,3,4,On time,
EWR,PIT,2025-12-12,12,YX,319,-12,-24,On time,
PHL,SFO,2025-12-14,12,UA,2522,0,83,Delayed,
CMH,FLL,2025-05-30,5,WN,973,15,-1,On time,
BOS,IAH,2025-12-19,12,UA,1597,7,-22,On time,
DAL,MCO,2025-01-08,1,WN,973,1,-5,On time,
PDX,PHX,2025-06-19,6,WN,1009,4,4,On time,
HOU,DFW,2025-10-03,10,MQ,247,-6,-22,On time,
BWI,BUF,2025-01-03,1,WN,281,17,16,Delayed,
DAL,SAN,2025-12-06,12,WN,1182,69,46,Delayed,
ORD,CVG,2025-06-09,6,YX,264,-2,8,On time,
MSY,AUS,2025-10-07,10,OO,445,-14,-32,On time,
FAI,MSP,2025-08-11,8,DL,2466,-3,-17,On time,
TUS,PHX,2025-10-11,10,MQ,109,1,-9,On time,
LGA,CHO,2025-05-22,5,YX,305,-5,-7,On time,
LAX,DEN,2025-08-03,8,WN,862,-2,-16,On time,
ORD,XNA,2025-05-23,5,OO,522,-1,-9,On time,
RDU,DFW,2025-03-18,3,AA,1061,12,2,On time,
KOA,OGG,2025-02-28,2,HA,84,-6,-6,On time,
MCO,BUF,2025-02-01,2,WN,1011,-4,-16,On time,
AUS,PHX,2025-08-01,8,AA,872,-6,-5,On time,
CMI,ORD,2025-05-28,5,MQ,135,-1,-8,On time,
FAT,LAS,2025-11-24,11,WN,259,14,-2,On time,
PHX,ELP,2025-03-06,3,OO,347,-11,-10,On time,
RDM,PHX,2025-07-13,7,MQ,893,-8,-14,On time,
LGB,DAL,2025-10-19,10,WN,1232,0,-14,On time,
SLC,DTW,2025-10-16,10,DL,1481,3,-9,On time,
DFW,TPA,2025-11-23,11,AA,929,-4,-20,On time,
DTW,LAS,2025-09-24,9,NK,1749,1,-25,On time,
IAH,MCO,2025-08-27,8,UA,854,-8,-25,On time,
LAX,DEN,2025-09-23,9,UA,862,0,1,On time,
BHM,DCA,2025-07-18,7,OH,653,6,136,Delayed,
OMA,DFW,2025-03-15,3,AA,583,-7,-15,On time,
TPA,LGA,2025-01-23,1,DL,1010,9,-20,On time,
PHX,AUS,2025-09-19,9,AA,872,-1,-6,On time,
PVD,BWI,2025-07-05,7,WN,327,-1,12,On time,
OKC,SLC,2025-11-10,11,OO,866,-8,-19,On time,
IAH,DEN,2025-02-12,2,UA,862,98,111,Delayed,
ORD,LGA,2025-09-12,9,UA,733,-5,-11,On time,
DTW,RIC,2025-05-08,5,DL,456,-4,-12,On time,
DFW,LAS,2025-08-30,8,AA,1055,112,99,Delayed,
DCA,IAH,2025-09-03,9,UA,1208,0,-5,On time,
DEN,MOT,2025-07-23,7,OO,604,4,-6,On time,
ORD,SAT,2025-01-24,1,UA,1041,-3,21,Delayed,
MDW,CLT,2025-03-01,3,WN,584,-2,-17,On time,
PHL,MDW,2025-01-13,1,WN,668,-3,38,Delayed,
DCA,RDU,2025-10-29,10,OH,227,-10,-11,On time,
IND,ORD,2025-03-26,3,YX,177,-6,-2,On time,
DCA,BOS,2025-06-15,6,B6,399,10,-2,On time,
EWR,CHS,2025-04-13,4,UA,628,-3,-23,On time,
MSP,SJU,2025-02-11,2,DL,2404,3,-3,On time,
PIT,IAD,2025-12-16,12,UA,182,1,-3,On time,
RSW,PHL,2025-10-23,10,F9,993,-6,3,On time,
ATL,MSN,2025-04-04,4,DL,707,-4,-13,On time,
PHL,DEN,2025-06-07,6,WN,1558,-5,6,On time,
SEA,ANC,2025-03-20,3,AS,1448,135,131,Delayed,
LGA,BUF,2025-02-05,2,YX,292,-5,-20,On time,
EWR,MSP,2025-05-02,5,YX,1008,-7,-10,On time,
ABR,MSP,2025-08-13,8,OO,257,-6,-19,On time,
CVG,ORD,2025-12-16,12,UA,264,-2,12,On time,
EWR,DCA,2025-06-24,6,YX,199,6,1,On time,
SMF,LAX,2025-07-31,7,WN,373,-8,-14,On time,
SAT,CLT,2025-02-20,2,AA,1095,17,13,On time,
CLT,CAK,2025-03-11,3,OH,394,-8,-29,On time,
IAH,OMA,2025-11-28,11,UA,781,-5,-3,On time,
ATL,VPS,2025-09-21,9,DL,250,40,27,Delayed,
SLC,MSO,2025-12-06,12,OO,436,-11,-7,On time,
LAS,MDW,2025-07-08,7,WN,1521,88,77,Delayed,
LGA,SAV,2025-03-06,3,YX,722,-9,10,On time,
ORD,DTW,2025-08-01,8,OO,235,32,22,Delayed,
DEN,MOT,2025-04-01,4,OO,604,-5,-12,On time,
SMF,DAL,2025-01-05,1,WN,1442,21,28,Delayed,
SEA,OGG,2025-12-10,12,HA,2639,2,25,Delayed,
PWM,CLT,2025-02-05,2,AA,813,-7,-13,On time,
MCO,BWI,2025-09-24,9,NK,787,4,7,On time,
OGG,DFW,2025-10-18,10,AA,3710,-6,-9,On time,
SEA,PSP,2025-03-22,3,AS,987,-12,-29,On time,
EWR,SFO,2025-06-25,6,AS,2565,80,120,Delayed,
RDU,JFK,2025-07-15,7,YX,427,82,84,Delayed,
DCA,MKE,2025-09-13,9,OH,634,-13,-19,On time,
LAX,SMF,2025-07-03,7,OO,373,1,4,On time,
PBI,JFK,2025-02-26,2,B6,1028,-4,-14,On time,
LAX,ELP,2025-08-24,8,OO,715,87,84,Delayed,
TPA,CLT,2025-01-22,1,AA,507,-1,-9,On time,
MCI,PHX,2025-12-18,12,WN,1044,-4,-4,On time,
SEA,SAN,2025-10-14,10,DL,1050,-7,-23,On time,
IND,PGD,2025-09-12,9,G4,916,-12,-20,On time,
RSW,MDW,2025-10-13,10,WN,1105,-6,-18,On time,
MEM,CLT,2025-04-06,4,AA,511,-2,17,Delayed,
ORD,MCO,2025-08-13,8,WN,1005,1,-19,On time,
PHX,PDX,2025-05-05,5,AS,1009,-12,-14,On time,
OMA,PHX,2025-09-27,9,MQ,1037,-8,0,On time,
DFW,HRL,2025-06-30,6,MQ,461,22,26,Delayed,
FLL,BWI,2025-09-30,9,WN,925,-3,-22,On time,
DEN,EWR,2025-08-29,8,UA,1605,-3,-20,On time,
ATL,TPA,2025-03-16,3,F9,406,363,441,Delayed,
MCO,ORD,2025-10-24,10,AA,1005,-3,-7,On time,
TYS,ATL,2025-10-17,10,DL,152,7,5,On time,
LAW,DFW,2025-11-10,11,OH,140,-3,19,Delayed,
JFK,SJU,2025-12-19,12,B6,1598,0,29,Delayed,
SJU,ATL,2025-03-07,3,DL,1547,-5,-2,On time,
SLC,LAS,2025-04-23,4,DL,368,-5,-6,On time,
SFO,ATL,2025-09-27,9,UA,2139,-7,-13,On time,
LAS,HOU,2025-05-15,5,WN,1235,-5,-7,On time,
BNA,VPS,2025-11-07,11,WN,389,27,14,On time,
PIE,IAG,2025-06-26,6,G4,1069,24,35,Delayed,
ATL,CHS,2025-01-05,1,DL,259,-6,-19,On time,
TYS,IAD,2025-06-06,6,G4,419,-16,-37,On time,
TPA,BNA,2025-11-13,11,WN,612,-4,-3,On time,
MIA,ATL,2025-04-01,4,NK,594,-6,-25,On time,
MIA,BOS,2025-08-25,8,AA,1258,-6,-29,On time,
MSP,CLT,2025-08-28,8,DL,930,-8,-23,On time,
EWR,LAX,2025-05-11,5,UA,2454,-11,-50,On time,
PHL,SJU,2025-12-22,12,AA,1576,52,21,Delayed,
BOS,CLT,2025-03-24,3,YX,728,46,65,Delayed,
ATL,AUS,2025-03-11,3,DL,813,-7,-30,On time,
ATL,FWA,2025-04-08,4,OO,508,-3,-7,On time,
MBS,ORD,2025-02-19,2,OO,222,-10,0,On time,
AUS,RDU,2025-07-03,7,WN,1162,34,29,Delayed,
VPS,BLV,2025-08-24,8,G4,587,-14,-15,On time,
SMF,SAN,2025-06-02,6,WN,480,-7,6,On time,
IAD,MCO,2025-01-07,1,UA,758,50,29,Delayed,
DFW,RDU,2025-09-01,9,AA,1061,62,52,Delayed,
IND,RSW,2025-10-15,10,WN,945,4,-5,On time,
SAN,TUS,2025-01-27,1,WN,368,-7,-19,On time,
PHX,TPA,2025-03-13,3,WN,1788,83,58,Delayed,
DCA,BOS,2025-11-05,11,YX,399,-4,-8,On time,
SLC,ORD,2025-04-25,4,OO,1250,-7,-9,On time,
CVG,MDW,2025-02-02,2,WN,249,-6,-7,On time,
MSY,LGA,2025-09-03,9,AA,1183,-12,-25,On time,
PHX,ELP,2025-09-07,9,OO,347,0,-5,On time,
LIH,HNL,2025-11-10,11,HA,102,-1,0,On time,
IAH,MSP,2025-07-31,7,DL,1034,5,1,On time,
ICT,ORD,2025-10-21,10,OO,588,-10,-10,On time,
ATL,DFW,2025-05-01,5,AA,731,-2,-7,On time,
BDL,DFW,2025-08-04,8,AA,1471,141,154,Delayed,
MIA,MCO,2025-05-17,5,AA,192,-3,-20,On time,
SMF,MCO,2025-05-05,5,WN,2408,7,6,On time,
SBP,LAX,2025-04-11,4,OO,156,11,9,On time,
BWI,SDF,2025-12-27,12,WN,495,196,193,Delayed,
CRW,ATL,2025-01-01,1,OO,363,-2,-8,On time,
MCI,DEN,2025-07-07,7,UA,533,-2,34,Delayed,
BOS,LGA,2025-05-01,5,YX,184,-7,-4,On time,
ELP,DEN,2025-10-26,10,UA,563,-6,-5,On time,
DCA,MSN,2025-03-07,3,OH,707,69,72,Delayed,
MSY,DAL,2025-08-06,8,WN,437,-2,5,On time,
BTR,DFW,2025-10-27,10,OH,383,103,111,Delayed,
LAS,PHX,2025-05-15,5,AA,255,267,275,Delayed,
BOS,CLT,2025-05-29,5,AA,728,45,34,Delayed,
SMF,PDX,2025-09-30,9,OO,479,14,21,Delayed,
ORD,SAN,2025-06-24,6,AA,1723,-4,-7,On time,
ATL,ORD,2025-11-21,11,F9,606,26,15,Delayed,
OGG,HNL,2025-10-25,10,WN,101,-11,-19,On time,
SEA,SNA,2025-05-22,5,AS,978,6,-4,On time,
SLC,SEA,2025-07-01,7,AS,689,-1,-15,On time,
PHX,DAL,2025-07-30,7,WN,879,4,0,On time,
FSD,DEN,2025-04-22,4,OO,483,63,82,Delayed,
LAX,ATL,2025-01-10,1,DL,1947,359,365,Delayed,
SLC,TWF,2025-08-06,8,OO,175,-12,-9,On time,
SEA,LAS,2025-10-03,10,DL,867,-6,-11,On time,
DTW,FWA,2025-02-22,2,OO,128,-3,-14,On time,
ELP,ATL,2025-07-20,7,DL,1282,-6,-2,On time,
DCA,IAH,2025-01-25,1,UA,1208,-9,-7,On time,
SEA,BOS,2025-11-22,11,AS,2496,20,-7,On time,
HNL,IAH,2025-05-12,5,UA,3904,-10,-18,On time,
RDU,LGA,2025-09-21,9,YX,431,-7,-20,On time,
OAK,BUR,2025-02-05,2,WN,325,15,0,On time,
BWI,RDU,2025-11-26,11,WN,256,3,-13,On time,
BTV,PHL,2025-02-02,2,OH,335,-6,-18,On time,
JAX,DEN,2025-04-05,4,WN,1447,-2,14,On time,
SFO,RDM,2025-08-21,8,OO,462,-4,-4,On time,
EWR,STL,2025-03-09,3,YX,872,-10,-30,On time,
ATL,IND,2025-12-04,12,DL,432,-7,-4,On time,
ATL,MSY,2025-09-26,9,WN,425,0,4,On time,
COS,DEN,2025-11-07,11,UA,73,1,-3,On time,
CVG,VPS,2025-04-05,4,G4,600,-2,-5,On time,
CHS,CLT,2025-09-15,9,AA,168,-3,3,On time,
MLI,ORD,2025-01-10,1,OO,139,173,180,Delayed,
MDW,BNA,2025-10-17,10,WN,395,1,1,On time,
IAH,ATL,2025-09-23,9,NK,689,-4,-19,On time,
LAX,DTW,2025-06-13,6,NK,1979,3,-1,On time,
GRR,ATL,2025-10-16,10,DL,640,-5,-25,On time,
ORD,LGA,2025-06-21,6,AA,733,-3,9,On time,
BIS,LAS,2025-11-02,11,G4,1048,-11,-11,On time,
AUS,MCO,2025-01-25,1,WN,994,-1,-1,On time,
PDX,EWR,2025-05-18,5,AS,2434,87,87,Delayed,
SNA,PHX,2025-12-18,12,AA,338,-8,-14,On time,
ONT,PHX,2025-04-27,4,WN,325,-4,-13,On time,
SFO,ACV,2025-11-29,11,OO,250,72,69,Delayed,
SGF,CLT,2025-04-13,4,OH,708,101,117,Delayed,
SLC,OKC,2025-12-17,12,OO,866,-6,-16,On time,
BNA,BUR,2025-07-17,7,WN,1791,17,4,On time,
HRL,DFW,2025-08-14,8,MQ,461,-2,16,Delayed,
RNO,DEN,2025-07-13,7,UA,804,0,-10,On time,
SAT,DAL,2025-01-06,1,WN,247,33,26,Delayed,
IAH,LAS,2025-07-19,7,NK,1222,47,21,Delayed,
HLN,SLC,2025-07-11,7,OO,402,-7,-9,On time,
CLT,LAS,2025-03-04,3,AA,1916,-3,-22,On time,
JFK,DFW,2025-08-02,8,F9,1391,48,85,Delayed,
SRQ,ATL,2025-03-23,3,DL,444,-8,-22,On time,
SAT,LAX,2025-04-27,4,NK,1211,-9,-5,On time,
DCA,EYW,2025-12-27,12,MQ,1023,14,-7,On time,
MYR,BWI,2025-02-16,2,WN,399,0,-8,On time,
EWR,ORD,2025-08-29,8,UA,719,3,-10,On time,
DEN,ATL,2025-06-12,6,DL,1199,53,51,Delayed,
DFW,BTR,2025-05-26,5,MQ,383,233,279,Delayed,
CMH,JFK,2025-02-02,2,YX,483,-7,-25,On time,
LAX,SJC,2025-12-08,12,WN,308,26,13,On time,
DFW,SMF,2025-07-25,7,AA,1431,-5,-17,On time,
TPA,LAS,2025-01-07,1,NK,1984,29,36,Delayed,
AMA,DFW,2025-10-22,10,MQ,312,-12,-20,On time,
BOS,SDF,2025-08-15,8,YX,829,-1,-23,On time,
CLT,LEX,2025-07-24,7,OH,281,-7,-14,On time,
PDX,PHX,2025-11-07,11,AA,1010,-13,-24,On time,
ORD,BWI,2025-08-31,8,MQ,622,-4,-16,On time,
IAH,DFW,2025-09-24,9,UA,224,18,44,Delayed,
SAN,SEA,2025-07-29,7,DL,1050,-9,-23,On time,
ITO,HNL,2025-04-12,4,WN,216,22,15,Delayed,
ORD,CLE,2025-01-29,1,UA,316,-3,10,On time,
BWI,ISP,2025-10-22,10,WN,220,-1,-9,On time,
LEX,PGD,2025-10-31,10,G4,781,1,6,On time,
FLL,CHS,2025-07-14,7,NK,470,79,225,Delayed,
DEN,CMH,2025-07-30,7,WN,1154,24,12,On time,
ATL,CLE,2025-07-29,7,DL,554,-3,7,On time,
LAS,PHL,2025-12-18,12,AA,2177,-9,-24,On time,
TPA,IAD,2025-03-25,3,UA,811,-8,-22,On time,
OGG,SAN,2025-06-08,6,HA,2541,7,1,On time,
RNO,DEN,2025-07-19,7,WN,804,6,3,On time,
GRR,EWR,2025-09-28,9,YX,605,-10,-9,On time,
BWI,BDL,2025-03-28,3,WN,283,29,18,Delayed,
HNL,LAX,2025-02-28,2,DL,2556,303,292,Delayed,
AUS,JFK,2025-10-06,10,DL,1521,3,-10,On time,
AZA,ATW,2025-03-01,3,G4,1452,-19,-11,On time,
DEN,SUN,2025-08-30,8,OO,557,-2,-17,On time,
PHX,TPA,2025-07-27,7,WN,1788,43,41,Delayed,
STL,LIT,2025-08-18,8,WN,296,0,-12,On time,
BOS,DCA,2025-04-03,4,AA,399,-11,-18,On time,
FLL,EWR,2025-07-09,7,NK,1065,49,27,Delayed,
IND,FLL,2025-11-30,11,NK,1005,-9,-14,On time,
TYS,SFB,2025-08-07,8,G4,511,28,30,Delayed,
MCO,DEN,2025-10-14,10,WN,1547,-2,-29,On time,
AMA,DAL,2025-09-03,9,WN,323,-5,-20,On time,
MSP,BZN,2025-03-04,3,DL,874,-13,-24,On time,
PHX,SFO,2025-03-06,3,AA,651,2,-15,On time,
IAD,DEN,2025-09-28,9,UA,1452,-10,-36,On time,
PSE,MCO,2025-09-15,9,F9,1178,-4,-24,On time,
SEA,GEG,2025-08-29,8,OO,224,-7,-11,On time,
ANC,SEA,2025-01-16,1,AS,1448,-10,-42,On time,
JFK,TPA,2025-12-16,12,DL,1005,-1,-16,On time,
ORD,TUL,2025-07-24,7,OO,585,-7,-10,On time,
LAS,DEN,2025-10-03,10,WN,628,33,50,Delayed,
LGA,IAH,2025-12-17,12,UA,1416,-3,-19,On time,
GNV,MIA,2025-11-18,11,MQ,294,-9,-14,On time,
BNA,ATL,2025-02-28,2,DL,214,-9,-20,On time,
IND,PHX,2025-04-02,4,AA,1488,0,17,Delayed,
OKC,LAS,2025-09-19,9,F9,986,9,13,On time,
LAX,DFW,2025-09-30,9,NK,1235,-10,-32,On time,
CLE,ORD,2025-08-17,8,MQ,316,145,147,Delayed,
DSM,IAH,2025-08-28,8,UA,802,-8,-9,On time,
MKE,EWR,2025-10-29,10,YX,725,-7,-8,On time,
HOU,LAX,2025-02-27,2,WN,1390,-5,-18,On time,
MSP,LGA,2025-05-05,5,DL,1020,138,168,Delayed,
TUL,DFW,2025-05-26,5,AA,237,207,273,Delayed,
SEA,HNL,2025-07-31,7,DL,2677,-4,-6,On time,
BUF,DCA,2025-06-19,6,OH,296,290,297,Delayed,
HOU,STL,2025-11-19,11,WN,687,-1,-10,On time,
MSY,IAH,2025-08-17,8,UA,305,-8,19,Delayed,
SFO,SNA,2025-06-10,6,UA,372,1,2,On time,
CHS,DAL,2025-12-09,12,WN,977,-2,-10,On time,
ORD,GRB,2025-12-22,12,OO,173,122,102,Delayed,
SYR,DEN,2025-12-24,12,UA,1492,0,-13,On time,
XNA,PHL,2025-12-24,12,OH,1067,-5,-15,On time,
SJC,SAN,2025-11-23,11,WN,417,5,-2,On time,
HOU,MAF,2025-03-29,3,WN,441,-5,-14,On time,
ATL,IAH,2025-01-26,1,NK,689,-7,-3,On time,
ATL,BOS,2025-11-02,11,DL,946,0,-26,On time,
MCI,PHX,2025-12-31,12,AA,1044,-10,-25,On time,
SBA,PHX,2025-10-12,10,OO,455,58,53,Delayed,
STL,RSW,2025-12-15,12,WN,979,1,-9,On time,
ATL,LGA,2025-03-28,3,DL,762,-7,-14,On time,
MCO,DTW,2025-09-16,9,DL,957,-6,0,On time,
SEA,MSY,2025-05-12,5,AS,2086,-2,2,On time,
SEA,DFW,2025-02-10,2,AA,1660,-13,-35,On time,
PHX,SFO,2025-05-07,5,WN,651,3,-8,On time,
SFO,SNA,2025-09-04,9,OO,372,-9,-14,On time,
MSP,CLE,2025-07-24,7,DL,622,14,14,On time,
SFO,OMA,2025-06-30,6,OO,1433,-3,-1,On time,
FLL,ORD,2025-10-23,10,NK,1182,-8,-8,On time,
OMA,ORD,2025-12-11,12,MQ,416,-9,2,On time,
PHL,MIA,2025-04-16,4,NK,1013,-1,-24,On time,
DAL,OMA,2025-05-02,5,WN,586,212,199,Delayed,
SEA,DEN,2025-10-14,10,WN,1024,10,4,On time,
GSP,DTW,2025-04-26,4,DL,508,-10,-21,On time,
BDL,FLL,2025-01-18,1,B6,1173,-4,4,On time,
DTW,AUS,2025-06-19,6,DL,1149,-3,-14,On time,
RNO,DEN,2025-11-21,11,WN,804,-2,-6,On time,
SFB,FAR,2025-12-15,12,G4,1508,-23,-42,On time,
LAX,DEN,2025-08-25,8,WN,862,12,22,Delayed,
HNL,OGG,2025-03-06,3,HA,100,-4,-9,On time,
OGG,ATL,2025-03-13,3,DL,4431,2,2,On time,
DTW,RIC,2025-01-30,1,OO,456,-5,-15,On time,
CLT,ILM,2025-09-12,9,AA,185,22,18,Delayed,
BNA,FLL,2025-09-29,9,WN,793,15,10,On time,
BOS,MIA,2025-05-07,5,AA,1258,-2,6,On time,
MKE,CLT,2025-09-12,9,AA,651,1,-9,On time,
DEN,SNA,2025-02-10,2,WN,846,-4,-25,On time,
PSP,SFO,2025-06-10,6,OO,421,-4,-4,On time,
BUR,SFO,2025-07-26,7,UA,326,-3,-13,On time,
DEN,BWI,2025-05-29,5,WN,1491,46,39,Delayed,
GSO,LGA,2025-01-20,1,YX,461,0,0,On time,
DCA,ORD,2025-09-22,9,AA,612,-7,-27,On time,
ILM,MSP,2025-07-20,7,DL,1094,-12,-18,On time,
LGA,PBI,2025-05-27,5,DL,1035,-4,-7,On time,
SLC,MIA,2025-02-24,2,AA,2088,-1,12,On time,
MIA,DFW,2025-01-26,1,NK,1121,60,73,Delayed,
SNA,SLC,2025-08-11,8,DL,588,-7,7,On time,
DFW,SMF,2025-06-26,6,AA,1431,10,2,On time,
BGR,LGA,2025-08-25,8,YX,378,-5,-11,On time,
FLL,ACY,2025-07-23,7,NK,977,-5,0,On time,
CLT,PBI,2025-04-13,4,AA,590,7,-7,On time,
LGA,CMH,2025-12-12,12,YX,479,8,-8,On time,
BTR,IAH,2025-11-07,11,OO,253,44,48,Delayed,
LAX,CLE,2025-05-25,5,UA,2052,-6,-29,On time,
DEN,HDN,2025-08-16,8,OO,141,0,9,On time,
SLC,SMF,2025-03-04,3,DL,532,2,-14,On time,
BUF,MDW,2025-06-17,6,WN,468,7,-6,On time,
MSY,BOS,2025-11-29,11,DL,1367,-9,-16,On time,
ORD,BWI,2025-05-23,5,UA,622,14,7,On time,
CLT,DEN,2025-10-26,10,WN,1337,0,-11,On time,
HNL,OGG,2025-07-09,7,WN,101,-8,-19,On time,
PDX,DEN,2025-02-04,2,UA,991,-10,-23,On time,
ATL,BWI,2025-03-23,3,DL,577,99,98,Delayed,
DFW,MCO,2025-08-04,8,AA,985,41,34,Delayed,
TPA,IAH,2025-05-25,5,UA,787,-9,-12,On time,
FAR,DFW,2025-03-17,3,MQ,968,-4,-37,On time,
DTW,GSP,2025-12-18,12,OO,508,-3,-5,On time,
RIC,ATL,2025-12-22,12,DL,481,0,-11,On time,
LAX,CLT,2025-01-31,1,AA,2125,0,-5,On time,
CLT,RDU,2025-08-02,8,AA,130,10,15,Delayed,
SDF,DFW,2025-02-01,2,OH,733,-4,-25,On time,
LIT,ATL,2025-03-07,3,DL,453,-19,-29,On time,
IAD,LGA,2025-01-14,1,YX,229,-6,-19,On time,
MKE,TPA,2025-02-21,2,WN,1075,5,-24,On time,
ATL,MIA,2025-11-08,11,DL,594,26,21,Delayed,
PHL,DEN,2025-04-23,4,UA,1558,-2,-7,On time,
LAX,KOA,2025-12-03,12,UA,2504,-6,-52,On time,
TPA,PVD,2025-01-24,1,WN,1136,-6,-30,On time,
BUR,SJC,2025-04-07,4,WN,296,-7,-20,On time,
BOS,DTW,2025-01-03,1,B6,632,-4,-27,On time,
ORD,DCA,2025-04-10,4,AA,612,-6,-10,On time,
ORD,SEA,2025-03-05,3,UA,1721,22,24,Delayed,
DFW,ONT,2025-02-19,2,AA,1188,30,60,Delayed,
LAS,SAN,2025-03-20,3,WN,258,0,-8,On time,
SAV,MIA,2025-03-01,3,MQ,440,-7,14,On time,
SEA,CVG,2025-10-20,10,DL,1965,-6,-39,On time,
OKC,HOU,2025-06-27,6,WN,419,44,30,Delayed,
TPA,DTW,2025-03-13,3,NK,983,29,21,Delayed,
BNA,MCI,2025-07-01,7,WN,491,184,184,Delayed,
TPA,DFW,2025-06-30,6,AA,929,-9,-12,On time,
LAX,EWR,2025-07-11,7,AS,2454,-8,-20,On time,
XNA,PHX,2025-12-17,12,MQ,1023,-3,-10,On time,
ATL,SAN,2025-04-18,4,DL,1892,-4,-3,On time,
SEA,KOA,2025-04-27,4,AS,2688,-11,-17,On time,
EUG,OAK,2025-09-04,9,WN,445,-5,-4,On time,
DEN,PHX,2025-01-26,1,WN,602,-2,3,On time,
MCO,DCA,2025-11-26,11,WN,759,21,19,Delayed,
LAX,HNL,2025-06-17,6,AA,2556,-4,-21,On time,
BPT,DFW,2025-10-04,10,OO,270,-10,-27,On time,
LAS,SEA,2025-02-13,2,WN,867,1,-17,On time,
ORD,TUL,2025-07-19,7,OO,585,2,3,On time,
ATL,LGA,2025-08-10,8,WN,762,-2,-15,On time,
LGA,FLL,2025-02-24,2,DL,1076,115,100,Delayed,
LGA,ORD,2025-06-24,6,UA,733,11,-3,On time,
EWR,CLT,2025-10-18,10,AA,529,-8,-27,On time,
BFL,PHX,2025-04-06,4,AA,425,-10,-6,On time,
SEA,SFO,2025-09-24,9,UA,679,-7,-26,On time,
SNA,MFR,2025-05-26,5,G4,659,17,9,On time,
BUR,DEN,2025-01-21,1,WN,850,-9,-23,On time,
EWR,LAX,2025-01-03,1,UA,2454,1,-6,On time,
ORD,IND,2025-01-27,1,MQ,177,-4,-17,On time,
EVV,DFW,2025-06-15,6,MQ,642,100,99,Delayed,
HOU,ATL,2025-10-21,10,WN,696,5,5,On time,
MCO,LAS,2025-02-09,2,F9,2039,-13,-32,On time,
MCO,BNA,2025-04-17,4,WN,616,227,226,Delayed,
SRQ,PIT,2025-10-14,10,G4,912,-15,3,On time,
SAN,SFO,2025-05-03,5,OO,447,-6,17,Delayed,
CMH,LGA,2025-10-08,10,YX,479,343,331,Delayed,
SEA,LIH,2025-12-04,12,AS,2700,-7,-27,On time,
MOT,MSP,2025-04-28,4,OO,449,-5,12,On time,
DFW,SFO,2025-07-27,7,AA,1464,36,24,Delayed,
EWR,MCI,2025-08-15,8,YX,1092,-1,-22,On time,
BWI,MKE,2025-07-09,7,WN,641,-3,-16,On time,
PDX,LAX,2025-10-19,10,AS,833,-3,-11,On time,
BOS,SDF,2025-11-17,11,YX,829,-9,-24,On time,
DEN,SLC,2025-05-13,5,UA,391,-4,-9,On time,
KOA,HNL,2025-06-01,6,HA,163,5,6,On time,
ABQ,LAX,2025-10-14,10,OO,677,-11,-9,On time,
DFW,SLC,2025-05-03,5,AA,989,4,-9,On time,
COS,DAL,2025-09-07,9,WN,602,0,-25,On time,
OGG,HNL,2025-03-19,3,HA,100,0,0,On time,
CLT,ATL,2025-07-20,7,DL,226,91,100,Delayed,
MIA,ORD,2025-09-05,9,AA,1197,-7,-34,On time,
ORD,GRR,2025-09-21,9,MQ,137,9,-1,On time,
BUR,BNA,2025-10-10,10,WN,1791,15,23,Delayed,
CRW,ATL,2025-08-11,8,OO,363,-14,-25,On time,
LAS,ATL,2025-12-10,12,NK,1747,-7,13,On time,
LAX,FAT,2025-10-13,10,OO,209,-7,-13,On time,
RSW,MSP,2025-12-31,12,DL,1416,2,9,On time,
GEG,SFO,2025-08-29,8,OO,733,-10,3,On time,
DEN,BNA,2025-08-28,8,WN,1013,16,32,Delayed,
EWR,SAV,2025-09-26,9,NK,708,-5,-6,On time,
BOS,JFK,2025-10-26,10,YX,187,-1,-32,On time,
PHX,OGG,2025-09-25,9,WN,2844,0,3,On time,
SAT,DEN,2025-02-28,2,UA,794,13,-4,On time,
SEA,BOS,2025-08-03,8,AS,2496,9,26,Delayed,
ORD,MIA,2025-12-27,12,AA,1197,2,58,Delayed,
SFO,DEN,2025-01-02,1,F9,967,33,46,Delayed,
AUS,DFW,2025-11-06,11,AA,190,4,15,Delayed,
ATL,ECP,2025-09-30,9,DL,240,-8,-14,On time,
XNA,DFW,2025-06-07,6,AA,280,76,82,Delayed,
LAX,IAH,2025-10-05,10,DL,1379,-7,-16,On time,
MCO,PHL,2025-06-22,6,F9,861,32,22,Delayed,
ORD,SFO,2025-09-02,9,UA,1846,10,13,On time,
ORD,SLC,2025-08-28,8,DL,1250,-3,-12,On time,
IAH,PHL,2025-05-14,5,AA,1325,52,62,Delayed,
PHL,ATL,2025-02-02,2,F9,666,-1,-27,On time,
RNO,PHX,2025-06-09,6,WN,601,-3,-20,On time,
PVD,JFK,2025-10-11,10,B6,144,-5,2,On time,
DAL,STL,2025-10-28,10,WN,546,-5,-3,On time,
ATL,SJU,2025-02-18,2,DL,1547,6,-4,On time,
PHX,DFW,2025-06-06,6,AA,868,-6,-20,On time,
MCO,SJU,2025-04-25,4,WN,1189,19,13,On time,
SAV,ATL,2025-05-19,5,DL,214,-9,-15,On time,
EWR,PHX,2025-12-07,12,UA,2133,7,-2,On time,
EWR,DTW,2025-01-18,1,YX,488,-7,-28,On time,
SMF,STL,2025-09-10,9,WN,1679,5,-5,On time,
DFW,ICT,2025-03-17,3,MQ,328,38,50,Delayed,
ORD,CHS,2025-10-20,10,YX,760,-6,-27,On time,
ATL,MKE,2025-12-26,12,DL,669,-4,-10,On time,
PHX,ORD,2025-10-02,10,AA,1440,-1,-17,On time,
AUS,EWR,2025-12-11,12,NK,1504,39,57,Delayed,
AMA,DEN,2025-11-18,11,OO,359,17,4,On time,
SFO,LAS,2025-07-31,7,AS,414,-8,-14,On time,
SJC,AUS,2025-02-16,2,WN,1476,64,48,Delayed,
FLL,MSP,2025-05-10,5,DL,1487,-3,-17,On time,
RDU,SLC,2025-08-20,8,DL,1824,-9,-21,On time,
DFW,CRP,2025-04-15,4,MQ,354,-7,-7,On time,
ATL,CMH,2025-07-04,7,DL,447,-6,-13,On time,
LGA,BNA,2025-01-09,1,YX,764,-10,-18,On time,
MSP,LAX,2025-01-23,1,DL,1535,-3,-40,On time,
CHA,DFW,2025-12-24,12,OH,695,-9,-30,On time,
CHS,LGA,2025-06-29,6,YX,641,2,-16,On time,
OAK,BUR,2025-10-29,10,WN,325,-5,-12,On time,
MSY,HOU,2025-01-18,1,WN,302,1,-9,On time,
FLL,JFK,2025-12-06,12,DL,1069,-12,-26,On time,
MCO,SFO,2025-02-10,2,UA,2446,-1,-11,On time,
MSY,DTW,2025-07-05,7,DL,926,-8,-14,On time,
LGA,IND,2025-07-10,7,YX,660,-6,21,Delayed,
IND,LGA,2025-03-08,3,YX,660,6,-4,On time,
PHX,HOU,2025-12-13,12,WN,1020,44,40,Delayed,
TLH,ATL,2025-11-11,11,DL,223,-9,-12,On time,
BUF,BWI,2025-08-27,8,WN,281,-6,-7,On time,
RDM,SFO,2025-02-20,2,OO,462,-4,-31,On time,
EWR,SNA,2025-01-14,1,UA,2434,-7,-29,On time,
EWR,IAD,2025-01-31,1,UA,212,11,18,Delayed,
RSW,CLT,2025-06-11,6,AA,600,8,8,On time,
JFK,MCO,2025-02-17,2,DL,944,38,20,Delayed,
DFW,DCA,2025-12-18,12,AA,1192,18,23,Delayed,
MCO,BOS,2025-10-27,10,DL,1121,-6,-22,On time,
BWI,FLL,2025-08-01,8,NK,925,31,21,Delayed,
CLE,RSW,2025-09-09,9,F9,1025,7,13,On time,
LGA,ATL,2025-10-31,10,WN,762,5,-10,On time,
CAK,ORD,2025-05-31,5,OO,343,-8,1,On time,
ATL,MIA,2025-09-09,9,AA,594,-9,-29,On time,
MCI,DCA,2025-11-17,11,MQ,949,-4,-27,On time,
SJC,SAN,2025-02-06,2,WN,417,-4,-5,On time,
PBI,CLT,2025-11-09,11,AA,590,126,118,Delayed,
EWR,BNA,2025-05-15,5,NK,748,-2,-12,On time,
CLT,PVD,2025-11-23,11,AA,684,-8,-11,On time,
CLT,SDF,2025-02-05,2,AA,335,31,36,Delayed,
SAN,SEA,2025-10-19,10,AS,1050,0,-1,On time,
MDW,MCI,2025-03-15,3,WN,405,-5,-11,On time,
BOS,RSW,2025-01-01,1,NK,1249,-4,-6,On time,
PHX,SNA,2025-12-16,12,WN,338,-4,4,On time,
SJC,DFW,2025-10-09,10,AA,1438,-5,-11,On time,
TWF,SLC,2025-03-02,3,OO,175,-10,-19,On time,
ORD,SAV,2025-08-17,8,UA,773,54,31,Delayed,
CRP,HOU,2025-03-03,3,WN,187,6,-6,On time,
STL,MIA,2025-08-05,8,WN,1068,-4,-2,On time,
DEN,BNA,2025-09-07,9,WN,1013,41,30,Delayed,
EWR,SDF,2025-03-05,3,YX,642,-11,-27,On time,
IND,LGA,2025-10-24,10,YX,660,-3,-6,On time,
DFW,DEN,2025-02-14,2,F9,641,-8,-9,On time,
RNO,LAS,2025-12-21,12,WN,345,19,22,Delayed,
FLL,CLT,2025-10-04,10,AA,632,-6,-21,On time,
PHX,PHL,2025-11-16,11,AA,2076,1,-17,On time,
SAN,SFO,2025-04-21,4,UA,447,-5,-13,On time,
GSP,ORD,2025-02-24,2,MQ,577,-6,-21,On time,
PIT,EWR,2025-06-16,6,NK,319,1,-16,On time,
BNA,PNS,2025-01-20,1,WN,391,-5,-6,On time,
DFW,GEG,2025-12-09,12,AA,1477,31,40,Delayed,
CLE,IAD,2025-04-08,4,YX,288,-4,11,On time,
TUS,LAX,2025-05-17,5,OO,451,-5,-10,On time,
BNA,MCI,2025-07-17,7,WN,491,-7,-17,On time,
IAH,EWR,2025-09-04,9,UA,1400,66,101,Delayed,
ORD,BDL,2025-09-22,9,AA,783,7,-3,On time,
DTW,MSN,2025-10-16,10,DL,311,-1,-7,On time,
LAS,HOU,2025-04-01,4,WN,1235,-5,-16,On time,
JFK,LAS,2025-10-26,10,DL,2248,-5,-38,On time,
PSP,PDX,2025-09-09,9,OO,873,-10,-25,On time,
MCO,DCA,2025-07-29,7,AA,759,-5,-4,On time,
VPS,BNA,2025-01-02,1,WN,389,-6,-22,On time,
SJC,SLC,2025-05-16,5,OO,584,-5,-7,On time,
JFK,ATL,2025-09-03,9,F9,760,-11,-21,On time,
SJC,SAN,2025-08-04,8,WN,417,19,12,On time,
LAS,CMH,2025-03-15,3,NK,1771,-8,37,Delayed,
BDL,TPA,2025-08-03,8,B6,1111,120,122,Delayed,
SJC,LAS,2025-01-16,1,WN,386,-2,-1,On time,
ORD,ILM,2025-09-10,9,MQ,760,-2,-6,On time,
ATL,MCO,2025-08-01,8,DL,404,7,8,On time,
BHM,DTW,2025-04-11,4,OO,625,0,-1,On time,
SJC,PHX,2025-11-10,11,WN,621,58,49,Delayed,
PHX,MAF,2025-12-13,12,OO,581,-9,-12,On time,
BOI,PHX,2025-12-12,12,WN,735,-4,-4,On time,
MCO,DCA,2025-06-03,6,B6,759,-5,-3,On time,
MKE,ORD,2025-08-24,8,OO,67,0,-12,On time,
TUS,SLC,2025-02-06,2,OO,601,-10,-24,On time,
RKS,DEN,2025-08-12,8,OO,260,-10,-17,On time,
ABQ,OAK,2025-01-05,1,WN,889,1,-11,On time,
ATL,BDL,2025-03-24,3,DL,859,11,2,On time,
ISP,FLL,2025-01-29,1,B6,1092,-1,-9,On time,
MSP,CLT,2025-01-21,1,DL,930,46,23,Delayed,
CMH,EWR,2025-10-26,10,YX,463,-10,-11,On time,
ATL,CVG,2025-03-24,3,DL,373,-4,-6,On time,
SJC,SAN,2025-04-20,4,WN,417,-6,21,Delayed,
PHL,PWM,2025-08-02,8,AA,364,5,4,On time,
BLI,LAS,2025-03-08,3,G4,954,-1,-14,On time,
EAU,ORD,2025-06-02,6,OO,269,-5,-5,On time,
SFO,ORD,2025-08-04,8,UA,1846,-8,-30,On time,
DEN,MCI,2025-08-22,8,OO,533,-7,-7,On time,
SAN,LAS,2025-08-20,8,WN,258,1,-12,On time,
SAN,ELP,2025-05-02,5,WN,636,11,4,On time,
VPS,ATL,2025-06-19,6,DL,250,85,63,Delayed,
OKC,MDW,2025-06-11,6,WN,691,-1,-5,On time,
SMF,DEN,2025-01-19,1,UA,909,-8,-5,On time,
DEN,IND,2025-12-22,12,UA,976,-7,-12,On time,
DAL,HOU,2025-11-17,11,WN,239,-4,7,On time,
DCA,BUF,2025-03-23,3,OH,296,70,82,Delayed,
IND,LAX,2025-06-16,6,DL,1814,-9,-19,On time,
SFO,BFL,2025-03-23,3,OO,238,-4,-9,On time,
IND,DFW,2025-10-07,10,AA,761,-3,-12,On time,
PSP,OAK,2025-04-20,4,WN,418,-3,-13,On time,
DFW,MOB,2025-07-24,7,MQ,539,-7,5,On time,
LCH,DFW,2025-05-27,5,OO,295,-14,-1,On time,
MYR,MCO,2025-10-06,10,NK,388,2,-8,On time,
DEN,BUF,2025-10-12,10,WN,1359,8,-4,On time,
ORD,MKE,2025-05-24,5,OO,67,-1,-9,On time,
DCA,LGA,2025-02-21,2,YX,214,-6,-13,On time,
ORD,DEN,2025-02-23,2,UA,888,12,-10,On time,
MSP,BWI,2025-10-18,10,DL,936,23,9,On time,
SAN,AUS,2025-11-02,11,WN,1164,0,29,Delayed,
SFO,PSP,2025-11-07,11,F9,421,3,-2,On time,
DFW,ORD,2025-03-16,3,UA,802,-7,-1,On time,
LRD,DFW,2025-04-23,4,MQ,396,28,34,Delayed,
PHX,MCO,2025-02-06,2,AA,1849,-3,-20,On time,
BHM,DCA,2025-09-04,9,OH,653,73,54,Delayed,
AVL,ATL,2025-08-05,8,DL,164,1,-5,On time,
LGA,ORF,2025-11-01,11,YX,296,-5,39,Delayed,
PVD,PHL,2025-10-22,10,OH,237,37,26,Delayed,
LAX,MSP,2025-12-04,12,DL,1535,-10,-23,On time,
BNA,DEN,2025-06-02,6,F9,1014,55,60,Delayed,
DFW,ATL,2025-11-13,11,AA,731,12,5,On time,
SAN,STS,2025-09-22,9,OO,508,-1,-13,On time,
LGA,DAL,2025-02-11,2,WN,1381,62,90,Delayed,
DCA,LAX,2025-11-21,11,AS,2311,25,17,Delayed,
MEM,DFW,2025-09-14,9,AA,431,6,1,On time,
ATL,SAV,2025-09-15,9,DL,215,-5,-12,On time,
DCA,BNA,2025-09-10,9,WN,562,73,85,Delayed,
ATL,RIC,2025-05-15,5,DL,481,3,-4,On time,
SJU,BWI,2025-12-30,12,F9,1565,73,65,Delayed,
DAL,STL,2025-06-24,6,WN,546,6,6,On time,
RSW,ATL,2025-05-08,5,DL,515,14,30,Delayed,
SLC,SGU,2025-06-10,6,OO,272,-7,-19,On time,
DTW,LAS,2025-03-03,3,DL,1749,-5,-12,On time,
CLE,BOS,2025-09-12,9,B6,563,1,15,Delayed,
RST,ORD,2025-10-07,10,MQ,268,26,25,Delayed,
IAH,SFO,2025-05-22,5,UA,1635,7,-6,On time,
OKC,ATL,2025-12-14,12,DL,761,-8,-20,On time,
DTW,PHL,2025-05-08,5,DL,453,-1,-8,On time,
TUS,LAS,2025-03-16,3,WN,365,-4,-14,On time,
ORD,MBS,2025-01-25,1,OO,222,-10,-7,On time,
MSP,MOT,2025-01-17,1,OO,449,-6,-11,On time,
MIA,LGA,2025-08-28,8,AA,1096,-2,-14,On time,
AUS,LAX,2025-01-17,1,OO,1242,94,106,Delayed,
HOU,PHX,2025-12-02,12,WN,1020,25,21,Delayed,
CVG,RSW,2025-01-04,1,F9,879,0,-13,On time,
SLC,JAC,2025-08-17,8,OO,205,140,130,Delayed,
LAS,XNA,2025-11-27,11,G4,1163,30,27,Delayed,
TPA,PHX,2025-02-08,2,WN,1788,-1,-24,On time,
LAS,SNA,2025-11-12,11,WN,226,0,-9,On time,
HOU,DEN,2025-12-14,12,WN,883,9,-4,On time,
SLC,BNA,2025-10-01,10,DL,1404,-9,20,Delayed,
MIA,MSP,2025-10-10,10,DL,1501,7,1,On time,
KOA,HNL,2025-08-19,8,WN,163,7,-6,On time,
KOA,SFO,2025-03-03,3,UA,2367,11,-18,On time,
SLC,BZN,2025-06-24,6,DL,347,-10,-19,On time,
BUF,MCO,2025-06-04,6,WN,1011,-8,-14,On time,
CLT,SAV,2025-10-01,10,AA,213,-7,-13,On time,
JNU,SIT,2025-08-01,8,AS,95,-14,-21,On time,
JFK,PIT,2025-09-08,9,B6,340,23,14,On time,
JFK,MCO,2025-02-19,2,B6,944,28,17,Delayed,
MSP,SBN,2025-11-07,11,OO,411,-5,4,On time,
LGA,FLL,2025-06-16,6,DL,1076,2,6,On time,
SAN,IAH,2025-12-12,12,UA,1303,43,57,Delayed,
MLB,ATL,2025-08-29,8,DL,443,-2,-6,On time,
BOS,ORD,2025-12-03,12,UA,867,1,2,On time,
MDW,BZN,2025-06-09,6,WN,1198,25,13,On time,
SMF,SEA,2025-10-10,10,OO,605,2,-13,On time,
ORD,BMI,2025-11-08,11,MQ,116,-9,-8,On time,
SJC,ORD,2025-08-13,8,UA,1829,-6,-8,On time,
ATL,LAS,2025-03-04,3,DL,1747,2,-2,On time,
DFW,PIT,2025-06-09,6,AA,1067,23,6,On time,
SJT,DFW,2025-07-27,7,OO,229,-14,-22,On time,
CLT,RDU,2025-03-17,3,AA,130,-3,-16,On time,
OAK,SLC,2025-07-19,7,OO,588,-1,-5,On time,
ORD,MSY,2025-03-26,3,UA,837,-3,-18,On time,
DCA,CVG,2025-04-29,4,YX,411,-13,-19,On time,
CVG,TPA,2025-07-10,7,F9,773,-10,-16,On time,
BWI,LAS,2025-08-06,8,WN,2106,0,-7,On time,
DEN,ANC,2025-07-14,7,UA,2405,4,15,Delayed,
SEA,MCO,2025-01-09,1,AS,2554,92,78,Delayed,
LAS,SJC,2025-07-05,7,WN,386,-2,-21,On time,
LGA,PBI,2025-12-19,12,B6,1035,8,-17,On time,
GEG,DEN,2025-05-13,5,UA,836,185,184,Delayed,
EWR,MCO,2025-08-26,8,UA,937,-1,-17,On time,
SLC,OMA,2025-12-22,12,OO,840,-3,-21,On time,
CLT,TPA,2025-07-02,7,AA,507,45,51,Delayed,
IAD,SFO,2025-08-23,8,UA,2418,-5,-25,On time,
CLT,RSW,2025-11-04,11,AA,600,-7,-11,On time,
MSY,DFW,2025-09-02,9,AA,448,-6,-11,On time,
BUF,LAS,2025-09-11,9,WN,1986,4,-2,On time,
AUS,SEA,2025-03-26,3,DL,1770,-11,40,Delayed,
LAX,OKC,2025-03-17,3,OO,1187,108,94,Delayed,
DTW,OMA,2025-01-16,1,OO,651,64,75,Delayed,
DFW,TUL,2025-10-21,10,AA,237,3,-16,On time,
IAD,FLL,2025-05-24,5,UA,901,-2,-29,On time,
DAL,MAF,2025-06-03,6,WN,319,-2,-17,On time,
DFW,IAH,2025-03-11,3,AA,224,-1,-20,On time,
IND,MSP,2025-07-02,7,DL,503,-15,-23,On time,
PDX,SLC,2025-05-31,5,DL,630,-5,1,On time,
IND,EWR,2025-01-07,1,YX,645,-5,-20,On time,
ATL,DAL,2025-08-08,8,WN,721,70,57,Delayed,
BDL,MCO,2025-07-21,7,F9,1050,-6,-24,On time,
SFO,SNA,2025-06-23,6,OO,372,17,2,On time,
DFW,SEA,2025-04-22,4,DL,1660,-9,14,On time,
AUS,BWI,2025-03-03,3,WN,1342,-3,15,Delayed,
KOA,HNL,2025-07-11,7,HA,163,-5,-9,On time,
EGE,LAX,2025-01-05,1,OO,748,116,116,Delayed,
DFW,RSW,2025-11-30,11,AA,1017,74,79,Delayed,
DAL,LIT,2025-03-02,3,WN,296,-1,-9,On time,
DEN,LNK,2025-10-10,10,OO,423,10,2,On time,
DEN,SNA,2025-09-14,9,F9,846,-1,-2,On time,
MDW,AUS,2025-12-25,12,WN,972,-8,-29,On time,
CLE,BWI,2025-01-13,1,WN,314,-7,-29,On time,
SAN,RNO,2025-06-13,6,WN,488,17,10,On time,
DCA,BOS,2025-04-29,4,YX,399,-6,-25,On time,
SEA,IAH,2025-11-09,11,UA,1874,-4,-23,On time,
DFW,FSD,2025-04-09,4,MQ,737,80,60,Delayed,
TPA,FLL,2025-06-16,6,NK,197,-2,-4,On time,
ORD,PHX,2025-09-25,9,WN,1440,52,53,Delayed,
TUL,CLT,2025-05-12,5,OH,842,15,34,Delayed,
MSN,DTW,2025-06-15,6,DL,311,-13,-27,On time,
ABQ,LAS,2025-09-14,9,WN,486,-2,-14,On time,
DEN,MDW,2025-12-17,12,WN,895,2,6,On time,
PIT,DTW,2025-04-17,4,OO,201,-4,3,On time,
CLT,CVG,2025-05-10,5,OH,335,-6,-33,On time,
BNA,DTW,2025-12-21,12,DL,456,278,283,Delayed,
CID,DEN,2025-06-11,6,OO,692,102,83,Delayed,
JFK,CLT,2025-07-03,7,AA,542,-3,-16,On time,
LAX,LIH,2025-02-28,2,HA,2615,10,15,Delayed,
ATL,LIT,2025-11-12,11,DL,453,-15,-29,On time,
LAS,TUS,2025-01-05,1,WN,365,-9,-17,On time,
BOS,ORD,2025-08-13,8,UA,867,4,7,On time,
MCI,PHX,2025-01-07,1,WN,1044,47,44,Delayed,
CMH,ORD,2025-03-07,3,YX,296,-2,-4,On time,
BWI,BOS,2025-06-28,6,WN,369,1,-3,On time,
MCI,SEA,2025-08-18,8,AS,1490,-3,-14,On time,
SAN,CLT,2025-04-04,4,AA,2077,-8,-23,On time,
DAL,GEG,2025-07-20,7,WN,1486,-1,-12,On time,
LAX,HNL,2025-09-14,9,UA,2556,0,-18,On time,
MCI,DTW,2025-09-12,9,DL,629,-3,-2,On time,
SAT,DAL,2025-10-24,10,WN,247,-5,-17,On time,
SBP,PHX,2025-11-13,11,AA,509,-9,-18,On time,
DCA,SDF,2025-09-10,9,OH,474,-7,-31,On time,
RSW,ATL,2025-01-22,1,DL,515,116,108,Delayed,
DEN,ACV,2025-07-16,7,OO,1026,15,6,On time,
MDW,ATL,2025-12-21,12,DL,591,-12,-12,On time,
TYS,DFW,2025-07-04,7,AA,772,-10,-29,On time,
LSE,ORD,2025-04-12,4,MQ,215,-12,-21,On time,
LAS,SAN,2025-06-05,6,WN,258,4,-2,On time,
LGA,CLT,2025-11-03,11,AA,544,-5,-8,On time,
ATL,RDU,2025-02-26,2,DL,356,-7,-9,On time,
PHL,DFW,2025-03-29,3,AA,1303,-5,-36,On time,
PHL,MCO,2025-01-12,1,AA,861,-1,-15,On time,
MKE,ORD,2025-11-16,11,OO,67,50,28,Delayed,
SLC,LAX,2025-01-17,1,DL,590,-3,-15,On time,
LIH,SAN,2025-08-19,8,AS,2676,-1,23,Delayed,
MCI,DAL,2025-03-20,3,WN,461,-4,-14,On time,
AUS,HOU,2025-07-16,7,WN,148,20,33,Delayed,
LAS,SFO,2025-09-16,9,UA,414,3,-6,On time,
BWI,JAX,2025-06-06,6,WN,663,118,128,Delayed,
MSP,ABR,2025-10-25,10,OO,257,-1,0,On time,
MIA,IAD,2025-07-15,7,UA,922,125,134,Delayed,
AUS,STL,2025-04-25,4,WN,721,-4,-11,On time,
IAH,SAT,2025-07-13,7,UA,191,92,87,Delayed,
FLL,MSP,2025-01-31,1,DL,1487,-8,-17,On time,
PHX,DAL,2025-06-19,6,WN,879,2,-3,On time,
MCO,BOS,2025-10-12,10,DL,1121,24,17,Delayed,
ATL,FLL,2025-06-08,6,DL,581,45,38,Delayed,
RDU,DEN,2025-04-13,4,UA,1436,-2,-10,On time,
SNA,SLC,2025-01-02,1,DL,588,-11,-22,On time,
OAK,MCI,2025-10-21,10,WN,1489,-2,-13,On time,
SGF,DEN,2025-10-12,10,OO,637,1,27,Delayed,
RNO,LAX,2025-06-06,6,OO,391,-7,19,Delayed,
MSP,EWR,2025-01-18,1,YX,1008,-2,-26,On time,
LAS,SAT,2025-10-26,10,WN,1069,246,254,Delayed,
AVL,LAS,2025-01-16,1,G4,1824,84,48,Delayed,
FLL,JFK,2025-12-01,12,DL,1069,27,17,Delayed,
BNA,SFO,2025-04-05,4,UA,1969,-5,-15,On time,
DEN,DRO,2025-06-21,6,OO,251,14,3,On time,
LAS,SLC,2025-12-11,12,DL,368,-6,-8,On time,
PIT,BOS,2025-11-08,11,YX,496,-10,-16,On time,
SAT,DAL,2025-09-30,9,WN,247,-2,-13,On time,
SRQ,IND,2025-07-12,7,WN,876,-2,-11,On time,
SAN,SMF,2025-11-26,11,WN,480,5,-4,On time,
SFO,LAX,2025-08-24,8,DL,337,8,12,On time,
SLC,PHX,2025-01-04,1,WN,507,8,8,On time,
MCO,MIA,2025-04-01,4,AA,192,64,53,Delayed,
CLT,MDW,2025-05-07,5,WN,584,14,-4,On time,
DEN,PSC,2025-07-11,7,UA,853,252,244,Delayed,
GPT,CLT,2025-09-26,9,OH,577,-9,-15,On time,
BWI,MCO,2025-11-27,11,WN,787,-4,-15,On time,
MCI,LGA,2025-07-22,7,DL,1107,-6,-7,On time,
PBI,CLT,2025-01-13,1,AA,590,20,11,On time,
DFW,SGF,2025-01-29,1,MQ,364,-1,97,Delayed,
MDW,COS,2025-10-23,10,WN,917,22,20,Delayed,
ORD,IND,2025-12-20,12,YX,177,26,18,Delayed,
CRP,DFW,2025-03-23,3,MQ,354,-7,-20,On time,
TPA,MIA,2025-05-10,5,AA,204,-7,-20,On time,
MLI,ORD,2025-07-13,7,MQ,139,-6,-18,On time,
DCA,CRW,2025-11-23,11,OH,249,-10,-19,On time,
MSP,CLT,2025-11-20,11,DL,930,-4,-21,On time,
MCO,PBI,2025-12-11,12,WN,141,1,-23,On time,
MFR,SLC,2025-11-18,11,OO,575,-7,-30,On time,
MCI,ATL,2025-03-30,3,DL,692,-7,-12,On time,
ORD,LSE,2025-02-13,2,MQ,215,49,38,Delayed,
CLE,ORD,2025-10-20,10,AA,316,-1,-11,On time,
LAX,MCO,2025-08-01,8,UA,2218,27,17,Delayed,
RSW,CLT,2025-04-03,4,AA,600,-8,-1,On time,
SFO,OGG,2025-06-08,6,UA,2338,2,4,On time,
AVL,CLT,2025-04-12,4,MQ,91,-5,-11,On time,
AUS,ATL,2025-11-23,11,DL,813,-2,-14,On time,
LAS,MDW,2025-02-16,2,WN,1521,57,43,Delayed,
GGG,DFW,2025-08-17,8,MQ,140,-4,-17,On time,
BNA,SLC,2025-05-03,5,DL,1404,-12,-34,On time,
MCO,BUF,2025-11-10,11,F9,1011,10,-6,On time,
SFO,PHL,2025-05-03,5,AA,2521,-4,27,Delayed,
RDU,TPA,2025-05-05,5,WN,587,8,4,On time,
AEX,DFW,2025-12-18,12,MQ,285,85,71,Delayed,
GEG,LAS,2025-07-22,7,WN,806,0,-6,On time,
SYR,ORD,2025-12-25,12,YX,607,-9,8,On time,
SFO,RNO,2025-05-03,5,OO,192,0,4,On time,
MSP,BOS,2025-05-31,5,DL,1124,-6,-3,On time,
PHX,MAF,2025-10-19,10,OO,581,46,38,Delayed,
MIA,DCA,2025-07-22,7,AA,919,-1,-12,On time,
LAS,ATL,2025-06-28,6,DL,1747,658,660,Delayed,
JAX,MDW,2025-07-04,7,WN,848,7,-6,On time,
OMA,PHX,2025-11-15,11,WN,1037,8,3,On time,
LGA,MDW,2025-03-17,3,WN,725,-3,-7,On time,
IAH,BNA,2025-08-23,8,OO,657,-1,-12,On time,
SNA,SFO,2025-12-27,12,OO,372,138,132,Delayed,
ORD,RSW,2025-04-13,4,UA,1120,-5,-23,On time,
FAT,SFO,2025-10-06,10,OO,158,-5,16,Delayed,
CHS,ATL,2025-10-10,10,DL,259,34,25,Delayed,
DTW,ATW,2025-07-18,7,OO,296,-1,-11,On time,
GFK,LAS,2025-05-15,5,G4,1230,-19,-40,On time,
LGB,DAL,2025-02-09,2,WN,1232,13,3,On time,
SAV,MIA,2025-06-20,6,MQ,440,-5,6,On time,
MIA,BWI,2025-04-08,4,WN,946,258,239,Delayed,
CMH,STL,2025-08-13,8,WN,409,-7,-21,On time,
JFK,TPA,2025-04-30,4,F9,1005,-2,-7,On time,
DCA,MEM,2025-05-27,5,OH,762,-10,-19,On time,
LAX,ORD,2025-09-28,9,AA,1744,25,20,Delayed,
PHL,LAS,2025-11-28,11,NK,2177,5,7,On time,
SMF,DEN,2025-07-04,7,UA,909,-6,-24,On time,
HNL,LAX,2025-03-28,3,WN,2556,-4,-29,On time,
PHL,CHS,2025-12-30,12,OH,550,-7,-22,On time,
ORF,BWI,2025-04-02,4,WN,159,-2,-7,On time,
SRQ,ATL,2025-05-15,5,DL,444,-6,9,On time,
SFO,MDW,2025-10-27,10,WN,1855,7,-10,On time,
PHL,DFW,2025-04-20,4,AA,1303,77,64,Delayed,
COS,DFW,2025-07-20,7,AA,592,-6,-17,On time,
IAH,VCT,2025-02-17,2,OO,123,-7,-15,On time,
SMF,SNA,2025-09-08,9,WN,404,17,20,Delayed,
ALB,ORD,2025-07-05,7,MQ,723,-6,-22,On time,
SAN,TPA,2025-12-19,12,AS,2087,138,124,Delayed,
LGA,CVG,2025-10-17,10,DL,585,-14,-20,On time,
LAX,MCO,2025-08-15,8,AA,2218,-3,12,On time,
JFK,MCO,2025-11-24,11,B6,944,23,4,On time,
LAX,MIA,2025-11-21,11,DL,2342,53,54,Delayed,
ATL,BZN,2025-07-06,7,DL,1640,-17,27,Delayed,
SAN,DEN,2025-02-19,2,UA,853,-6,-8,On time,
CLT,MSY,2025-08-04,8,NK,650,-4,-1,On time,
PIT,FLL,2025-01-07,1,NK,994,-4,3,On time,
LAX,PHX,2025-03-08,3,WN,370,-2,-9,On time,
EWR,DEN,2025-12-12,12,UA,1605,-1,-5,On time,
HNL,KOA,2025-03-21,3,WN,163,34,21,Delayed,
DEN,EGE,2025-07-05,7,UA,120,-9,-3,On time,
MSP,IAH,2025-07-15,7,UA,1034,-9,-5,On time,
LIT,DAL,2025-07-11,7,WN,296,27,21,Delayed,
BOS,ORF,2025-11-18,11,YX,468,16,7,On time,
PHX,ATL,2025-04-27,4,DL,1587,83,63,Delayed,
ELP,ATL,2025-07-14,7,DL,1282,174,161,Delayed,
CLE,EWR,2025-11-15,11,UA,404,-4,-13,On time,
ATL,SAT,2025-06-26,6,DL,874,0,7,On time,
DEN,XNA,2025-07-12,7,OO,616,-6,-8,On time,
SAV,BWI,2025-05-25,5,WN,549,-2,-6,On time,
XNA,CLT,2025-07-19,7,MQ,754,-9,-23,On time,
PVD,RSW,2025-05-03,5,WN,1200,-11,-9,On time,
IAD,AUS,2025-11-12,11,UA,1297,8,-8,On time,
CMH,ATL,2025-02-24,2,DL,447,-2,-19,On time,
EWR,BOS,2025-09-22,9,UA,200,-7,-3,On time,
CLT,SDF,2025-05-12,5,OH,335,-7,34,Delayed,
DCA,PHX,2025-07-11,7,AA,1979,-6,-14,On time,
PIA,DEN,2025-07-23,7,OO,793,-9,-23,On time,
BUR,OAK,2025-12-10,12,WN,325,-8,-23,On time,
MCO,LAX,2025-11-14,11,DL,2218,17,2,On time,
PHX,RDM,2025-06-08,6,MQ,893,-4,-3,On time,
SEA,DEN,2025-08-17,8,UA,1024,-7,-2,On time,
DEN,SBP,2025-05-26,5,UA,931,204,207,Delayed,
LAS,HNL,2025-09-21,9,HA,2762,-9,-35,On time,
VPS,DFW,2025-09-03,9,AA,641,0,10,On time,
AUS,ATL,2025-04-15,4,DL,813,-13,-26,On time,
MIA,JAX,2025-12-04,12,AA,335,19,20,Delayed,
ORD,RIC,2025-10-06,10,YX,642,16,3,On time,
COS,MDW,2025-10-22,10,WN,917,-7,-4,On time,
ATL,CLT,2025-04-28,4,DL,226,-8,-22,On time,
ATL,SBA,2025-10-07,10,DL,2022,-8,-4,On time,
BDL,TPA,2025-04-08,4,WN,1111,-6,72,Delayed,
MSY,HOU,2025-05-31,5,WN,302,37,22,Delayed,
IAD,SAT,2025-09-05,9,UA,1362,-7,-14,On time,
STL,ATL,2025-04-24,4,DL,484,-7,-11,On time,
MSY,DEN,2025-09-28,9,UA,1062,-13,-5,On time,
ATL,IAH,2025-06-08,6,DL,689,-4,22,Delayed,
PIT,PGD,2025-07-15,7,G4,941,-7,-13,On time,
PSP,SFO,2025-06-30,6,OO,421,-8,-22,On time,
MIA,IAH,2025-10-28,10,NK,964,-9,-12,On time,
BWI,MIA,2025-04-15,4,NK,946,-4,13,On time,
ATW,ORD,2025-12-05,12,OO,160,25,67,Delayed,
IDA,DEN,2025-11-21,11,OO,458,-7,-15,On time,
MCO,IND,2025-12-23,12,WN,829,1,2,On time,
MCO,JFK,2025-01-07,1,F9,944,232,219,Delayed,
MDW,BWI,2025-03-05,3,WN,611,8,25,Delayed,
XNA,ORD,2025-06-18,6,MQ,522,31,25,Delayed,
BWI,PBI,2025-01-29,1,WN,883,-1,-15,On time,
RDU,EWR,2025-07-05,7,YX,416,-7,-24,On time,
DTW,PHL,2025-04-07,4,DL,453,-6,-14,On time,
DEN,SLC,2025-03-07,3,DL,391,19,13,On time,
ELP,PHX,2025-06-08,6,WN,347,-2,-7,On time,
SAV,DFW,2025-07-25,7,MQ,925,-7,-13,On time,
ATL,DCA,2025-03-21,3,DL,547,-2,-13,On time,
LAX,JFK,2025-07-05,7,DL,2475,-6,-20,On time,
FLL,DCA,2025-03-17,3,WN,899,-1,-15,On time,
TPA,CLT,2025-08-15,8,AA,507,-9,-19,On time,
SEA,JFK,2025-04-16,4,AS,2422,-6,9,On time,
ORD,JST,2025-06-02,6,OO,487,-7,-9,On time,
DCA,STL,2025-04-22,4,WN,719,-4,-10,On time,
LAS,SJC,2025-03-09,3,WN,386,-2,-11,On time,
MEM,PHX,2025-04-23,4,WN,1264,30,18,Delayed,
DFW,CLL,2025-01-18,1,OO,164,-3,-24,On time,
SAN,DFW,2025-02-20,2,AA,1171,-4,-8,On time,
MSP,AUS,2025-07-21,7,OO,1042,-4,-6,On time,
MCO,OKC,2025-04-21,4,WN,1069,-8,-19,On time,
SJU,JFK,2025-08-05,8,B6,1598,162,152,Delayed,
ATL,LAS,2025-11-26,11,WN,1747,12,11,On time,
TPA,EWR,2025-03-01,3,UA,997,-1,5,On time,
PHX,LAX,2025-03-30,3,OO,370,-2,-1,On time,
MSP,ORD,2025-09-10,9,UA,334,11,4,On time,
PHX,FSD,2025-09-19,9,OO,1081,11,8,On time,
DTW,SDF,2025-07-28,7,YX,306,280,278,Delayed,
LAX,ORD,2025-12-07,12,UA,1744,148,162,Delayed,
DAL,MSY,2025-02-18,2,WN,436,13,9,On time,
SLC,SEA,2025-12-12,12,DL,689,19,23,Delayed,
MSP,SBN,2025-04-26,4,OO,411,-4,-17,On time,
SFB,BMI,2025-12-27,12,G4,917,63,84,Delayed,
SFO,SAN,2025-04-21,4,WN,447,-3,15,Delayed,
DCA,ORD,2025-05-25,5,AA,612,-2,-1,On time,
MEM,ORD,2025-02-27,2,OO,491,-4,5,On time,
STT,ATL,2025-05-08,5,DL,1599,-7,-9,On time,
DTW,SEA,2025-03-10,3,DL,1927,7,10,On time,
SLC,JFK,2025-03-09,3,DL,1990,-4,-2,On time,
PHL,LAX,2025-07-11,7,AA,2402,14,1,On time,
CLE,MIA,2025-06-20,6,F9,1080,10,-8,On time,
DEN,ECP,2025-03-13,3,WN,1250,40,31,Delayed,
MCO,DEN,2025-08-28,8,WN,1547,21,37,Delayed,
ORD,OKC,2025-02-06,2,YX,693,-11,-18,On time,
SJU,ORD,2025-01-19,1,UA,2072,-10,-33,On time,
CLT,RIC,2025-02-17,2,OH,257,62,43,Delayed,
MRY,PHX,2025-01-13,1,AA,598,-6,-18,On time,
IND,MSP,2025-09-17,9,DL,503,-1,-15,On time,
JFK,SFO,2025-03-26,3,B6,2586,-7,-23,On time,
BWI,CMH,2025-07-14,7,WN,337,304,306,Delayed,
LGA,IAD,2025-06-09,6,YX,229,31,19,Delayed,
PHL,CHS,2025-11-12,11,AA,550,-7,-18,On time,
CVG,ORD,2025-07-31,7,YX,264,-9,-24,On time,
DAL,MCI,2025-10-08,10,WN,461,6,-5,On time,
FLL,EWR,2025-02-20,2,NK,1065,70,55,Delayed,
DCA,BNA,2025-08-14,8,WN,562,-1,6,On time,
PIT,LAS,2025-08-19,8,WN,1910,2,-14,On time,
PHL,DTW,2025-10-09,10,DL,453,-13,-24,On time,
ORF,DEN,2025-06-19,6,WN,1553,3,-5,On time,
SIT,JNU,2025-05-23,5,AS,95,1,4,On time,
SBA,OAK,2025-05-10,5,WN,263,-7,-18,On time,
EWR,AUS,2025-02-08,2,UA,1504,-7,-27,On time,
CLE,IAD,2025-06-07,6,UA,288,-4,-9,On time,
SEA,IND,2025-04-12,4,AS,1866,-5,-23,On time,
CHA,SFB,2025-06-18,6,G4,490,-2,11,On time,
MSP,BNA,2025-03-06,3,DL,695,4,-8,On time,
JAN,DFW,2025-09-08,9,MQ,408,-6,-18,On time,
PLN,DTW,2025-07-08,7,OO,243,-11,-26,On time,
AUS,DTW,2025-10-26,10,DL,1149,-6,-15,On time,
ORD,MHK,2025-12-11,12,OO,501,178,158,Delayed,
DCA,PVD,2025-11-29,11,OH,356,-3,-17,On time,
ATL,MCI,2025-02-15,2,DL,692,43,45,Delayed,
LAS,RDU,2025-04-19,4,WN,2026,5,-7,On time,
CLT,BOS,2025-08-22,8,YX,728,-7,-24,On time,
BUF,CLT,2025-12-12,12,AA,546,-2,-21,On time,
SAT,DAL,2025-06-24,6,WN,247,-3,-6,On time,
BOI,DEN,2025-02-04,2,UA,649,-10,-19,On time,
SFO,DTW,2025-11-25,11,UA,2079,0,-7,On time,
OKC,PHX,2025-05-07,5,MQ,833,-11,-16,On time,
DCA,CHS,2025-01-12,1,OH,444,-6,-10,On time,
EWR,AUS,2025-12-04,12,NK,1504,-6,54,Delayed,
BOI,ATL,2025-12-11,12,DL,1838,7,-19,On time,
MSP,ORD,2025-02-08,2,UA,334,-5,-21,On time,
SLC,PDX,2025-08-06,8,DL,630,-8,-12,On time,
LAX,DFW,2025-03-18,3,NK,1235,0,-17,On time,
JFK,MIA,2025-08-25,8,AA,1089,-8,-39,On time,
BGR,EWR,2025-08-21,8,YX,393,-10,-13,On time,
SJC,SNA,2025-02-14,2,WN,342,21,9,On time,
ATL,PHX,2025-04-07,4,AA,1587,61,33,Delayed,
PIA,DFW,2025-10-27,10,OH,672,7,-2,On time,
VPS,CVG,2025-09-29,9,G4,600,-9,-21,On time,
MSO,SLC,2025-06-26,6,OO,436,-7,-17,On time,
MDW,MSP,2025-06-10,6,WN,349,7,3,On time,
DFW,ORD,2025-03-03,3,AA,802,-3,-20,On time,
MCO,LAS,2025-03-13,3,F9,2039,31,45,Delayed,
ATL,BNA,2025-07-28,7,DL,214,-1,8,On time,
ATL,BWI,2025-01-13,1,WN,577,-2,-19,On time,
HOU,HRL,2025-08-20,8,WN,277,141,165,Delayed,
ATL,SAT,2025-01-22,1,WN,874,15,-2,On time,
DEN,LAS,2025-12-25,12,F9,628,-8,-4,On time,
ATL,LGA,2025-04-02,4,DL,762,-5,-21,On time,
TUS,MDW,2025-03-19,3,WN,1440,-8,14,On time,
LGA,DTW,2025-04-14,4,DL,502,-4,-13,On time,
MSP,DFW,2025-03-17,3,AA,852,1,-13,On time,
MIA,DFW,2025-07-17,7,F9,1121,-11,-1,On time,
SJU,MCO,2025-01-01,1,WN,1189,19,35,Delayed,
DFW,TPA,2025-03-09,3,AA,929,-4,-5,On time,
MSP,DCA,2025-09-22,9,DL,931,-13,-11,On time,
HNL,LAX,2025-03-09,3,HA,2556,-5,-14,On time,
MCO,SJU,2025-12-31,12,F9,1188,18,3,On time,
ELP,PHX,2025-07-06,7,WN,347,-4,-14,On time,
DCA,ATL,2025-11-24,11,DL,547,-6,-16,On time,
SEA,BOS,2025-09-08,9,AS,2496,3,-8,On time,
LIH,LAX,2025-02-15,2,UA,2615,2,-19,On time,
IAH,CLT,2025-07-23,7,AA,912,-5,-21,On time,
MIA,SJU,2025-04-22,4,NK,1045,5,8,On time,
ORD,PHL,2025-11-21,11,AA,678,12,9,On time,
CLT,AVL,2025-02-09,2,OH,91,-7,-20,On time,
MFR,DEN,2025-11-16,11,OO,964,-9,-21,On time,
ORD,MSY,2025-04-20,4,NK,837,-5,-5,On time,
MIA,CVG,2025-08-06,8,MQ,948,-5,-11,On time,
GEG,DFW,2025-06-13,6,AA,1477,-7,-13,On time,
TPA,MSY,2025-04-06,4,WN,488,2,7,On time,
PHX,EWR,2025-06-03,6,AA,2133,0,9,On time,
DAL,SMF,2025-09-18,9,WN,1442,6,6,On time,
SFO,ATL,2025-10-28,10,DL,2139,-6,-26,On time,
ORD,FWA,2025-04-12,4,OO,157,9,18,Delayed,
PHX,SJC,2025-08-02,8,MQ,621,-3,10,On time,
MAF,DFW,2025-11-24,11,MQ,309,79,83,Delayed,
DAL,DEN,2025-01-10,1,WN,651,1,18,Delayed,
IND,PHL,2025-10-23,10,OH,588,-10,-9,On time,
BOS,MSP,2025-01-05,1,DL,1124,-7,-9,On time,
DFW,LBB,2025-01-03,1,OO,282,-5,-10,On time,
CLT,BWI,2025-08-03,8,AA,361,98,100,Delayed,
MIA,DTW,2025-08-21,8,DL,1145,58,53,Delayed,
ORD,PHL,2025-06-25,6,AA,678,-7,-11,On time,
ORD,MKE,2025-10-27,10,OO,67,25,16,Delayed,
SFO,PDX,2025-05-04,5,AS,550,-6,-4,On time,
SEA,GEG,2025-09-17,9,OO,224,-10,-24,On time,
LAS,BWI,2025-01-04,1,WN,2106,7,-13,On time,
STL,ATL,2025-05-08,5,WN,484,0,18,Delayed,
DFW,BHM,2025-02-11,2,MQ,597,-4,-10,On time,
ANC,OME,2025-05-07,5,AS,539,18,18,Delayed,
AEX,DFW,2025-04-30,4,OO,285,176,262,Delayed,
MEM,ATL,2025-02-11,2,DL,332,-6,-10,On time,
MDW,BHM,2025-09-05,9,WN,570,0,-8,On time,
IAD,SAT,2025-07-02,7,UA,1362,1,29,Delayed,
IAH,ORD,2025-08-24,8,YX,925,-4,-13,On time,
LAS,BOI,2025-08-14,8,OO,519,-9,-23,On time,
MKE,MCO,2025-08-02,8,WN,1066,24,29,Delayed,
LAS,HOU,2025-07-07,7,WN,1235,13,7,On time,
SMF,BUR,2025-12-31,12,WN,358,0,0,On time,
FLL,JFK,2025-02-28,2,DL,1069,-7,-5,On time,
PVD,MCO,2025-11-16,11,WN,1072,40,25,Delayed,
BNA,DAL,2025-11-18,11,WN,623,-11,-28,On time,
ICT,DFW,2025-03-11,3,OH,328,-9,-15,On time,
PDX,LAS,2025-03-03,3,AS,763,-7,-22,On time,
MKE,ORD,2025-05-03,5,OO,67,-1,-6,On time,
SNA,SJC,2025-05-30,5,WN,342,-6,-17,On time,
PBI,EWR,2025-03-02,3,UA,1023,-7,-36,On time,
LGA,TPA,2025-12-28,12,DL,1010,68,52,Delayed,
MCO,PHL,2025-01-12,1,AA,861,-7,-17,On time,
SFO,LAS,2025-02-01,2,OO,414,103,110,Delayed,
DEN,ATL,2025-02-27,2,DL,1199,-2,-3,On time,
TPA,MHT,2025-12-30,12,WN,1204,-6,10,On time,
SMF,ORD,2025-04-26,4,UA,1781,-2,-19,On time,
ATL,RDU,2025-08-25,8,DL,356,-5,-5,On time,
AUS,MCI,2025-02-24,2,WN,650,-4,-2,On time,
IND,LAS,2025-09-26,9,WN,1590,1,-17,On time,
HNL,JFK,2025-10-20,10,HA,4983,0,-34,On time,
PHX,BFL,2025-03-11,3,AA,425,-4,-16,On time,
DFW,CMI,2025-01-11,1,MQ,693,-1,-16,On time,
CLE,RSW,2025-12-29,12,F9,1025,43,78,Delayed,
SEA,PSP,2025-01-25,1,DL,987,-5,-15,On time,
SEA,BOI,2025-03-23,3,OO,399,-2,-4,On time,
SEA,BOS,2025-01-25,1,B6,2496,29,21,Delayed,
PHX,FLG,2025-01-30,1,OO,119,4,-4,On time,
MSN,EWR,2025-10-10,10,UA,799,-11,-22,On time,
MCO,CVG,2025-05-04,5,F9,757,-13,35,Delayed,
IAD,MCO,2025-09-18,9,UA,758,8,0,On time,
MDW,PDX,2025-12-01,12,WN,1751,23,58,Delayed,
IAH,DTW,2025-10-06,10,NK,1075,-4,-16,On time,
MKE,ORD,2025-07-07,7,OO,67,69,70,Delayed,
DTW,SFO,2025-09-02,9,DL,2079,-1,-24,On time,
BNA,SRQ,2025-03-04,3,WN,648,-5,-15,On time,
ATL,SJU,2025-11-03,11,F9,1547,0,0,On time,
LAX,BZN,2025-08-22,8,UA,902,187,173,Delayed,
HNL,LIH,2025-12-13,12,WN,102,-5,-11,On time,
ATL,HOU,2025-04-01,4,WN,696,-2,-18,On time,
MSY,ATL,2025-01-02,1,DL,425,4,-12,On time,
CVG,BOS,2025-11-18,11,YX,752,48,25,Delayed,
HOU,OKC,2025-02-14,2,WN,419,-4,-7,On time,
LGA,MDW,2025-06-23,6,WN,725,9,1,On time,
HOU,LAS,2025-08-11,8,WN,1235,-2,-5,On time,
BTV,IAD,2025-05-02,5,YX,441,-10,-9,On time,
SJC,GEG,2025-04-07,4,WN,742,0,-16,On time,
ORD,BOS,2025-11-06,11,DL,867,307,284,Delayed,
DAL,SAT,2025-02-19,2,WN,247,6,4,On time,
EUG,DEN,2025-10-30,10,UA,996,-10,-20,On time,
SMF,HOU,2025-10-04,10,WN,1624,10,2,On time,
BNA,PNS,2025-12-02,12,WN,391,8,-7,On time,
EGE,DFW,2025-06-08,6,AA,721,-2,-10,On time,
MCO,PSE,2025-07-13,7,F9,1178,-12,-13,On time,
CLT,MEM,2025-04-08,4,AA,511,-4,0,On time,
SBN,ATL,2025-11-18,11,OO,566,21,13,On time,
ELP,DFW,2025-06-15,6,AA,551,397,398,Delayed,
DTW,AZO,2025-09-24,9,OO,113,-7,-20,On time,
DFW,MSY,2025-12-14,12,AA,448,1,2,On time,
ONT,DFW,2025-06-14,6,AA,1188,-8,-13,On time,
LAS,DAL,2025-07-14,7,WN,1067,7,5,On time,
MCI,DEN,2025-03-01,3,UA,533,4,-7,On time,
JFK,LAX,2025-09-04,9,DL,2475,-3,80,Delayed,
SAT,TPA,2025-01-15,1,WN,972,-6,-12,On time,
ATL,ECP,2025-06-13,6,DL,240,-4,-6,On time,
IND,PHX,2025-03-16,3,AA,1488,-3,-30,On time,
MDW,ELP,2025-06-01,6,WN,1237,-1,-37,On time,
JNU,ANC,2025-10-28,10,AS,571,-13,-22,On time,
MCO,EWR,2025-12-16,12,B6,937,-8,-13,On time,
DEN,DFW,2025-02-21,2,UA,641,-2,-22,On time,
ORD,BNA,2025-08-07,8,F9,409,167,157,Delayed,
CLE,ORD,2025-12-06,12,UA,316,-4,12,On time,
EWR,LAX,2025-12-16,12,UA,2454,24,-2,On time,
MCI,LAX,2025-06-11,6,DL,1363,2,-7,On time,
AVP,CLT,2025-12-11,12,AA,509,108,159,Delayed,
BUF,CLT,2025-06-18,6,AA,546,-10,-20,On time,
ORD,TYS,2025-08-20,8,UA,475,83,65,Delayed,
BOS,ATL,2025-05-01,5,B6,946,23,12,On time,
MCO,DFW,2025-06-30,6,AA,985,3,4,On time,
EWR,AUS,2025-10-29,10,UA,1504,-7,-25,On time,
BNA,ORD,2025-09-04,9,UA,409,-8,1,On time,
HNL,ITO,2025-07-11,7,WN,216,-4,-5,On time,
AUS,LAX,2025-12-26,12,WN,1242,18,4,On time,
DTW,DCA,2025-05-06,5,DL,405,-3,15,Delayed,
MAF,DFW,2025-02-25,2,OO,309,-5,21,Delayed,
LGA,MCO,2025-10-17,10,DL,950,-8,-26,On time,
SFO,JFK,2025-11-24,11,AS,2586,9,-14,On time,
RST,MSP,2025-12-23,12,OO,76,-11,-16,On time,
MIA,DAL,2025-08-12,8,WN,1109,-4,-7,On time,
GNV,DFW,2025-11-15,11,MQ,900,-3,-14,On time,
ORD,LGA,2025-09-08,9,DL,733,-1,-22,On time,
SAN,BOI,2025-09-06,9,OO,749,-1,-9,On time,
MSY,JFK,2025-07-30,7,B6,1182,-15,-35,On time,
DEN,SNA,2025-11-02,11,UA,846,-9,-13,On time,
PVD,DCA,2025-04-16,4,AA,356,-11,-17,On time,
AUS,DFW,2025-05-07,5,AA,190,-5,-22,On time,
LIT,DFW,2025-03-29,3,AA,304,-6,10,On time,
JFK,ORD,2025-06-06,6,AA,740,3,41,Delayed,
IAD,SFO,2025-01-02,1,UA,2419,-5,5,On time,
TPA,BNA,2025-12-18,12,WN,612,-8,-4,On time,
CLT,MCO,2025-05-20,5,AA,468,-9,-26,On time,
SAT,DEN,2025-01-15,1,UA,794,-3,-18,On time,
DEN,PSC,2025-03-26,3,OO,852,12,3,On time,
MEM,MSP,2025-09-12,9,OO,700,-11,-23,On time,
SMF,LGB,2025-06-07,6,WN,387,-2,-9,On time,
GEG,SEA,2025-12-08,12,AS,224,0,25,Delayed,
BWI,ALB,2025-09-03,9,WN,288,-4,-14,On time,
ATL,HOU,2025-07-15,7,DL,696,-7,-9,On time,
LAS,PHX,2025-09-17,9,AA,255,5,-3,On time,
DEN,LAS,2025-09-12,9,F9,628,6,14,On time,
OKC,DFW,2025-05-12,5,AA,175,-5,-17,On time,
RDU,JFK,2025-12-09,12,B6,427,24,21,Delayed,
ORD,ABQ,2025-07-19,7,AA,1118,-4,47,Delayed,
DEN,SEA,2025-09-09,9,WN,1024,37,27,Delayed,
LAX,JFK,2025-10-20,10,AA,2475,-4,-35,On time,
DEN,SBA,2025-08-11,8,UA,916,19,2,On time,
LAS,JFK,2025-10-21,10,DL,2248,1,-15,On time,
CHS,ORD,2025-08-27,8,UA,760,-6,-1,On time,
CID,ORD,2025-11-04,11,MQ,196,-9,-19,On time,
MCO,IAH,2025-02-23,2,UA,854,22,19,Delayed,
ABQ,LAX,2025-10-22,10,OO,677,-8,-9,On time,
BNA,DFW,2025-05-20,5,AA,631,27,21,Delayed,
ATL,LAX,2025-01-31,1,F9,1947,-7,-32,On time,
OKC,DFW,2025-05-21,5,AA,175,85,74,Delayed,
MCO,RDU,2025-11-17,11,DL,534,-11,20,Delayed,
DFW,SEA,2025-04-16,4,F9,1660,-11,-6,On time,
PDX,DEN,2025-12-22,12,WN,991,150,131,Delayed,
LAX,SFO,2025-08-17,8,WN,337,8,-6,On time,
IAD,DEN,2025-08-04,8,UA,1452,87,55,Delayed,
STL,BOS,2025-08-13,8,MQ,1047,150,135,Delayed,
JFK,ATL,2025-04-22,4,DL,760,-8,-8,On time,
PIT,LGA,2025-12-09,12,YX,335,23,43,Delayed,
BNA,JFK,2025-04-15,4,YX,765,4,-26,On time,
BNA,ECP,2025-11-28,11,WN,401,-1,-15,On time,
CLT,FLL,2025-11-13,11,NK,632,-2,-10,On time,
DCA,SFO,2025-05-26,5,UA,2442,-5,3,On time,
CLT,STL,2025-12-06,12,AA,575,-4,-8,On time,
CLE,DEN,2025-04-30,4,UA,1201,-5,-28,On time,
BWI,ROC,2025-03-15,3,WN,277,24,16,Delayed,
DFW,BNA,2025-02-28,2,AA,631,-1,-16,On time,
DFW,SMF,2025-10-03,10,AA,1431,6,-13,On time,
SLC,DEN,2025-11-21,11,WN,391,42,62,Delayed,
SGU,DEN,2025-08-17,8,OO,517,-7,-7,On time,
LGA,MIA,2025-07-29,7,AA,1096,-2,-19,On time,
MSY,IAH,2025-05-30,5,NK,305,0,-16,On time,
CLT,RIC,2025-08-25,8,AA,257,2,1,On time,
HNL,KOA,2025-11-11,11,WN,163,-5,6,On time,
JFK,AUS,2025-07-01,7,AA,1521,-6,-28,On time,
PWM,MDW,2025-06-25,6,WN,895,12,-7,On time,
SEA,PHX,2025-09-18,9,AS,1107,4,-5,On time,
DFW,MGM,2025-10-14,10,OH,622,-6,-14,On time,
RSW,IND,2025-12-05,12,WN,945,39,36,Delayed,
PIA,CLT,2025-01-03,1,OH,607,106,76,Delayed,
ATL,CLE,2025-10-25,10,DL,554,-2,-13,On time,
DCA,GSP,2025-11-04,11,OH,396,67,61,Delayed,
AUS,ATL,2025-07-30,7,DL,813,-5,-23,On time,
ORD,MSP,2025-01-22,1,UA,334,-8,-27,On time,
MDW,MSP,2025-08-27,8,OO,349,-10,-28,On time,
DEN,BZN,2025-06-15,6,UA,524,20,19,Delayed,
OAK,SAN,2025-01-04,1,WN,446,-6,-23,On time,
KOA,SEA,2025-03-07,3,AS,2688,-7,-48,On time,
BNA,HOU,2025-09-27,9,WN,670,7,-16,On time,
LAS,LAX,2025-06-02,6,UA,236,-7,-20,On time,
CLE,ATL,2025-04-09,4,DL,554,-8,-12,On time,
ORD,SYR,2025-06-12,6,MQ,607,2,-4,On time,
STS,SAN,2025-03-15,3,OO,508,0,-18,On time,
DEN,JFK,2025-02-16,2,DL,1626,-9,17,Delayed,
HPN,ATL,2025-07-18,7,DL,781,10,-16,On time,
MCO,CVG,2025-12-27,12,F9,757,-7,49,Delayed,
RDU,MIA,2025-01-28,1,AA,700,3,-9,On time,
DAL,LAS,2025-07-17,7,WN,1067,33,24,Delayed,
DEN,MSP,2025-04-23,4,WN,680,-1,-13,On time,
IND,TPA,2025-02-06,2,NK,837,-14,-31,On time,
BWI,DFW,2025-04-10,4,AA,1217,26,20,Delayed,
TPA,ORD,2025-08-31,8,UA,1012,-7,-11,On time,
PHX,ELP,2025-12-07,12,MQ,347,-8,-15,On time,
BHM,ATL,2025-02-01,2,DL,134,-6,-16,On time,
OMA,MSP,2025-02-06,2,OO,282,-10,-26,On time,
DTW,SEA,2025-09-12,9,AS,1927,-3,-17,On time,
LAX,SLC,2025-07-26,7,DL,590,-2,-19,On time,
DTW,ORD,2025-06-23,6,DL,235,-7,-12,On time,
LGA,CHS,2025-12-11,12,YX,641,-6,4,On time,
DEN,SAT,2025-12-26,12,WN,794,27,17,Delayed,
LAX,HOU,2025-12-19,12,WN,1390,168,185,Delayed,
MIA,AUS,2025-01-28,1,AA,1103,-2,-18,On time,
PHL,CLT,2025-06-24,6,AA,449,39,33,Delayed,
ORD,RDU,2025-02-27,2,MQ,646,-2,-5,On time,
IND,BOS,2025-08-28,8,YX,818,-13,-26,On time,
AUS,IAH,2025-10-11,10,UA,140,-2,9,On time,
SAN,SFO,2025-03-21,3,AS,447,-9,-5,On time,
PHX,BOS,2025-02-18,2,B6,2300,-9,-25,On time,
ORD,LGA,2025-12-16,12,AA,733,-11,-27,On time,
PHL,PHX,2025-06-24,6,AA,2075,5,-9,On time,
DFW,ICT,2025-07-10,7,MQ,328,7,-1,On time,
PHX,DEN,2025-08-08,8,WN,602,-1,-10,On time,
ATL,BHM,2025-01-23,1,DL,134,-2,-5,On time,
MSY,IAH,2025-02-22,2,UA,305,-4,9,On time,
JFK,PDX,2025-09-24,9,DL,2454,-4,-40,On time,
EWR,BZN,2025-09-12,9,UA,1882,-2,-11,On time,
LGB,LAS,2025-05-20,5,WN,231,17,7,On time,
SEA,PSC,2025-12-17,12,AS,172,-8,-10,On time,
TUL,DAL,2025-07-03,7,WN,237,-6,1,On time,
MSP,BIS,2025-04-06,4,OO,386,-2,-13,On time,
PHL,LEX,2025-12-02,12,OH,520,54,66,Delayed,
SMF,ATL,2025-11-22,11,DL,2092,-6,-7,On time,
JFK,DEN,2025-08-30,8,DL,1626,169,153,Delayed,
MEM,CLT,2025-04-30,4,AA,511,1,0,On time,
LAX,SFO,2025-03-16,3,DL,337,57,90,Delayed,
ABQ,PHX,2025-09-10,9,WN,328,0,-4,On time,
MCO,SEA,2025-08-25,8,AS,2554,-11,-21,On time,
BDL,ORD,2025-11-06,11,UA,783,-3,2,On time,
IAD,MSP,2025-11-29,11,OO,907,59,33,Delayed,
MSP,EWR,2025-08-29,8,DL,1008,-9,-27,On time,
SEA,BOI,2025-03-22,3,OO,399,134,114,Delayed,
BWI,ISP,2025-02-02,2,WN,220,-3,-19,On time,
MCO,SAN,2025-08-03,8,AS,2149,-6,-1,On time,
PHX,PAE,2025-06-02,6,AS,1133,-6,3,On time,
LAX,SEA,2025-01-12,1,OO,954,-12,-13,On time,
HNL,LIH,2025-12-18,12,HA,102,55,63,Delayed,
BNA,SAT,2025-07-28,7,WN,822,5,-10,On time,
LGA,BOS,2025-04-23,4,YX,184,-5,4,On time,
LGA,ORD,2025-01-22,1,AA,733,-6,4,On time,
RIC,MCO,2025-12-06,12,B6,667,-12,-13,On time,
GSP,BWI,2025-02-25,2,WN,426,-5,-21,On time,
SFO,LAX,2025-06-24,6,UA,337,-2,3,On time,
BHM,TPA,2025-06-28,6,WN,459,52,50,Delayed,
LGA,DTW,2025-06-06,6,DL,502,36,23,Delayed,
CLT,EYW,2025-05-23,5,AA,736,-6,-17,On time,
SPS,DFW,2025-10-06,10,OO,113,-11,-24,On time,
DFW,OMA,2025-11-06,11,AA,583,377,365,Delayed,
SAN,DEN,2025-11-02,11,WN,853,43,32,Delayed,
IAD,ATL,2025-12-22,12,DL,534,-11,-11,On time,
JAX,CLT,2025-08-29,8,AA,328,2,2,On time,
ATL,MOB,2025-07-29,7,DL,302,-3,-11,On time,
ATL,IND,2025-08-22,8,DL,432,-5,-6,On time,
DAL,BHM,2025-01-19,1,WN,587,-7,-9,On time,
LAS,IAH,2025-08-09,8,NK,1222,-9,-13,On time,
LAX,LAS,2025-11-14,11,F9,236,5,0,On time,
PDX,ATL,2025-12-15,12,DL,2172,-7,-17,On time,
ORD,CLE,2025-09-28,9,UA,316,5,8,On time,
BIL,SLC,2025-12-26,12,OO,387,6,6,On time,
PVD,DCA,2025-12-14,12,WN,356,-7,-4,On time,
ORD,SLC,2025-10-15,10,DL,1250,2,-3,On time,
ORD,FSD,2025-11-17,11,OO,462,-9,-22,On time,
ORD,BOS,2025-03-29,3,AA,867,-2,4,On time,
JFK,MCO,2025-06-25,6,B6,944,-4,-31,On time,
ATL,SRQ,2025-06-15,6,DL,444,52,49,Delayed,
PHL,PHX,2025-01-17,1,AA,2075,0,2,On time,
SEA,MIA,2025-02-05,2,DL,2724,0,25,Delayed,
FAR,DEN,2025-05-01,5,UA,627,-7,-15,On time,
BOS,RDU,2025-03-14,3,B6,612,-6,-30,On time,
MIA,STT,2025-03-22,3,AA,1107,-2,104,Delayed,
MKE,DFW,2025-07-09,7,AA,853,-6,-21,On time,
ORD,GSP,2025-11-15,11,OO,577,1,27,Delayed,
LGA,MSP,2025-04-25,4,DL,1020,10,13,On time,
SFO,RDM,2025-01-04,1,OO,462,42,30,Delayed,
ONT,DFW,2025-07-12,7,AA,1188,-3,-20,On time,
LAX,MSY,2025-05-16,5,DL,1670,35,23,Delayed,
IAH,SAN,2025-09-17,9,UA,1303,-3,-22,On time,
SAT,MCO,2025-11-29,11,WN,1041,-1,-17,On time,
PHX,BUR,2025-12-26,12,WN,369,16,55,Delayed,
RNO,LAX,2025-12-13,12,OO,390,-10,-6,On time,
SFO,RDU,2025-04-11,4,UA,2400,-5,-6,On time,
DAL,MCI,2025-12-04,12,WN,461,28,31,Delayed,
MIA,RDU,2025-08-24,8,DL,700,7,3,On time,
DFW,ORD,2025-08-15,8,AA,802,2,15,Delayed,
EWR,IAH,2025-09-04,9,UA,1400,8,5,On time,
EWR,IAH,2025-06-22,6,UA,1400,1,-16,On time,
RDU,DEN,2025-08-01,8,UA,1436,-2,-10,On time,
SJU,EWR,2025-11-29,11,UA,1608,-8,-31,On time,
SJU,CLT,2025-03-09,3,AA,1475,-10,4,On time,
SAN,BOI,2025-06-16,6,WN,749,26,45,Delayed,
CAK,ORD,2025-07-12,7,OO,344,-6,9,On time,
MCO,SJU,2025-11-03,11,WN,1188,1,-1,On time,
ATL,CMH,2025-04-20,4,DL,447,-4,-10,On time,
CHS,MSP,2025-10-28,10,DL,1087,-14,-10,On time,
FLL,DFW,2025-09-25,9,AA,1119,-8,-12,On time,
DEN,IDA,2025-05-21,5,OO,458,-11,-12,On time,
CLT,JAX,2025-07-04,7,AA,328,2,-3,On time,
ATL,ICT,2025-03-28,3,DL,782,-8,-25,On time,
PIT,ORD,2025-07-17,7,YX,413,3,-7,On time,
MDW,DAL,2025-09-23,9,WN,793,33,38,Delayed,
CLT,CMH,2025-07-08,7,AA,347,9,2,On time,
DEN,ONT,2025-02-22,2,WN,819,-6,-25,On time,
MCO,CVG,2025-06-12,6,F9,757,5,1,On time,
MSY,ATL,2025-10-23,10,NK,425,44,30,Delayed,
DFW,PSP,2025-01-04,1,AA,1126,38,29,Delayed,
PHX,LAS,2025-02-24,2,WN,255,-2,-15,On time,
STL,LAS,2025-01-21,1,WN,1371,34,3,On time,
LAX,SJC,2025-10-12,10,WN,308,21,9,On time,
LAS,DAL,2025-10-02,10,WN,1067,-3,-9,On time,
LGA,HYA,2025-08-27,8,YX,197,18,6,On time,
PHX,MIA,2025-03-17,3,AA,1972,-1,-7,On time,
MSP,OKC,2025-02-18,2,OO,694,194,196,Delayed,
PHL,BOS,2025-12-21,12,YX,280,-5,-27,On time,
HOU,DAL,2025-08-17,8,WN,239,-4,-13,On time,
EYW,DCA,2025-04-06,4,YX,1023,4,3,On time,
JFK,ORD,2025-09-25,9,YX,740,-6,6,On time,
SJC,LAS,2025-05-25,5,WN,386,-4,-19,On time,
BWI,FLL,2025-01-11,1,WN,925,0,3,On time,
RDM,SAN,2025-02-10,2,OO,823,0,-8,On time,
ORD,CID,2025-09-29,9,MQ,196,-6,7,On time,
SMF,MIA,2025-05-13,5,AA,2552,-7,-35,On time,
BDL,FLL,2025-06-15,6,NK,1173,-1,-19,On time,
PHX,CLT,2025-01-11,1,AA,1773,-1,-23,On time,
ORD,IAD,2025-06-22,6,UA,588,-9,-16,On time,
DFW,GJT,2025-12-08,12,MQ,772,-3,-4,On time,
RSW,JFK,2025-07-15,7,DL,1074,-4,-14,On time,
SAN,SLC,2025-08-10,8,DL,626,-3,14,On time,
MIA,EWR,2025-02-22,2,UA,1085,-5,-6,On time,
ATL,BOS,2025-01-05,1,B6,946,81,68,Delayed,
BOS,EWR,2025-05-14,5,UA,200,11,13,On time,
MIA,GSP,2025-01-17,1,MQ,637,-5,-6,On time,
FLL,ORD,2025-11-02,11,UA,1182,-9,-5,On time,
MIA,SAT,2025-10-22,10,AA,1143,-7,-30,On time,
SLC,SEA,2025-06-15,6,DL,689,-4,-10,On time,
MIA,ISP,2025-07-08,7,WN,1113,-7,-16,On time,
LAX,DFW,2025-04-19,4,F9,1235,-6,5,On time,
LGA,MSY,2025-10-15,10,DL,1183,0,-4,On time,
ORD,LGA,2025-07-16,7,UA,733,-5,1,On time,
ORD,DFW,2025-03-27,3,AA,802,0,-22,On time,
LAX,SLC,2025-07-23,7,DL,590,-4,-22,On time,
BUF,CLT,2025-08-09,8,AA,546,-4,-7,On time,
TPA,MIA,2025-02-16,2,AA,204,-7,-18,On time,
HOB,DEN,2025-07-15,7,OO,501,-3,-8,On time,
MCO,ATL,2025-03-08,3,DL,404,33,53,Delayed,
BHM,TPA,2025-03-06,3,WN,459,12,6,On time,
IND,LGA,2025-07-15,7,YX,660,-3,5,On time,
PBI,DEN,2025-12-27,12,UA,1679,-2,-30,On time,
SMF,SLC,2025-10-06,10,WN,532,6,5,On time,
PNS,ATL,2025-03-04,3,DL,271,-6,-14,On time,
PHL,CLT,2025-09-29,9,AA,449,-3,-17,On time,
EWR,DEN,2025-03-22,3,UA,1605,-11,-28,On time,
DAL,SAT,2025-05-01,5,WN,247,-2,-16,On time,
SAN,DFW,2025-10-24,10,AA,1171,-8,-23,On time,
SDF,ORD,2025-06-11,6,YX,286,18,3,On time,
BWI,TPA,2025-06-20,6,WN,842,38,27,Delayed,
PIE,RIC,2025-10-24,10,G4,732,-6,-1,On time,
DEN,SMF,2025-03-23,3,UA,909,-1,-16,On time,
MCI,ABQ,2025-03-06,3,WN,718,-7,1,On time,
CLT,HPN,2025-04-11,4,OH,564,63,62,Delayed,
PHL,ATL,2025-06-01,6,OH,666,-5,-26,On time,
STL,ICT,2025-09-07,9,WN,392,28,19,Delayed,
CVG,MSP,2025-11-30,11,DL,596,62,52,Delayed,
HOU,PIT,2025-06-14,6,WN,1131,-5,-5,On time,
BOS,LAX,2025-07-01,7,DL,2611,-3,-9,On time,
PDX,MIA,2025-02-13,2,AS,2700,-4,16,Delayed,
JFK,LAX,2025-05-11,5,DL,2475,0,-4,On time,
MAF,HOU,2025-03-07,3,WN,441,-8,-18,On time,
SAT,DFW,2025-01-07,1,AA,247,24,6,On time,
ABY,ATL,2025-05-10,5,OO,145,-6,-16,On time,
MDW,TPA,2025-07-06,7,WN,997,53,63,Delayed,
PBI,HPN,2025-12-23,12,B6,1056,29,41,Delayed,
JFK,CHS,2025-06-09,6,B6,636,-6,-9,On time,
BHM,DEN,2025-08-17,8,WN,1083,21,4,On time,
DCA,HPN,2025-08-10,8,OH,234,-7,-2,On time,
DAL,PHL,2025-09-04,9,WN,1295,-2,-4,On time,
PIT,DEN,2025-01-25,1,WN,1290,-5,5,On time,
SMF,SFO,2025-04-16,4,OO,86,-5,-23,On time,
DTW,MCO,2025-12-03,12,NK,957,-2,-24,On time,
PDX,BOS,2025-04-27,4,AS,2537,20,2,On time,
PIT,STL,2025-12-27,12,WN,554,7,4,On time,
AZA,SGF,2025-07-22,7,G4,1066,-10,-14,On time,
LAX,DFW,2025-02-20,2,AA,1235,19,5,On time,
LAS,RDU,2025-05-28,5,F9,2026,-2,-21,On time,
DCA,MDW,2025-09-05,9,WN,601,-9,-15,On time,
MRY,PHX,2025-03-29,3,MQ,598,59,67,Delayed,
MYR,SWF,2025-09-07,9,G4,601,-9,-20,On time,
SLC,SAN,2025-02-23,2,DL,626,3,-18,On time,
LAS,VPS,2025-01-09,1,G4,1695,-5,2,On time,
PIT,CLT,2025-06-23,6,AA,366,-4,-2,On time,
ONT,PHX,2025-03-18,3,WN,325,-3,-23,On time,
DCA,FLL,2025-06-15,6,WN,899,132,123,Delayed,
CHS,JFK,2025-06-08,6,B6,636,19,10,On time,
SFO,SMF,2025-06-11,6,OO,86,-6,9,On time,
DEN,SAT,2025-01-01,1,WN,794,-3,9,On time,
JFK,BNA,2025-02-04,2,YX,765,-6,-13,On time,
PIE,PBG,2025-07-20,7,G4,1262,57,55,Delayed,
DFW,AUS,2025-02-23,2,AA,190,1,-1,On time,
SMF,SEA,2025-09-30,9,OO,605,-2,30,Delayed,
SNA,BNA,2025-12-08,12,WN,1772,14,9,On time,
PHX,TPA,2025-06-28,6,AA,1788,3,-3,On time,
TUS,MDW,2025-06-29,6,WN,1440,-4,-14,On time,
ALB,DFW,2025-09-18,9,AA,1434,-10,-36,On time,
DCA,BTV,2025-08-15,8,OH,437,-3,-17,On time,
MIA,TYS,2025-04-29,4,AA,724,-4,-16,On time,
ORD,MKE,2025-10-28,10,OO,67,0,-12,On time,
SEA,EUG,2025-09-11,9,OO,234,23,18,Delayed,
PVU,SNA,2025-08-21,8,G4,565,-7,-12,On time,
JAX,ATL,2025-12-29,12,F9,269,61,64,Delayed,
FLL,DTW,2025-03-11,3,NK,1127,-8,-10,On time,
OGG,HNL,2025-01-08,1,HA,100,-7,-8,On time,
DFW,ONT,2025-03-25,3,AA,1188,40,23,Delayed,
SAN,SEA,2025-05-05,5,AS,1050,6,5,On time,
MLI,LAS,2025-07-27,7,G4,1376,21,16,Delayed,
SFO,EWR,2025-07-02,7,UA,2565,325,297,Delayed,
SAN,HNL,2025-10-28,10,WN,2614,2,-10,On time,
SAN,OGG,2025-07-02,7,AS,2540,-7,-17,On time,
CLT,ATL,2025-07-29,7,DL,226,-6,-22,On time,
PHX,GEG,2025-05-19,5,AA,1020,72,67,Delayed,
ORD,MKE,2025-02-07,2,OO,67,2,-14,On time,
ORF,DFW,2025-05-04,5,AA,1212,-1,-7,On time,
BUR,SFO,2025-05-11,5,UA,326,46,44,Delayed,
FLL,BNA,2025-09-15,9,WN,793,-5,-10,On time,
IAH,MIA,2025-06-09,6,UA,964,31,4,On time,
PHL,JAX,2025-01-31,1,F9,742,-7,-1,On time,
SGU,SLC,2025-01-05,1,OO,272,-10,-18,On time,
IAD,RDU,2025-03-13,3,UA,224,-4,-3,On time,
DIK,DEN,2025-09-15,9,OO,488,-11,-8,On time,
LGA,FLL,2025-05-05,5,DL,1076,2,12,On time,
MDW,DAL,2025-05-30,5,WN,793,0,5,On time,
SEA,AUS,2025-08-10,8,AS,1770,3,1,On time,
RAP,LAS,2025-03-13,3,G4,843,8,8,On time,
SFO,LAS,2025-06-24,6,WN,414,23,28,Delayed,
TPA,PHX,2025-06-26,6,WN,1788,18,64,Delayed,
PDX,DCA,2025-10-20,10,AS,2350,-4,-34,On time,
CLT,AVP,2025-02-26,2,AA,509,-12,-20,On time,
LAS,IDA,2025-06-20,6,G4,538,-14,-16,On time,
DEN,WYS,2025-08-05,8,OO,469,14,3,On time,
DEN,BHM,2025-05-11,5,OO,1083,45,51,Delayed,
CLT,ATL,2025-06-04,6,OH,226,6,25,Delayed,
AUS,LAS,2025-09-29,9,WN,1090,26,12,On time,
ATL,EWR,2025-11-11,11,DL,746,64,73,Delayed,
IAH,MCO,2025-09-08,9,NK,854,-4,-6,On time,
PNS,DFW,2025-03-03,3,MQ,604,0,-5,On time,
FCA,DEN,2025-09-08,9,OO,752,-5,-19,On time,
SGU,SLC,2025-12-22,12,OO,272,-8,-23,On time,
SRQ,BOS,2025-03-28,3,B6,1220,-13,-8,On time,
SEA,BOI,2025-10-25,10,AS,399,-4,-13,On time,
JFK,DTW,2025-10-30,10,DL,509,340,299,Delayed,
PHX,SBA,2025-07-31,7,AA,455,94,90,Delayed,
MKE,DFW,2025-01-17,1,AA,853,-2,-17,On time,
SLC,BOS,2025-11-07,11,DL,2105,-8,-22,On time,
FLL,ATL,2025-04-05,4,DL,581,2,7,On time,
CLT,DTW,2025-07-10,7,AA,500,67,54,Delayed,
MCO,AUS,2025-07-10,7,DL,994,6,-3,On time,
ASE,SFO,2025-04-06,4,OO,848,5,-13,On time,
LGA,DTW,2025-02-04,2,NK,502,-13,-10,On time,
MTJ,DEN,2025-09-17,9,UA,197,9,9,On time,
BOS,MIA,2025-12-19,12,DL,1258,10,47,Delayed,
ORD,PVD,2025-12-04,12,OO,849,182,198,Delayed,
ISP,MCO,2025-07-27,7,WN,971,-1,-9,On time,
ORD,MSP,2025-01-17,1,UA,334,-6,-20,On time,
SFO,DFW,2025-08-09,8,AA,1464,-4,-7,On time,
ANC,DEN,2025-05-22,5,UA,2405,-16,-30,On time,
MSP,DFW,2025-07-14,7,AA,852,78,60,Delayed,
DFW,IAH,2025-05-16,5,AA,224,42,36,Delayed,
RSW,PIT,2025-10-24,10,WN,966,12,8,On time,
DEN,HOU,2025-01-08,1,WN,883,-2,-18,On time,
MCI,ORD,2025-05-19,5,OO,403,-9,-13,On time,
MSP,PDX,2025-07-08,7,DL,1426,22,0,On time,
PNS,PHL,2025-10-05,10,AA,935,2,-9,On time,
ORD,EYW,2025-01-07,1,MQ,1251,-1,-5,On time,
HOU,MEM,2025-07-10,7,WN,484,7,0,On time,
ATL,GRR,2025-08-21,8,DL,640,-5,-13,On time,
RSW,PHL,2025-03-24,3,AA,993,27,19,Delayed,
JFK,RSW,2025-09-15,9,B6,1074,-5,-22,On time,
BNA,FLL,2025-04-03,4,WN,793,25,15,Delayed,
IND,ORD,2025-02-02,2,YX,177,-3,-8,On time,
SEA,PDX,2025-06-28,6,OO,129,0,-9,On time,
SFO,PHX,2025-08-17,8,AA,651,-4,-14,On time,
PBI,ISP,2025-09-13,9,B6,1052,-6,-21,On time,
IAH,LAX,2025-10-21,10,UA,1379,0,-16,On time,
MCI,LGA,2025-09-27,9,DL,1107,-10,-16,On time,
CMH,MDW,2025-07-13,7,WN,283,53,37,Delayed,
DTW,MEM,2025-08-11,8,OO,610,8,11,On time,
SNA,SJC,2025-02-01,2,WN,342,-2,-23,On time,
PVU,DFW,2025-05-12,5,OO,958,-5,-16,On time,
PBI,LGA,2025-02-18,2,B6,1035,38,31,Delayed,
AZA,PVU,2025-11-22,11,G4,477,38,30,Delayed,
CLT,ORF,2025-06-25,6,AA,290,84,75,Delayed,
ATL,BOS,2025-01-29,1,B6,946,-13,-24,On time,
OMA,DEN,2025-12-28,12,F9,472,23,24,Delayed,
AGS,DFW,2025-12-08,12,OH,874,76,72,Delayed,
SEA,LAX,2025-06-30,6,F9,954,4,17,Delayed,
BDL,DTW,2025-05-14,5,DL,549,-5,-24,On time,
AUS,BNA,2025-07-08,7,WN,756,-3,-10,On time,
IAH,LAS,2025-02-03,2,NK,1222,-10,-30,On time,
DFW,ELP,2025-09-26,9,AA,551,75,46,Delayed,
LGA,MCO,2025-11-25,11,B6,950,-3,-24,On time,
CLT,MCO,2025-12-01,12,AA,468,683,668,Delayed,
LAS,LAX,2025-10-29,10,F9,236,-5,-4,On time,
CLT,DEN,2025-02-13,2,AA,1337,23,45,Delayed,
OGG,KOA,2025-10-27,10,HA,84,3,1,On time,
LAS,LAX,2025-04-13,4,NK,236,-9,9,On time,
SFO,MIA,2025-11-04,11,AA,2585,-2,-1,On time,
SFO,RDU,2025-01-19,1,UA,2400,-6,-10,On time,
MIA,ATL,2025-10-21,10,DL,594,-7,-13,On time,
SEA,SFO,2025-05-01,5,AS,679,1,4,On time,
DFW,EWR,2025-07-19,7,UA,1372,-2,2,On time,
OAK,LAS,2025-06-27,6,NK,407,-9,-23,On time,
SDF,ORD,2025-07-12,7,YX,286,-6,-9,On time,
BNA,JFK,2025-09-19,9,YX,765,-9,-14,On time,
DFW,JAC,2025-09-07,9,AA,1047,84,81,Delayed,
SNA,LAS,2025-06-13,6,OO,226,739,724,Delayed,
JAX,DTW,2025-05-02,5,DL,813,-6,-28,On time,
BZN,ORD,2025-06-28,6,OO,1185,-7,12,On time,
DFW,DRO,2025-11-11,11,OO,674,-6,-20,On time,
MSP,BUF,2025-07-14,7,DL,735,0,-5,On time,
CAE,DFW,2025-10-15,10,OH,922,35,10,On time,
ORD,CAK,2025-04-12,4,OO,343,-10,-27,On time,
IAH,CRP,2025-10-10,10,OO,201,28,16,Delayed,
SFO,DTW,2025-12-07,12,DL,2079,36,36,Delayed,
AUS,IAH,2025-02-26,2,UA,140,-5,-15,On time,
ORD,SPI,2025-11-24,11,MQ,174,-3,-19,On time,
MCI,PHX,2025-04-25,4,OO,1044,-3,3,On time,
CLT,TPA,2025-10-24,10,AA,507,8,8,On time,
TUS,ATL,2025-03-17,3,DL,1541,-6,6,On time,
DTW,DEN,2025-09-18,9,DL,1123,-5,-9,On time,
HNL,KOA,2025-03-26,3,HA,163,3,7,On time,
BHM,BNA,2025-03-15,3,WN,177,57,47,Delayed,
BOS,RSW,2025-07-04,7,B6,1249,0,-15,On time,
RDU,DCA,2025-05-29,5,MQ,227,-5,-9,On time,
DFW,MKE,2025-03-07,3,AA,853,-3,-25,On time,
RIC,CLT,2025-05-30,5,AA,257,129,132,Delayed,
ORD,PIT,2025-03-24,3,YX,413,-5,-2,On time,
MSP,DEN,2025-10-03,10,UA,680,-8,-13,On time,
MSP,SAT,2025-11-17,11,DL,1097,1,-4,On time,
XNA,CLT,2025-10-16,10,OH,754,-7,-17,On time,
LBB,AUS,2025-04-21,4,WN,341,-6,-13,On time,
DEN,STL,2025-09-29,9,OO,770,10,1,On time,
SFO,MIA,2025-07-25,7,UA,2585,-8,1,On time,
OKC,HOU,2025-06-20,6,WN,419,-5,-5,On time,
LGA,MCO,2025-02-15,2,DL,950,35,44,Delayed,
BNA,MKE,2025-08-28,8,WN,475,1,-6,On time,
FAR,DFW,2025-04-25,4,MQ,968,-4,-12,On time,
LCK,PIE,2025-06-04,6,G4,821,-11,-22,On time,
DAL,LGA,2025-12-31,12,WN,1381,78,78,Delayed,
MSP,ATL,2025-05-03,5,DL,907,57,83,Delayed,
MCO,SJU,2025-06-22,6,B6,1189,44,37,Delayed,
RDU,DFW,2025-03-25,3,AA,1061,-4,-17,On time,
LAX,HOU,2025-03-16,3,WN,1390,-1,-29,On time,
AUS,MIA,2025-07-30,7,AA,1103,-11,-10,On time,
OMA,MIA,2025-03-28,3,MQ,1393,-3,-14,On time,
DEN,BZN,2025-10-10,10,WN,524,21,7,On time,
CMH,CLT,2025-09-06,9,OH,347,-4,17,Delayed,
SJC,SEA,2025-04-09,4,AS,696,-15,-12,On time,
LGA,MSY,2025-07-14,7,DL,1183,1,1,On time,
CHA,CLT,2025-03-16,3,OH,241,56,44,Delayed,
SNA,SMF,2025-12-05,12,WN,404,42,46,Delayed,
EUG,DEN,2025-12-14,12,UA,996,84,69,Delayed,
CLD,PHX,2025-06-17,6,MQ,306,-8,-23,On time,
MEM,DAL,2025-11-17,11,WN,423,-1,-10,On time,
BQN,FLL,2025-11-23,11,B6,982,-2,12,On time,
DFW,SJT,2025-11-18,11,OO,229,-6,-5,On time,
DFW,MEM,2025-07-03,7,MQ,431,25,18,Delayed,
LAX,MCO,2025-08-06,8,DL,2218,-5,-17,On time,
BOS,DFW,2025-07-16,7,AA,1562,-7,-22,On time,
BHM,BNA,2025-05-14,5,WN,177,-4,-4,On time,
DEN,PHX,2025-09-12,9,WN,602,16,18,Delayed,
MKE,MSP,2025-01-31,1,DL,297,-14,-35,On time,
WRG,KTN,2025-02-28,2,AS,82,-20,-25,On time,
FLL,DFW,2025-06-13,6,NK,1119,-7,-15,On time,
RDU,ATL,2025-04-20,4,DL,356,69,51,Delayed,
OKC,DFW,2025-08-28,8,MQ,175,-5,4,On time,
ONT,OAK,2025-06-22,6,WN,362,-6,-6,On time,
OMA,DFW,2025-06-26,6,AA,583,0,-7,On time,
ANC,SCC,2025-10-18,10,AS,626,-6,-16,On time,
TPA,MIA,2025-05-01,5,MQ,204,-9,-16,On time,
HPN,DCA,2025-07-20,7,OH,234,11,77,Delayed,
EWR,BOS,2025-09-15,9,UA,200,-9,-17,On time,
HOU,HRL,2025-01-20,1,WN,277,-3,-10,On time,
LAX,FLL,2025-03-12,3,B6,2343,-1,-36,On time,
DCA,BOS,2025-02-05,2,YX,399,0,-9,On time,
DEN,MDW,2025-06-20,6,WN,895,-1,-6,On time,
FAI,SEA,2025-03-27,3,AS,1533,0,-6,On time,
LIH,OAK,2025-04-08,4,HA,2457,2,-4,On time,
MCI,BWI,2025-04-10,4,WN,967,-1,-6,On time,
CMH,ATL,2025-07-03,7,DL,447,-4,-5,On time,
ORD,ROA,2025-08-19,8,OO,530,8,28,Delayed,
ORD,LGA,2025-04-03,4,AA,733,110,99,Delayed,
LEX,ATL,2025-11-15,11,DL,304,-5,-23,On time,
SEA,CLE,2025-08-03,8,AS,2021,20,31,Delayed,
DCA,LGA,2025-08-30,8,YX,214,-2,-15,On time,
CLE,ORD,2025-10-05,10,OO,316,3,-7,On time,
PHL,SLC,2025-07-22,7,AA,1927,10,-9,On time,
MSN,PHX,2025-03-15,3,AA,1396,-5,-20,On time,
AUS,SJC,2025-10-24,10,WN,1476,17,6,On time,
BOS,RDU,2025-10-30,10,DL,612,191,180,Delayed,
BUR,PHX,2025-02-26,2,WN,369,-3,1,On time,
SEA,DEN,2025-09-20,9,DL,1024,-8,-11,On time,
SJU,IAH,2025-11-30,11,NK,2007,118,103,Delayed,
LGA,TUL,2025-12-24,12,YX,1231,-8,-26,On time,
MEM,ATL,2025-05-09,5,DL,332,210,213,Delayed,
FAT,SEA,2025-07-09,7,OO,748,-10,-11,On time,
BIS,MSP,2025-12-05,12,DL,386,4,38,Delayed,
SEA,SLC,2025-03-16,3,DL,689,-7,-23,On time,
SLC,ATL,2025-09-02,9,DL,1590,-5,-19,On time,
LGA,FLL,2025-07-18,7,B6,1076,156,199,Delayed,
PHX,AUS,2025-06-25,6,WN,872,5,39,Delayed,
LAX,TUS,2025-11-06,11,OO,451,-1,-1,On time,
DTW,RIC,2025-05-20,5,DL,456,-5,-12,On time,
ORD,LAX,2025-06-08,6,AA,1744,-1,-18,On time,
LAX,DFW,2025-03-12,3,AA,1235,18,38,Delayed,
DEN,ELP,2025-09-28,9,WN,563,-3,0,On time,
CLT,ORF,2025-08-10,8,AA,290,-1,-14,On time,
ATL,JFK,2025-03-14,3,B6,760,1,-4,On time,
LGA,IAH,2025-09-02,9,UA,1416,-2,-7,On time,
CMH,MDW,2025-01-24,1,WN,283,-3,-5,On time,
SJC,PHX,2025-03-13,3,OO,621,303,291,Delayed,
SEA,DAL,2025-09-01,9,WN,1670,17,-2,On time,
SAN,PHX,2025-12-31,12,WN,304,109,98,Delayed,
EGE,ATL,2025-02-02,2,DL,1312,17,-14,On time,
DEN,SAN,2025-09-11,9,UA,853,10,28,Delayed,
PVU,PDX,2025-05-16,5,G4,664,-6,-9,On time,
MCO,AUS,2025-09-22,9,WN,994,0,10,On time,
SJC,HNL,2025-01-29,1,HA,2417,-5,-12,On time,
IAD,MCO,2025-10-06,10,F9,758,-9,-33,On time,
PHX,AUS,2025-05-13,5,WN,872,12,4,On time,
BFL,PHX,2025-05-03,5,OO,425,408,412,Delayed,
PHX,GJT,2025-05-03,5,OO,438,1,7,On time,
GRR,MSP,2025-11-09,11,DL,408,-2,3,On time,
MDW,RIC,2025-09-24,9,WN,629,-5,-20,On time,
ATL,AGS,2025-02-28,2,OO,143,-6,-13,On time,
BWI,PIT,2025-05-12,5,WN,210,23,16,Delayed,
ORD,DFW,2025-08-30,8,UA,802,-8,-15,On time,
ONT,SFO,2025-06-25,6,UA,363,-6,-7,On time,
ORD,DFW,2025-01-17,1,AA,802,-2,-16,On time,
SLC,JAC,2025-01-20,1,OO,205,23,23,Delayed,
MDW,PHL,2025-05-21,5,WN,668,11,13,On time,
SFO,DFW,2025-11-05,11,AA,1464,3,-3,On time,
LAX,DFW,2025-01-10,1,AA,1235,-1,3,On time,
BWI,ORD,2025-05-04,5,OO,622,0,-17,On time,
SEA,SJC,2025-09-03,9,WN,696,-7,-26,On time,
CPR,DEN,2025-12-05,12,OO,230,-13,-17,On time,
RNO,SAN,2025-01-25,1,WN,488,-3,4,On time,
DEN,ORD,2025-08-17,8,AA,888,22,18,Delayed,
BWI,ALB,2025-11-24,11,WN,288,12,3,On time,
DCA,MHT,2025-08-15,8,OH,406,-11,-27,On time,
DFW,DEN,2025-10-07,10,UA,641,-8,-7,On time,
CLE,DCA,2025-01-13,1,OH,310,-6,-38,On time,
AUS,IAH,2025-10-27,10,UA,140,-9,-13,On time,
ATL,MEM,2025-05-31,5,DL,332,29,18,Delayed,
LAX,MSY,2025-03-17,3,WN,1670,70,47,Delayed,
MLU,DFW,2025-07-30,7,MQ,293,-7,-16,On time,
ORD,DEN,2025-03-19,3,UA,888,0,0,On time,
GSP,EWR,2025-08-18,8,YX,594,-6,1,On time,
DEN,ELP,2025-09-09,9,WN,563,5,0,On time,
CLT,BNA,2025-02-21,2,MQ,328,28,21,Delayed,
IAD,IAH,2025-08-27,8,UA,1190,-5,3,On time,
RSW,DEN,2025-03-07,3,UA,1607,-4,5,On time,
RDM,PHX,2025-08-09,8,MQ,893,-2,-18,On time,
MIA,MDW,2025-07-09,7,WN,1182,-7,-18,On time,
HNL,OGG,2025-07-23,7,WN,101,-1,-2,On time,
SJU,STX,2025-12-06,12,B6,94,3,-3,On time,
PIT,CLT,2025-11-05,11,AA,366,-5,-14,On time,
DEN,BWI,2025-01-07,1,UA,1491,198,215,Delayed,
HRL,DFW,2025-06-28,6,MQ,461,14,-2,On time,
LGA,DTW,2025-03-31,3,DL,502,-2,-19,On time,
ATL,TUL,2025-03-20,3,DL,674,-3,-12,On time,
STL,MSP,2025-08-01,8,DL,448,-1,-10,On time,
TPA,DCA,2025-08-26,8,WN,814,-3,-20,On time,
PHL,STL,2025-07-09,7,WN,814,17,12,On time,
MIA,BOS,2025-09-05,9,DL,1258,32,20,Delayed,
MSP,DEN,2025-12-13,12,DL,680,-1,-17,On time,
SFO,ACV,2025-08-08,8,OO,250,-8,-15,On time,
LAS,AUS,2025-02-14,2,WN,1090,-1,-2,On time,
SAN,SJC,2025-09-05,9,WN,417,-4,-11,On time,
CLT,SFO,2025-05-22,5,AA,2296,-1,24,Delayed,
TLH,DCA,2025-03-28,3,OH,716,47,42,Delayed,
LAX,SEA,2025-03-13,3,UA,954,-3,-19,On time,
SFO,SLC,2025-02-21,2,DL,599,-3,-13,On time,
COS,DFW,2025-10-02,10,OO,592,-7,-10,On time,
LAX,BOI,2025-06-05,6,OO,674,25,20,Delayed,
MDW,ATL,2025-01-29,1,WN,591,-5,-20,On time,
RDU,SLC,2025-09-10,9,DL,1824,32,22,Delayed,
IAD,CLE,2025-04-11,4,YX,288,11,7,On time,
LAX,PHX,2025-02-01,2,WN,370,-5,-15,On time,
DEN,MCI,2025-08-04,8,F9,533,38,24,Delayed,
MCO,SEA,2025-07-26,7,AS,2554,55,24,Delayed,
CLT,CVG,2025-07-11,7,AA,335,-3,2,On time,
SFO,IAD,2025-03-16,3,UA,2419,142,141,Delayed,
MCO,CLT,2025-02-26,2,AA,468,-5,-18,On time,
SFO,ANC,2025-07-06,7,UA,2018,-4,-20,On time,
ORD,PHX,2025-04-02,4,UA,1440,228,242,Delayed,
ATL,DFW,2025-08-08,8,AA,731,-6,-12,On time,
TUL,DEN,2025-10-04,10,WN,541,88,88,Delayed,
DEN,SLC,2025-04-25,4,OO,391,-1,-5,On time,
CLT,CHS,2025-06-10,6,AA,168,-5,10,On time,
BWI,TPA,2025-02-22,2,WN,842,-2,-12,On time,
LAX,SEA,2025-02-04,2,AS,954,-6,-29,On time,
AUS,BNA,2025-07-09,7,WN,756,-5,-20,On time,
BOS,CMH,2025-03-18,3,MQ,640,-6,-33,On time,
CWA,ORD,2025-10-18,10,MQ,213,26,13,On time,
DTW,SEA,2025-10-31,10,DL,1927,0,-16,On time,
MDW,MCO,2025-07-25,7,WN,990,268,260,Delayed,
DFW,HRL,2025-02-01,2,MQ,461,-8,-25,On time,
PHL,DEN,2025-10-31,10,AA,1558,-2,-15,On time,
DCA,MHT,2025-09-04,9,OH,406,2,-4,On time,
ORD,ALB,2025-09-19,9,UA,723,-1,8,On time,
ATL,DAL,2025-01-27,1,DL,721,-7,-13,On time,
JFK,LAX,2025-09-25,9,DL,2475,1,-13,On time,
TUS,SEA,2025-12-31,12,AS,1215,-7,-7,On time,
ATL,SFO,2025-07-24,7,UA,2139,-2,-31,On time,
MCO,SFO,2025-04-22,4,AS,2446,-13,-23,On time,
MRY,PHX,2025-02-10,2,OO,598,-10,-24,On time,
GRR,DTW,2025-05-08,5,OO,120,-10,-3,On time,
BOS,JAX,2025-05-15,5,YX,1010,-4,-20,On time,
HOU,JAN,2025-09-07,9,WN,359,11,30,Delayed,
ATL,BWI,2025-03-14,3,DL,577,-5,-3,On time,
EWR,ORD,2025-09-16,9,UA,719,-5,-5,On time,
AUS,HOU,2025-06-24,6,WN,148,-2,7,On time,
BNA,MCO,2025-09-27,9,WN,616,0,-2,On time,
BWI,MIA,2025-07-20,7,WN,946,-3,-26,On time,
SNA,ORD,2025-03-04,3,AA,1726,23,42,Delayed,
STL,LGA,2025-08-06,8,YX,888,-5,-8,On time,
DAL,OAK,2025-03-22,3,WN,1468,-3,-13,On time,
PHX,SNA,2025-04-21,4,AA,338,-1,-12,On time,
DEN,ECP,2025-07-03,7,WN,1250,15,2,On time,
JFK,LAS,2025-09-15,9,DL,2248,-2,-3,On time,
MEM,DFW,2025-01-03,1,AA,431,77,64,Delayed,
BOS,MCO,2025-01-23,1,NK,1121,34,50,Delayed,
JFK,SJU,2025-05-27,5,F9,1598,-6,-32,On time,
MSP,BWI,2025-06-05,6,WN,936,1,4,On time,
LAX,BNA,2025-07-20,7,WN,1798,-7,-27,On time,
BET,ANC,2025-04-14,4,AS,399,38,46,Delayed,
PAE,LAS,2025-07-24,7,AS,894,54,56,Delayed,
SAV,DEN,2025-06-12,6,WN,1414,16,2,On time,
PHX,MIA,2025-11-26,11,AA,1972,-4,13,On time,
BUF,LAS,2025-12-05,12,WN,1986,2,-13,On time,
MCO,CLT,2025-02-09,2,AA,468,-3,-5,On time,
ORD,EWR,2025-12-16,12,UA,719,-6,-4,On time,
CLT,RSW,2025-07-04,7,AA,600,21,21,Delayed,
EUG,PDX,2025-10-26,10,OO,105,-2,9,On time,
BQN,MIA,2025-05-24,5,F9,981,-33,-45,On time,
ORD,STT,2025-03-17,3,UA,2116,-1,-25,On time,
BOS,CLT,2025-11-17,11,AA,728,-13,-36,On time,
SLC,PHX,2025-03-04,3,OO,507,-3,-8,On time,
DFW,LAS,2025-05-06,5,AA,1055,145,164,Delayed,
LAX,DEN,2025-11-18,11,UA,862,-2,-7,On time,
IAH,ONT,2025-04-09,4,UA,1334,-10,-35,On time,
ATL,DCA,2025-01-11,1,DL,547,-1,3,On time,
BDL,DCA,2025-08-31,8,YX,313,-5,-16,On time,
CHS,JFK,2025-01-27,1,B6,636,-10,-32,On time,
LAS,JFK,2025-12-02,12,DL,2248,10,-7,On time,
ATL,SDF,2025-08-08,8,DL,321,24,1,On time,
DFW,ORF,2025-05-25,5,AA,1212,48,44,Delayed,
DTW,PBI,2025-10-30,10,DL,1086,0,8,On time,
HOU,LAS,2025-03-28,3,WN,1235,15,-6,On time,
DAL,PHX,2025-02-07,2,WN,879,5,-2,On time,
HNL,LIH,2025-10-09,10,HA,102,2,7,On time,
SAT,DAL,2025-10-17,10,WN,247,18,12,On time,
ORD,LIT,2025-05-19,5,MQ,552,93,95,Delayed,
ATL,LAS,2025-04-01,4,DL,1747,-3,-3,On time,
PHL,MCO,2025-11-17,11,NK,862,36,10,On time,
SLC,FCA,2025-06-06,6,OO,531,-6,5,On time,
CLT,DEN,2025-05-26,5,AA,1337,-6,-19,On time,
MIA,JFK,2025-02-07,2,AA,1089,-7,-20,On time,
MSY,ATL,2025-06-13,6,DL,425,29,28,Delayed,
BOS,ATL,2025-05-29,5,DL,946,48,34,Delayed,
DEN,BUR,2025-10-19,10,UA,850,-2,-12,On time,
PHL,CLE,2025-03-13,3,YX,363,-6,-7,On time,
EWR,DEN,2025-10-07,10,UA,1605,0,2,On time,
ORH,FLL,2025-08-30,8,B6,1211,3,3,On time,
SFO,TUS,2025-12-30,12,OO,751,-6,-12,On time,
ATL,TPA,2025-06-09,6,DL,406,-5,5,On time,
TUL,ATL,2025-12-14,12,DL,674,-1,-10,On time,
MIA,TPA,2025-05-11,5,MQ,204,-5,-5,On time,
SFO,DFW,2025-05-11,5,AA,1464,1,-18,On time,
PHX,HNL,2025-08-04,8,WN,2917,-4,-11,On time,
ATL,DTW,2025-03-10,3,DL,594,51,41,Delayed,
EWR,BNA,2025-06-20,6,UA,748,-10,-19,On time,
DEN,LIT,2025-09-13,9,OO,771,106,111,Delayed,
PHL,SYR,2025-10-21,10,OH,228,-11,-14,On time,
HPN,ORD,2025-07-07,7,MQ,738,7,43,Delayed,
IAH,MCO,2025-01-19,1,NK,854,-1,-4,On time,
OMA,DAL,2025-09-25,9,WN,586,4,2,On time,
DEN,PHL,2025-12-07,12,AA,1558,-5,-32,On time,
AUS,MCO,2025-01-17,1,WN,994,11,-7,On time,
SJU,RDU,2025-09-26,9,B6,1432,-3,-21,On time,
STL,PHX,2025-06-09,6,WN,1262,6,3,On time,
MSP,SLC,2025-04-21,4,DL,991,-2,-1,On time,
LBE,MCO,2025-12-01,12,NK,823,-8,-15,On time,
ATL,PNS,2025-08-26,8,DL,272,-4,-6,On time,
JFK,LAX,2025-07-31,7,AA,2475,-6,-19,On time,
DFW,DSM,2025-09-22,9,MQ,624,11,25,Delayed,
TUS,LAX,2025-11-20,11,OO,451,1,-4,On time,
DEN,LAS,2025-08-09,8,F9,628,149,134,Delayed,
MKE,BNA,2025-10-07,10,WN,475,-6,5,On time,
SLC,FAT,2025-07-01,7,OO,501,-2,-9,On time,
EWR,BNA,2025-01-22,1,UA,748,-6,-16,On time,
MYR,ABE,2025-02-16,2,G4,518,26,24,Delayed,
TPA,LGA,2025-11-17,11,AA,1010,-5,-2,On time,
RSW,MKE,2025-12-26,12,WN,1183,-10,-16,On time,
PVD,FLL,2025-02-07,2,B6,1188,-9,-28,On time,
JFK,LAX,2025-03-16,3,AA,2475,2,19,Delayed,
PHX,ATL,2025-11-26,11,DL,1587,20,10,On time,
SLC,JFK,2025-01-06,1,DL,1990,4,-6,On time,
BNA,CLT,2025-07-26,7,OH,328,-9,-21,On time,
LBB,DFW,2025-07-11,7,OO,282,-10,-24,On time,
ATL,BOS,2025-07-30,7,DL,946,19,-1,On time,
LAX,HNL,2025-02-22,2,DL,2556,-10,-52,On time,
PDX,MSP,2025-10-04,10,DL,1426,-17,-42,On time,
DEN,PHL,2025-03-18,3,WN,1558,24,20,Delayed,
ISP,BWI,2025-02-04,2,WN,220,-5,-28,On time,
CLT,FWA,2025-03-13,3,OH,460,15,27,Delayed,
RKS,DEN,2025-03-05,3,OO,260,-3,-27,On time,
HOU,STL,2025-11-14,11,WN,687,-1,-2,On time,
LGA,OKC,2025-06-04,6,YX,1341,-3,-25,On time,
DCA,MSP,2025-09-19,9,OH,931,-9,-15,On time,
DFW,STL,2025-06-29,6,AA,550,4,21,Delayed,
SMF,MDW,2025-09-01,9,WN,1790,-4,-10,On time,
SEA,SNA,2025-09-27,9,DL,978,-6,6,On time,
STL,ORD,2025-06-19,6,MQ,258,-1,6,On time,
SFB,CKB,2025-02-13,2,G4,727,20,11,On time,
SYR,MCO,2025-12-06,12,B6,1053,61,52,Delayed,
CLT,ILM,2025-08-19,8,AA,185,-10,-25,On time,
LGA,DFW,2025-12-17,12,AA,1389,-5,-20,On time,
COS,PHX,2025-10-29,10,WN,551,-6,-13,On time,
ATL,CLE,2025-07-24,7,F9,554,18,21,Delayed,
LGA,SDF,2025-05-30,5,YX,659,-9,-11,On time,
PHX,LAS,2025-10-27,10,AA,255,-8,-12,On time,
SJU,TPA,2025-11-09,11,B6,1237,-6,-13,On time,
MSP,GEG,2025-02-25,2,DL,1175,-5,-29,On time,
CLT,CHS,2025-02-18,2,AA,168,1,-6,On time,
SEA,MCI,2025-09-30,9,AS,1490,-5,-1,On time,
LAX,TPA,2025-10-09,10,UA,2158,-6,-31,On time,
JFK,RSW,2025-07-30,7,DL,1074,-2,-2,On time,
MCO,BWI,2025-04-12,4,F9,787,-2,2,On time,
IND,ATL,2025-07-31,7,DL,432,0,-2,On time,
LAS,OAK,2025-07-17,7,WN,407,16,4,On time,
PHL,TPA,2025-10-02,10,AA,920,-6,-18,On time,
PHL,BOS,2025-02-03,2,YX,280,11,3,On time,
CLT,RDU,2025-02-21,2,AA,130,0,0,On time,
EWR,VPS,2025-07-03,7,G4,988,73,91,Delayed,
SEA,SNA,2025-04-20,4,AS,978,-4,-7,On time,
RST,ORD,2025-04-16,4,OO,268,43,39,Delayed,
SAT,DAL,2025-02-07,2,WN,247,-2,-2,On time,
JFK,DEN,2025-03-14,3,B6,1626,-7,-17,On time,
CLT,BTR,2025-03-18,3,MQ,675,93,75,Delayed,
DEN,PSP,2025-02-18,2,OO,776,27,43,Delayed,
OMA,DEN,2025-04-22,4,WN,472,-5,-12,On time,
SFO,BOS,2025-06-18,6,UA,2704,-4,-26,On time,
JFK,ATL,2025-12-03,12,DL,760,5,-13,On time,
PIT,BNA,2025-05-09,5,WN,462,0,-3,On time,
OAK,LAS,2025-12-12,12,WN,407,0,-10,On time,
GJT,PHX,2025-11-30,11,MQ,438,-10,-26,On time,
DAY,DFW,2025-04-14,4,OH,861,-11,-26,On time,
DEN,IAD,2025-12-07,12,WN,1452,16,1,On time,
BWI,ALB,2025-05-14,5,WN,289,0,5,On time,
SFO,MSP,2025-04-17,4,OO,1589,-5,-20,On time,
MCO,CVG,2025-10-28,10,WN,757,9,1,On time,
BOS,ACK,2025-09-13,9,B6,91,-7,-16,On time,
ELM,SFB,2025-10-24,10,G4,954,1,10,On time,
CHS,DFW,2025-04-10,4,AA,987,-5,-11,On time,
DEN,BOS,2025-08-18,8,WN,1754,6,36,Delayed,
ATL,VPS,2025-07-30,7,DL,250,34,21,Delayed,
DFW,BZN,2025-02-15,2,AA,1163,20,7,On time,
CLT,LAS,2025-12-11,12,AA,1916,-2,-14,On time,
SLC,OAK,2025-05-20,5,OO,588,10,10,On time,
LAX,LAS,2025-12-26,12,UA,236,-3,4,On time,
MSP,HNL,2025-04-22,4,DL,3972,-7,-4,On time,
DEN,PDX,2025-02-06,2,WN,991,-4,16,Delayed,
ORD,BOS,2025-11-10,11,UA,867,-5,-5,On time,
SEA,ANC,2025-06-26,6,AS,1448,-1,1,On time,
SMF,MIA,2025-02-19,2,AA,2552,46,75,Delayed,
MCO,BOS,2025-01-03,1,NK,1121,-5,-17,On time,
LIT,DFW,2025-12-06,12,MQ,304,220,226,Delayed,
BWI,MHT,2025-01-30,1,WN,377,1,-4,On time,
LGA,DFW,2025-07-14,7,DL,1389,-5,-8,On time,
EWR,LAS,2025-05-28,5,UA,2227,21,18,Delayed,
KOA,PHX,2025-12-06,12,AA,2860,-10,-24,On time,
ATL,SJU,2025-09-06,9,F9,1547,6,-1,On time,
CLT,ORD,2025-04-23,4,AA,599,21,21,Delayed,
XNA,LAX,2025-05-03,5,OO,1371,213,191,Delayed,
RSW,ATL,2025-01-25,1,DL,515,-7,-20,On time,
MSP,AUS,2025-11-04,11,DL,1042,4,-10,On time,
LNK,DEN,2025-05-01,5,OO,423,-10,-23,On time,
CMH,ORD,2025-01-27,1,YX,296,-12,-14,On time,
ATL,SLC,2025-09-24,9,DL,1590,0,4,On time,
MRY,SAN,2025-05-08,5,OO,375,-7,-10,On time,
IAH,LGA,2025-07-13,7,UA,1416,91,91,Delayed,
DFW,MFE,2025-07-27,7,AA,469,73,65,Delayed,
SFO,BUR,2025-01-05,1,OO,326,182,173,Delayed,
CLT,JFK,2025-01-01,1,AA,541,-1,-7,On time,
LNK,DEN,2025-07-22,7,OO,423,-11,-1,On time,
ATL,MCO,2025-05-30,5,DL,404,-4,11,On time,
CLE,LAX,2025-04-25,4,UA,2052,-2,-7,On time,
AZA,GRR,2025-06-03,6,G4,1561,-24,-33,On time,
GRR,PHX,2025-03-21,3,AA,1574,-2,20,Delayed,
IAH,EWR,2025-07-31,7,UA,1400,0,-12,On time,
ORD,DTW,2025-06-27,6,UA,235,49,38,Delayed,
HOU,DAL,2025-12-30,12,WN,239,-1,-14,On time,
CLT,ATL,2025-05-14,5,DL,226,-6,-7,On time,
IND,SLC,2025-07-16,7,DL,1355,-8,-20,On time,
MSP,GRR,2025-06-14,6,OO,408,-5,-17,On time,
DFW,ICT,2025-06-01,6,OH,328,-3,28,Delayed,
AUS,EWR,2025-07-13,7,UA,1504,-9,36,Delayed,
CLT,MIA,2025-11-25,11,AA,650,-3,-2,On time,
SNA,PHX,2025-03-19,3,WN,338,-8,-7,On time,
ORD,CLE,2025-01-09,1,UA,316,-3,-4,On time,
LGB,SJC,2025-01-30,1,WN,324,-8,-17,On time,
DCA,BOS,2025-02-25,2,B6,399,-21,-39,On time,
LAX,EUG,2025-07-28,7,OO,748,-1,20,Delayed,
SLC,LAX,2025-08-20,8,OO,590,-8,-25,On time,
PHL,ORD,2025-11-16,11,AA,678,-1,-19,On time,
LAS,DEN,2025-03-25,3,F9,628,-10,-13,On time,
DCA,TLH,2025-07-02,7,OH,716,-7,-17,On time,
SNA,ORD,2025-06-07,6,UA,1726,-10,-16,On time,
PHX,MCI,2025-10-25,10,WN,1044,1,2,On time,
SLC,SMF,2025-06-25,6,DL,532,10,9,On time,
AZO,ORD,2025-07-14,7,MQ,122,2,17,Delayed,
ORD,IAD,2025-05-20,5,UA,588,12,0,On time,
MSP,GFK,2025-06-22,6,OO,284,-7,-18,On time,
BNA,LAS,2025-10-12,10,WN,1587,-2,-6,On time,
MSP,DCA,2025-07-27,7,DL,931,-13,-19,On time,
BNA,PHX,2025-06-07,6,WN,1449,-4,7,On time,
SFO,PHX,2025-06-21,6,F9,651,5,-9,On time,
CLT,EWN,2025-06-20,6,OH,221,-6,-26,On time,
ABQ,DFW,2025-07-12,7,MQ,569,13,20,Delayed,
SEA,JFK,2025-12-16,12,AS,2422,28,30,Delayed,
LAS,STL,2025-03-20,3,WN,1371,86,68,Delayed,
PIT,SFB,2025-03-22,3,G4,809,360,354,Delayed,
CLT,DTW,2025-06-03,6,DL,500,-6,-18,On time,
ATL,DFW,2025-07-19,7,NK,731,-2,-15,On time,
MKE,RSW,2025-03-29,3,WN,1183,-1,-5,On time,
LAN,ORD,2025-06-02,6,MQ,179,-3,-7,On time,
CLE,DFW,2025-04-17,4,AA,1021,-6,3,On time,
OAK,LAX,2025-07-01,7,WN,337,-6,-20,On time,
ORD,IND,2025-02-11,2,AA,177,-5,-12,On time,
SRQ,MCO,2025-11-24,11,WN,104,-4,-21,On time,
MSY,ORD,2025-06-07,6,YX,837,33,14,On time,
PHL,PVD,2025-05-29,5,AA,237,13,10,On time,
FLL,PHL,2025-04-21,4,AA,992,-6,-23,On time,
IAD,SEA,2025-06-11,6,DL,2306,-8,-22,On time,
HSV,ORD,2025-08-29,8,OO,510,-7,-19,On time,
LAX,EWR,2025-07-07,7,AS,2454,-4,-27,On time,
RNO,SAN,2025-01-04,1,WN,488,2,-6,On time,
BOS,IND,2025-10-02,10,YX,818,0,-25,On time,
BNA,MIA,2025-06-03,6,AA,806,-5,-8,On time,
GSP,ATL,2025-11-28,11,DL,153,-5,-28,On time,
SLC,SEA,2025-12-21,12,OO,689,0,-36,On time,
OMA,MDW,2025-12-18,12,WN,423,-6,-15,On time,
DCA,EYW,2025-01-10,1,YX,1023,16,11,On time,
ORD,SJC,2025-06-16,6,UA,1829,117,106,Delayed,
MSP,ATL,2025-03-06,3,DL,907,268,225,Delayed,
BNA,AUS,2025-08-12,8,WN,756,-5,-11,On time,
DAL,JAX,2025-01-16,1,WN,907,-8,-20,On time,
TUS,PHX,2025-01-20,1,MQ,110,-9,-14,On time,
EWR,ORD,2025-05-05,5,UA,719,109,82,Delayed,
SMF,LGB,2025-12-01,12,WN,387,131,120,Delayed,
TPA,MIA,2025-10-08,10,AA,204,-10,-9,On time,
RSW,ATL,2025-11-24,11,F9,515,-4,-21,On time,
IAH,TPA,2025-07-23,7,NK,787,-6,29,Delayed,
CLE,RDU,2025-08-03,8,F9,416,-8,-7,On time,
ATL,EWR,2025-06-21,6,NK,746,-1,-9,On time,
ATL,ICT,2025-07-20,7,DL,782,2,-13,On time,
ORD,DAY,2025-09-21,9,OH,240,-5,-8,On time,
DAL,SDF,2025-07-06,7,WN,725,50,45,Delayed,
SEA,DCA,2025-06-23,6,AS,2329,-2,-1,On time,
MCO,BWI,2025-12-13,12,WN,787,-5,-21,On time,
ATL,GSP,2025-07-19,7,DL,153,-5,-9,On time,
LAX,SBA,2025-06-08,6,OO,89,-3,4,On time,
ATL,DSM,2025-03-31,3,DL,743,70,69,Delayed,
IAH,MAF,2025-05-13,5,UA,429,47,54,Delayed,
AVL,AUS,2025-07-18,7,G4,950,-6,-8,On time,
DFW,PVU,2025-03-11,3,OO,958,51,58,Delayed,
DCA,FLL,2025-08-04,8,WN,899,0,-8,On time,
LAS,ORD,2025-06-13,6,NK,1514,-9,-16,On time,
HNL,LIH,2025-02-03,2,HA,102,-4,-8,On time,
ATL,ABQ,2025-06-24,6,DL,1269,-6,-28,On time,
RIC,CLT,2025-08-20,8,AA,257,10,14,On time,
SDF,DFW,2025-06-05,6,AA,733,-7,-12,On time,
TUS,ATL,2025-09-15,9,DL,1541,-8,-23,On time,
PGD,ALB,2025-06-29,6,G4,1185,31,35,Delayed,
TPA,ORD,2025-10-09,10,UA,1012,3,10,On time,
DAL,LBB,2025-09-23,9,WN,293,33,40,Delayed,
PDX,DTW,2025-01-03,1,DL,1953,38,36,Delayed,
LGA,PBI,2025-01-07,1,DL,1035,-6,-20,On time,
COS,DEN,2025-10-02,10,OO,73,-11,-27,On time,
LAS,TUS,2025-08-11,8,WN,364,-6,-6,On time,
MCI,DAL,2025-03-25,3,WN,461,-4,-18,On time,
BWI,LAS,2025-04-05,4,NK,2106,-11,-36,On time,
IAH,ORD,2025-02-17,2,UA,925,1,7,On time,
RNO,LAS,2025-12-30,12,WN,345,-3,-10,On time,
DTW,RDU,2025-05-19,5,DL,501,-2,-11,On time,
SRQ,BOS,2025-04-03,4,B6,1220,65,89,Delayed,
MDW,BZN,2025-06-17,6,WN,1198,-4,-3,On time,
EUG,SEA,2025-12-31,12,AS,234,-3,22,Delayed,
MDW,DCA,2025-11-28,11,WN,601,-5,0,On time,
ORD,CIU,2025-05-19,5,OO,341,-13,-26,On time,
LAX,SAN,2025-12-22,12,OO,109,0,-8,On time,
YUM,PHX,2025-04-20,4,OO,160,340,366,Delayed,
LAX,RNO,2025-07-24,7,OO,390,-6,-19,On time,
BWI,TPA,2025-10-24,10,NK,842,-7,-18,On time,
EWR,MCO,2025-02-22,2,NK,937,-4,-22,On time,
DCA,SAV,2025-11-01,11,YX,519,-9,-13,On time,
DAL,MEM,2025-06-25,6,WN,423,10,6,On time,
HNL,SFO,2025-11-16,11,UA,2398,-2,-10,On time,
OMA,ORD,2025-11-19,11,UA,416,-11,-14,On time,
DFW,BWI,2025-02-12,2,AA,1217,17,11,On time,
ORD,PIT,2025-12-07,12,YX,413,39,24,Delayed,
SAT,FLL,2025-12-05,12,NK,1145,18,-3,On time,
ROC,CLT,2025-12-07,12,AA,573,34,64,Delayed,
DEN,IND,2025-11-16,11,WN,976,3,-2,On time,
SEA,OMA,2025-11-11,11,AS,1368,-4,-23,On time,
SFO,JFK,2025-04-02,4,AS,2586,-8,-14,On time,
LAS,EWR,2025-10-03,10,UA,2227,-5,-31,On time,
DEN,LAX,2025-04-12,4,UA,862,-2,-14,On time,
BOI,DEN,2025-12-07,12,UA,649,-5,-16,On time,
BNA,LGA,2025-06-24,6,WN,764,-6,-17,On time,
PHX,CMH,2025-01-25,1,WN,1670,0,-11,On time,
SWF,MYR,2025-12-18,12,G4,601,-10,-6,On time,
PVD,ORD,2025-09-11,9,OO,849,0,8,On time,
LAX,ATL,2025-04-12,4,NK,1947,-7,-20,On time,
BDL,CLT,2025-08-07,8,AA,644,62,54,Delayed,
HNL,SAN,2025-05-16,5,AS,2614,-9,-16,On time,
LGA,MDW,2025-05-26,5,WN,725,0,20,Delayed,
GRR,CLT,2025-08-22,8,AA,583,-7,-16,On time,
CLT,BWI,2025-11-12,11,AA,361,-12,-22,On time,
OAK,LAS,2025-09-25,9,WN,407,0,-6,On time,
RSW,JFK,2025-06-24,6,B6,1074,-14,-22,On time,
DEN,EGE,2025-05-23,5,UA,120,5,15,Delayed,
MSP,MSO,2025-06-03,6,DL,1013,-2,-13,On time,
PHX,HOU,2025-02-26,2,WN,1020,-2,-8,On time,
SFB,CID,2025-02-26,2,G4,1078,-11,-19,On time,
DCA,LGA,2025-09-28,9,YX,214,-6,-29,On time,
IAD,MIA,2025-01-29,1,UA,921,76,44,Delayed,
ATL,ILM,2025-11-05,11,DL,377,-7,-23,On time,
GRR,DTW,2025-10-11,10,OO,120,27,12,On time,
ACK,DCA,2025-09-23,9,B6,405,-6,11,On time,
LAS,LAX,2025-02-08,2,DL,236,21,10,On time,
IND,ORD,2025-12-30,12,YX,177,20,15,Delayed,
LAS,PDX,2025-12-11,12,WN,763,-6,-23,On time,
LGA,BOS,2025-04-22,4,YX,184,-2,1,On time,
DEN,SAT,2025-12-17,12,UA,794,-2,-19,On time,
SEA,PDX,2025-09-04,9,OO,129,8,-5,On time,
ATL,SFO,2025-04-13,4,UA,2139,-9,-7,On time,
BWI,SAT,2025-06-11,6,WN,1407,7,27,Delayed,
LNK,DEN,2025-11-10,11,OO,423,82,66,Delayed,
MCO,BQN,2025-12-10,12,B6,1129,15,9,On time,
SEA,PHX,2025-03-27,3,DL,1107,-4,9,On time,
BNA,SJC,2025-06-11,6,WN,1947,13,7,On time,
MSP,BIL,2025-05-16,5,DL,748,130,133,Delayed,
DEN,IAH,2025-08-30,8,UA,861,-1,-12,On time,
FLL,JFK,2025-06-20,6,B6,1069,-6,-14,On time,
CMH,LGA,2025-03-14,3,YX,479,-10,-12,On time,
PHL,MEM,2025-05-13,5,OH,875,-4,23,Delayed,
LGA,MIA,2025-07-02,7,AA,1096,-10,-20,On time,
BDL,DCA,2025-10-09,10,OH,313,-1,-7,On time,
AUS,PHX,2025-02-21,2,WN,872,40,23,Delayed,
DAL,LBB,2025-05-07,5,WN,293,-3,-13,On time,
IAD,SEA,2025-11-02,11,DL,2305,-7,9,On time,
SGF,IAH,2025-05-18,5,OO,513,426,457,Delayed,
DFW,MCO,2025-11-13,11,AA,985,-4,-3,On time,
DTW,GRR,2025-12-24,12,OO,120,0,-12,On time,
SMF,LGB,2025-01-05,1,WN,387,-7,-14,On time,
ATL,AGS,2025-07-29,7,DL,143,-11,9,On time,
HOU,PHX,2025-11-21,11,WN,1020,115,106,Delayed,
SAN,LAS,2025-01-15,1,WN,258,-7,-17,On time,
DTW,PHL,2025-02-18,2,DL,453,14,-5,On time,
MSP,RDU,2025-08-07,8,DL,980,-4,-5,On time,
HNL,JFK,2025-11-08,11,HA,4983,0,4,On time,
PWM,MCO,2025-12-13,12,B6,1214,-7,-12,On time,
IAD,PIT,2025-05-23,5,YX,182,-8,-3,On time,
LAS,AUS,2025-06-11,6,WN,1090,34,42,Delayed,
ATL,MEM,2025-04-07,4,DL,332,74,66,Delayed,
LAS,EWR,2025-10-08,10,UA,2227,-1,-32,On time,
MIA,DCA,2025-02-13,2,AA,919,41,25,Delayed,
LAX,SFO,2025-06-19,6,UA,337,-7,3,On time,
DFW,MKE,2025-10-08,10,AA,853,-6,-12,On time,
SAT,LAX,2025-07-21,7,DL,1211,-13,-12,On time,
SAN,EUG,2025-06-26,6,OO,850,-6,0,On time,
LAS,DEN,2025-01-20,1,WN,628,80,97,Delayed,
MSN,MSP,2025-05-28,5,OO,228,-6,-7,On time,
VPS,TUL,2025-06-18,6,G4,669,-17,-11,On time,
PHX,DEN,2025-11-08,11,UA,602,-7,-20,On time,
SEA,FAI,2025-06-19,6,AS,1533,18,21,Delayed,
RIC,MCO,2025-10-05,10,NK,667,5,19,Delayed,
ANC,SEA,2025-10-06,10,AS,1448,-12,-15,On time,
DFW,SAT,2025-05-22,5,AA,247,-1,-8,On time,
PHX,LAX,2025-10-17,10,F9,370,29,14,On time,
SFO,LAX,2025-05-29,5,UA,337,9,9,On time,
ORD,MKE,2025-06-21,6,OO,67,332,341,Delayed,
JAX,ORD,2025-09-18,9,UA,864,-3,2,On time,
SFO,PHX,2025-03-20,3,UA,651,-6,-8,On time,
BWI,ALB,2025-02-18,2,WN,289,27,17,Delayed,
SFO,IAH,2025-09-22,9,UA,1635,-2,-4,On time,
CLT,MCO,2025-11-02,11,AA,468,-1,11,On time,
DTW,ORD,2025-01-28,1,DL,235,77,51,Delayed,
EYW,ATL,2025-02-22,2,DL,646,2,6,On time,
ORD,AUS,2025-06-03,6,AA,977,-2,-17,On time,
MSY,IAD,2025-05-22,5,UA,955,-7,-18,On time,
MEM,LAS,2025-04-14,4,WN,1416,-5,5,On time,
PGD,FSD,2025-01-02,1,G4,1415,0,8,On time,
MIA,PHL,2025-12-08,12,AA,1013,20,31,Delayed,
ATL,MCO,2025-11-28,11,DL,404,-7,-8,On time,
BWI,ATL,2025-04-30,4,NK,577,-9,-32,On time,
ECP,ATL,2025-07-14,7,DL,240,-12,-21,On time,
PHX,IAH,2025-10-23,10,UA,1009,-5,-10,On time,
DTW,MCO,2025-11-07,11,NK,957,17,3,On time,
DFW,HOU,2025-04-29,4,MQ,247,-13,-11,On time,
ATL,BWI,2025-08-10,8,DL,577,-6,-15,On time,
IND,SFO,2025-05-27,5,UA,1943,-4,-10,On time,
SRQ,LCK,2025-11-11,11,G4,856,-11,11,On time,
MEM,DAL,2025-04-13,4,WN,423,4,-5,On time,
PVD,MCO,2025-04-09,4,WN,1072,-4,1,On time,
GNV,ATL,2025-01-03,1,DL,300,0,0,On time,
PNS,DFW,2025-08-29,8,MQ,604,26,36,Delayed,
PBI,BWI,2025-02-26,2,WN,883,-3,-6,On time,
MSP,SEA,2025-03-07,3,AS,1399,71,45,Delayed,
DEN,SLC,2025-06-15,6,DL,391,-8,-11,On time,
MSP,DEN,2025-07-10,7,DL,680,12,10,On time,
SEA,SFO,2025-06-02,6,AS,679,-5,-12,On time,
SJU,MIA,2025-10-27,10,AA,1045,-11,-18,On time,
LGB,AUS,2025-05-08,5,WN,1226,-7,-15,On time,
BNA,ATL,2025-01-16,1,DL,214,-3,-20,On time,
ORD,IND,2025-01-22,1,YX,177,-2,-15,On time,
DFW,CLL,2025-09-30,9,MQ,164,-3,-20,On time,
FLL,MCO,2025-03-06,3,NK,177,34,79,Delayed,
MKE,ATL,2025-03-02,3,DL,669,13,-19,On time,
MIA,EWR,2025-04-15,4,UA,1085,43,32,Delayed,
ATL,SLC,2025-03-12,3,DL,1590,3,-11,On time,
PSC,SLC,2025-04-06,4,DL,521,-11,3,On time,
LAX,SFO,2025-05-05,5,DL,337,7,-4,On time,
IND,LAX,2025-09-18,9,DL,1814,-9,-28,On time,
DTW,SEA,2025-03-16,3,DL,1927,-1,1,On time,
MCO,CLT,2025-06-07,6,AA,468,-5,-10,On time,
ATL,CLE,2025-11-23,11,DL,554,-11,0,On time,
PSC,DEN,2025-11-25,11,UA,853,1,15,Delayed,
MFR,PDX,2025-12-05,12,OO,222,93,88,Delayed,
BOS,MIA,2025-11-18,11,AA,1258,0,-24,On time,
LAS,LAX,2025-03-12,3,DL,236,-3,5,On time,
ORD,ALB,2025-12-23,12,YX,723,-9,-30,On time,
DEN,OKC,2025-09-29,9,OO,495,-4,-2,On time,
DAL,STL,2025-05-15,5,WN,546,32,20,Delayed,
LAS,ATL,2025-03-07,3,DL,1747,-1,-40,On time,
LAS,LAX,2025-06-03,6,AA,236,-6,-13,On time,
BDL,SJU,2025-09-12,9,B6,1666,-1,-10,On time,
PIE,AVL,2025-03-06,3,G4,519,-17,-1,On time,
SLC,PHL,2025-08-16,8,AA,1927,-9,-26,On time,
SAN,PHX,2025-01-28,1,WN,304,-8,-12,On time,
RDU,FLL,2025-08-11,8,NK,680,7,-5,On time,
ECP,ATL,2025-07-07,7,DL,240,-1,-13,On time,
SJC,SEA,2025-02-13,2,OO,696,92,73,Delayed,
LGA,GSO,2025-05-12,5,YX,461,-2,11,On time,
BOS,STL,2025-02-19,2,YX,1047,-6,2,On time,
MSP,PDX,2025-07-24,7,DL,1426,-4,-6,On time,
DTW,MCO,2025-12-09,12,DL,957,17,2,On time,
ATL,IAH,2025-09-02,9,DL,689,61,51,Delayed,
IAD,PWM,2025-05-09,5,YX,493,-5,-14,On time,
DEN,TUS,2025-09-19,9,WN,639,8,9,On time,
DEN,MKE,2025-06-21,6,WN,896,6,-7,On time,
SEA,JNU,2025-07-08,7,AS,909,-4,6,On time,
SAN,BOI,2025-08-30,8,OO,749,-3,-3,On time,
COS,DFW,2025-03-12,3,OO,592,10,13,On time,
SLC,SFO,2025-12-10,12,DL,599,-7,-31,On time,
LAX,HNL,2025-09-29,9,DL,2556,30,9,On time,
JAX,HOU,2025-06-05,6,WN,816,-1,-8,On time,
HOU,BNA,2025-12-10,12,WN,670,-7,-16,On time,
PHX,ORD,2025-06-10,6,AA,1440,6,-2,On time,
IAD,ORF,2025-06-27,6,YX,157,50,68,Delayed,
ORD,LAS,2025-08-25,8,NK,1514,25,33,Delayed,
MCI,DAL,2025-01-11,1,WN,461,-2,-12,On time,
MDW,DEN,2025-09-02,9,WN,895,-3,-16,On time,
HNL,LIH,2025-09-15,9,HA,102,-2,0,On time,
ORD,CHO,2025-12-31,12,OO,566,37,40,Delayed,
DAL,SAT,2025-06-09,6,WN,247,22,8,On time,
ORD,PVD,2025-10-07,10,UA,849,7,13,On time,
CAK,CLT,2025-11-23,11,OH,394,-2,-31,On time,
SAN,DEN,2025-08-04,8,UA,853,-7,6,On time,
PWM,EWR,2025-10-18,10,YX,284,-10,-18,On time,
RDU,DEN,2025-04-27,4,UA,1436,6,-5,On time,
MSP,MSN,2025-06-11,6,OO,228,-4,-13,On time,
BGR,SFB,2025-12-25,12,G4,1299,14,20,Delayed,
BUF,JFK,2025-04-03,4,B6,301,-5,-7,On time,
BNA,JFK,2025-02-08,2,YX,765,-6,-11,On time,
PSP,DEN,2025-09-05,9,UA,776,-19,-3,On time,
AUS,CLT,2025-11-23,11,AA,1032,-8,-14,On time,
RSW,MSP,2025-03-24,3,NK,1416,6,17,Delayed,
LAS,DAL,2025-11-29,11,WN,1067,38,22,Delayed,
FLL,RIC,2025-08-31,8,B6,806,54,46,Delayed,
SFO,AUS,2025-01-03,1,UA,1504,35,48,Delayed,
DEN,AMA,2025-04-22,4,OO,359,-10,-1,On time,
ECP,BNA,2025-02-22,2,WN,401,9,1,On time,
LAS,TUL,2025-09-14,9,WN,1076,0,-7,On time,
BOS,SAV,2025-09-12,9,YX,901,-3,8,On time,
EWR,AUS,2025-09-25,9,UA,1504,9,18,Delayed,
CHS,BWI,2025-11-24,11,WN,472,-7,-6,On time,
MDW,PHL,2025-10-06,10,WN,668,24,19,Delayed,
CLT,GSP,2025-05-04,5,AA,75,-8,-11,On time,
CLT,MIA,2025-02-05,2,AA,650,30,15,Delayed,
DCA,LAX,2025-12-18,12,DL,2311,-1,-32,On time,
RDU,MCO,2025-01-24,1,DL,534,40,72,Delayed,
BOS,MIA,2025-12-14,12,AA,1258,15,36,Delayed,
LAS,OKC,2025-11-22,11,WN,986,-1,-4,On time,
EWR,IND,2025-05-14,5,YX,645,67,76,Delayed,
PHL,MCI,2025-07-14,7,AA,1038,68,64,Delayed,
GPT,CLT,2025-07-06,7,OH,577,-9,-24,On time,
LAX,DEN,2025-12-07,12,DL,862,-4,-18,On time,
MCI,BWI,2025-05-08,5,WN,967,33,30,Delayed,
LAX,JAC,2025-08-06,8,OO,784,-6,-10,On time,
LGA,MDW,2025-10-26,10,WN,725,76,48,Delayed,
DFW,RAP,2025-03-17,3,MQ,835,-8,-16,On time,
ORD,FLL,2025-04-07,4,AA,1182,10,0,On time,
PHX,LAX,2025-10-13,10,WN,370,89,80,Delayed,
MSP,DTW,2025-02-18,2,DL,528,33,14,On time,
FLL,ATL,2025-10-23,10,NK,581,-3,-17,On time,
SMF,OGG,2025-05-03,5,HA,2404,-2,-13,On time,
SNA,SFO,2025-02-04,2,UA,372,1,-1,On time,
MSP,EWR,2025-10-31,10,DL,1008,-5,-20,On time,
DEN,LGA,2025-12-23,12,UA,1620,-5,-12,On time,
ORD,TVC,2025-09-03,9,YX,224,-3,8,On time,
DTW,BOS,2025-01-03,1,DL,632,-7,14,On time,
PSC,SLC,2025-08-29,8,DL,521,-7,-11,On time,
DFW,LGA,2025-05-22,5,AA,1389,7,19,Delayed,
MSP,RHI,2025-05-14,5,OO,190,-2,11,On time,
STL,ORD,2025-06-30,6,MQ,258,-3,-4,On time,
SEA,MCI,2025-07-11,7,DL,1490,-5,-13,On time,
DFW,PNS,2025-08-07,8,AA,604,42,40,Delayed,
TRI,SFB,2025-06-26,6,G4,535,31,29,Delayed,
PRC,DEN,2025-06-06,6,OO,557,-9,18,Delayed,
ORD,BDL,2025-06-27,6,AA,783,136,142,Delayed,
RIC,FLL,2025-09-01,9,B6,806,-15,-25,On time,
ABQ,SFO,2025-08-21,8,OO,896,42,10,On time,
ONT,SMF,2025-10-17,10,WN,390,0,-12,On time,
MSP,ORD,2025-10-03,10,DL,334,57,65,Delayed,
DEN,MCO,2025-07-04,7,UA,1547,-1,-3,On time,
EWR,ORD,2025-07-22,7,UA,719,-6,-7,On time,
SGF,ORD,2025-07-26,7,MQ,438,20,13,On time,
SFO,LAX,2025-10-26,10,UA,337,103,115,Delayed,
BIL,DFW,2025-06-05,6,MQ,1081,-8,10,On time,
MSP,SEA,2025-07-17,7,AS,1399,-6,-32,On time,
JAX,PHL,2025-07-05,7,AA,742,-6,-24,On time,
SLC,ORD,2025-02-02,2,UA,1250,-2,-23,On time,
RDU,EWR,2025-11-29,11,UA,416,242,224,Delayed,
ORD,LGA,2025-10-13,10,AA,733,188,195,Delayed,
ACT,DFW,2025-07-11,7,OO,90,-10,-19,On time,
ORD,DFW,2025-04-23,4,AA,802,40,48,Delayed,
BOI,MSP,2025-09-14,9,DL,1142,-2,-13,On time,
SNA,DEN,2025-11-25,11,WN,846,-3,1,On time,
ORD,PIT,2025-05-13,5,MQ,413,-5,-12,On time,
IAH,SFO,2025-07-02,7,UA,1635,11,1,On time,
PIA,ORD,2025-03-07,3,OO,130,82,93,Delayed,
ATL,SAT,2025-06-08,6,NK,874,0,10,On time,
BDL,DEN,2025-11-17,11,UA,1671,-4,-10,On time,
LAX,LAS,2025-01-09,1,WN,236,-3,-5,On time,
SEA,SAN,2025-11-03,11,DL,1050,-14,-25,On time,
SLC,DEN,2025-06-19,6,WN,391,1,-19,On time,
IND,LAS,2025-05-26,5,WN,1590,-1,-6,On time,
DFW,IAH,2025-12-16,12,UA,224,-7,-15,On time,
EWR,CLT,2025-02-17,2,NK,529,-8,-23,On time,
MCO,LAS,2025-07-03,7,NK,2039,9,-7,On time,
BNA,PHL,2025-09-14,9,WN,675,-1,-3,On time,
MAF,HOU,2025-03-11,3,WN,441,-6,-15,On time,
DEN,MCI,2025-12-18,12,UA,533,12,6,On time,
OKC,ORD,2025-07-17,7,OO,693,-7,4,On time,
HNL,OGG,2025-12-02,12,WN,101,-4,-14,On time,
CVG,LAX,2025-05-12,5,DL,1900,9,-27,On time,
DFW,HOU,2025-07-05,7,MQ,247,-4,-12,On time,
PHX,OMA,2025-02-17,2,WN,1037,27,9,On time,
LGA,SDF,2025-08-28,8,YX,659,-8,-47,On time,
CLT,PIT,2025-01-14,1,AA,366,-3,-7,On time,
PHX,MCI,2025-10-15,10,WN,1044,-4,0,On time,
OAK,BUR,2025-05-06,5,WN,325,-2,-15,On time,
SJC,OGG,2025-08-09,8,HA,2355,-4,-23,On time,
DTW,TPA,2025-05-01,5,DL,983,28,32,Delayed,
PHX,YUM,2025-10-18,10,MQ,160,-6,-6,On time,
LAX,MSP,2025-04-18,4,DL,1535,10,-5,On time,
TPA,CLT,2025-01-26,1,AA,507,-5,-5,On time,
LAX,HNL,2025-12-24,12,UA,2556,0,3,On time,
ATL,CAE,2025-02-07,2,DL,192,-4,-6,On time,
DFW,ICT,2025-04-16,4,OH,328,-5,-7,On time,
LAX,DFW,2025-10-10,10,AA,1235,-7,-15,On time,
MCI,MSY,2025-09-13,9,WN,690,1,-8,On time,
CLT,ORD,2025-10-01,10,UA,599,-11,11,On time,
PHX,LGB,2025-04-13,4,WN,355,5,-8,On time,
RDU,MSP,2025-11-20,11,DL,980,-8,-6,On time,
ORD,IND,2025-05-31,5,AA,177,2,-9,On time,
BHM,MDW,2025-03-10,3,WN,570,-5,-10,On time,
ORD,DTW,2025-12-26,12,OO,235,64,34,Delayed,
ABQ,DEN,2025-02-20,2,WN,349,17,33,Delayed,
MSP,TPA,2025-05-19,5,DL,1306,-3,-19,On time,
LAX,IAH,2025-08-11,8,UA,1379,-2,-11,On time,
MCO,LGA,2025-01-02,1,DL,950,2,-16,On time,
CLT,ROC,2025-01-01,1,AA,573,-5,-11,On time,
LAX,SBA,2025-03-11,3,OO,89,-7,-7,On time,
LAX,SGU,2025-10-30,10,OO,349,4,12,On time,
SEA,DAL,2025-05-12,5,AS,1670,39,52,Delayed,
ORD,BTV,2025-03-31,3,UA,763,-3,-19,On time,
TUL,ORD,2025-09-25,9,MQ,585,30,31,Delayed,
PHX,BNA,2025-05-30,5,WN,1449,-5,-23,On time,
HNL,ORD,2025-10-14,10,UA,4243,-10,-54,On time,
PHX,OMA,2025-12-18,12,OO,1037,-6,-17,On time,
SAN,SJC,2025-07-17,7,OO,417,-8,-18,On time,
FAR,MSP,2025-01-01,1,OO,223,130,129,Delayed,
ATL,RDU,2025-09-01,9,DL,356,-7,-20,On time,
LAX,PHX,2025-11-16,11,WN,370,-6,7,On time,
LAX,SEA,2025-10-23,10,DL,954,-6,-23,On time,
IAH,ORF,2025-12-19,12,UA,1201,69,85,Delayed,
SIT,KTN,2025-08-14,8,AS,183,-7,2,On time,
SEA,AUS,2025-02-22,2,AS,1770,-9,-3,On time,
DEN,SAF,2025-09-20,9,OO,303,0,-4,On time,
HNL,SAN,2025-05-15,5,HA,2614,8,25,Delayed,
IAD,BUF,2025-07-12,7,YX,283,62,65,Delayed,
PHX,JFK,2025-07-11,7,AA,2153,2,-2,On time,
ELP,DFW,2025-06-09,6,MQ,551,96,80,Delayed,
MCO,PHL,2025-10-17,10,AA,862,0,-4,On time,
SBA,SLC,2025-03-30,3,DL,615,-5,-13,On time,
MCO,MKE,2025-03-27,3,WN,1066,-6,2,On time,
ORD,EWR,2025-04-10,4,MQ,719,0,-8,On time,
TPA,MCI,2025-08-06,8,WN,1048,1,19,Delayed,
LAX,ACV,2025-10-05,10,OO,577,-4,-13,On time,
BOS,LAS,2025-05-08,5,B6,2381,-9,-17,On time,
ATL,SEA,2025-07-05,7,AS,2182,5,-24,On time,
SFB,AVL,2025-05-18,5,G4,465,5,-3,On time,
BOI,MSP,2025-06-24,6,DL,1142,-8,-25,On time,
ORD,LGA,2025-10-15,10,DL,733,135,116,Delayed,
SEA,SLC,2025-05-18,5,DL,689,-3,-26,On time,
ABQ,OAK,2025-12-02,12,WN,889,7,-7,On time,
LAX,SAT,2025-05-17,5,DL,1211,-10,-28,On time,
SLC,DEN,2025-10-12,10,WN,391,23,26,Delayed,
DFW,GSO,2025-05-03,5,AA,999,-3,24,Delayed,
DEN,GUC,2025-01-18,1,OO,152,2,17,Delayed,
GRR,MSP,2025-10-10,10,OO,408,-10,-23,On time,
RDU,MCO,2025-10-15,10,WN,534,6,-12,On time,
SMF,ONT,2025-06-18,6,WN,390,130,116,Delayed,
BNA,JFK,2025-04-23,4,B6,765,-7,-12,On time,
FAI,ANC,2025-03-05,3,AS,261,-15,-6,On time,
SFO,SNA,2025-08-26,8,OO,372,-11,-11,On time,
OAK,SAN,2025-08-12,8,WN,446,199,189,Delayed,
MHT,BWI,2025-07-19,7,WN,377,-2,2,On time,
OAK,SAN,2025-09-01,9,WN,446,-1,-5,On time,
MCO,DAL,2025-10-12,10,WN,973,-1,-21,On time,
BOS,BWI,2025-06-08,6,WN,369,17,36,Delayed,
CMH,MCO,2025-11-29,11,NK,802,-1,1,On time,
SBA,PHX,2025-05-25,5,OO,455,-7,-20,On time,
MSP,BNA,2025-01-08,1,WN,695,4,-10,On time,
SLC,BWI,2025-03-28,3,DL,1865,-2,-3,On time,
LAX,MCO,2025-10-21,10,UA,2218,-7,-31,On time,
DEN,FAT,2025-06-29,6,OO,844,5,-1,On time,
FLL,IAD,2025-01-19,1,UA,901,-2,-22,On time,
TUL,DFW,2025-03-10,3,MQ,237,-2,3,On time,
MSP,ORD,2025-08-12,8,DL,334,2,1,On time,
GEG,SEA,2025-09-15,9,OO,224,-6,-38,On time,
MDW,FLL,2025-02-24,2,WN,1167,-5,-15,On time,
ICT,STL,2025-09-03,9,WN,392,105,90,Delayed,
LGA,FLL,2025-11-29,11,AA,1076,-6,-38,On time,
DEN,ORD,2025-03-30,3,UA,888,6,9,On time,
DAL,TPA,2025-10-25,10,WN,917,20,9,On time,
MSO,DEN,2025-01-14,1,UA,679,-7,-6,On time,
TUL,LAS,2025-06-23,6,G4,1076,-12,-13,On time,
EWR,SAV,2025-11-11,11,NK,708,-1,-24,On time,
BZN,ORD,2025-03-03,3,UA,1185,-8,-24,On time,
DEN,DTW,2025-03-25,3,DL,1123,3,-11,On time,
ATL,EWR,2025-11-10,11,UA,746,111,96,Delayed,
DEN,SLN,2025-08-09,8,OO,383,14,26,Delayed,
FLL,PHL,2025-04-05,4,NK,992,-10,-14,On time,
CVG,BOS,2025-04-22,4,YX,752,0,-7,On time,
PBI,PHL,2025-10-25,10,AA,951,-4,-8,On time,
DFW,XNA,2025-11-10,11,MQ,280,-10,1,On time,
DTW,MCO,2025-03-04,3,NK,957,-7,-36,On time,
PHX,MRY,2025-06-23,6,OO,598,-3,4,On time,
TPA,EWR,2025-11-08,11,UA,997,35,31,Delayed,
BDL,ATL,2025-09-11,9,DL,859,-7,-14,On time,
LAS,PDX,2025-12-07,12,AS,763,37,31,Delayed,
DFW,SAT,2025-10-05,10,AA,247,-3,-12,On time,
IAH,ORD,2025-03-17,3,AA,925,-6,-6,On time,
PSP,DEN,2025-06-09,6,UA,776,-4,-10,On time,
MCI,DCA,2025-08-07,8,YX,949,-6,-5,On time,
SNA,LAS,2025-01-26,1,NK,226,-9,-14,On time,
LAS,GRR,2025-08-21,8,G4,1642,-5,-7,On time,
MSP,DEN,2025-05-25,5,WN,680,-2,3,On time,
DFW,ATL,2025-02-09,2,DL,731,-4,-22,On time,
ATL,BWI,2025-12-16,12,WN,577,-4,-13,On time,
JFK,MCO,2025-03-19,3,F9,944,8,1,On time,
SNA,PDX,2025-08-05,8,AS,859,-10,-15,On time,
ATL,MCO,2025-09-15,9,DL,404,0,9,On time,
BWI,MSP,2025-07-18,7,WN,936,3,0,On time,
ORD,DLH,2025-05-05,5,OO,397,9,12,On time,
ORD,AVL,2025-06-09,6,MQ,536,-3,-4,On time,
CLT,RSW,2025-08-02,8,AA,600,-5,-2,On time,
EWR,IAH,2025-01-13,1,UA,1400,26,11,On time,
CLT,BUF,2025-12-29,12,AA,546,17,25,Delayed,
DCA,BOS,2025-08-17,8,AA,399,-7,-22,On time,
DFW,CLT,2025-07-19,7,AA,935,15,13,On time,
ONT,ATL,2025-09-21,9,DL,1900,-6,-20,On time,
PDX,SEA,2025-11-16,11,OO,129,6,4,On time,
ORF,MDW,2025-08-27,8,WN,704,-4,-11,On time,
OGG,HNL,2025-08-05,8,WN,101,-6,-11,On time,
SLC,MSP,2025-09-07,9,DL,991,0,-2,On time,
LGA,CVG,2025-04-27,4,YX,585,-1,4,On time,
BNA,ATL,2025-08-27,8,DL,214,-8,-19,On time,
BRO,DFW,2025-12-25,12,MQ,482,-8,-2,On time,
RNO,SLC,2025-01-31,1,DL,422,12,-1,On time,
SEA,DCA,2025-07-02,7,AS,2329,1,-3,On time,
SNA,SFO,2025-03-18,3,UA,372,-10,-16,On time,
ALB,DTW,2025-02-25,2,OO,489,-10,-26,On time,
LAS,BWI,2025-01-26,1,WN,2106,0,-24,On time,
LAX,TPA,2025-11-19,11,DL,2158,-5,-12,On time,
TPA,MSY,2025-12-17,12,WN,487,-5,-12,On time,
DAY,CLT,2025-12-19,12,OH,370,26,16,Delayed,
JAC,SLC,2025-01-09,1,DL,205,-2,-22,On time,
DTW,MKE,2025-11-02,11,OO,237,-5,1,On time,
LNK,DEN,2025-03-12,3,OO,423,-10,-40,On time,
SEA,DFW,2025-07-11,7,AS,1660,3,-7,On time,
PHX,TUS,2025-10-21,10,OO,109,0,-1,On time,
CLT,BOS,2025-06-20,6,AA,728,-2,-4,On time,
DFW,DTW,2025-02-02,2,DL,986,-11,-18,On time,
SLC,FAT,2025-06-28,6,OO,501,-5,-17,On time,
JFK,SLC,2025-10-12,10,DL,1990,1,48,Delayed,
CLT,ORD,2025-10-12,10,UA,599,-3,-15,On time,
ATL,CHA,2025-05-05,5,DL,106,6,27,Delayed,
STL,DSM,2025-08-24,8,WN,259,6,-8,On time,
IAD,PDX,2025-06-13,6,UA,2327,7,-11,On time,
SFO,DFW,2025-11-09,11,AA,1464,-2,-18,On time,
EWR,ATL,2025-05-20,5,F9,746,77,65,Delayed,
ATL,SRQ,2025-05-26,5,DL,444,-4,-8,On time,
ATL,SFO,2025-12-03,12,DL,2139,16,5,On time,
DFW,LAX,2025-10-09,10,AA,1235,7,28,Delayed,
RFD,PIE,2025-08-15,8,G4,1049,-8,2,On time,
SAV,BOS,2025-10-17,10,B6,901,-9,-17,On time,
DCA,LAS,2025-12-19,12,AA,2089,-5,-20,On time,
PDX,HNL,2025-09-08,9,HA,2603,13,25,Delayed,
ORD,AZO,2025-07-15,7,MQ,122,6,-3,On time,
ATL,GPT,2025-07-03,7,DL,352,-5,-16,On time,
ATL,CLT,2025-09-24,9,OH,226,-4,-16,On time,
BNA,CLT,2025-02-17,2,AA,328,22,8,On time,
ORD,HSV,2025-01-11,1,OO,510,84,74,Delayed,
DSM,SRQ,2025-12-01,12,G4,1160,31,24,Delayed,
PHX,PDX,2025-09-14,9,AA,1010,-7,-3,On time,
DCA,RDU,2025-01-24,1,MQ,227,36,24,Delayed,
CLT,SAN,2025-02-06,2,AA,2077,3,27,Delayed,
IAD,LAX,2025-01-01,1,UA,2288,0,-3,On time,
PHX,EWR,2025-11-14,11,UA,2133,-3,-9,On time,
PHX,DTW,2025-01-30,1,DL,1671,1,-9,On time,
SLC,SFO,2025-12-31,12,OO,599,0,-21,On time,
ATL,BNA,2025-05-01,5,DL,214,-7,-13,On time,
ATL,BNA,2025-05-09,5,DL,214,46,37,Delayed,
EWR,MSY,2025-03-07,3,UA,1167,7,0,On time,
JAX,PHL,2025-01-30,1,F9,742,57,52,Delayed,
DFW,MSY,2025-04-09,4,AA,447,-1,-16,On time,
RSW,CVG,2025-04-18,4,F9,879,-4,-16,On time,
DCA,ORD,2025-07-23,7,UA,612,-7,-38,On time,
STL,DEN,2025-08-05,8,WN,770,-7,-17,On time,
MLB,CLT,2025-06-13,6,OH,490,0,15,Delayed,
PHL,IAH,2025-04-10,4,OH,1325,-4,-19,On time,
LAS,CLT,2025-09-13,9,AA,1916,-10,-21,On time,
SAN,JFK,2025-04-27,4,B6,2446,-2,-11,On time,
ORD,ATL,2025-09-26,9,AA,606,-3,1,On time,
ORD,DEN,2025-08-20,8,UA,888,-3,-27,On time,
SFO,LAS,2025-07-13,7,UA,414,3,-11,On time,
GRB,ORD,2025-07-11,7,MQ,173,18,96,Delayed,
MCO,ORF,2025-03-11,3,WN,655,-5,-14,On time,
RSW,DEN,2025-12-28,12,UA,1607,91,94,Delayed,
ORD,MCO,2025-09-16,9,WN,1005,8,-6,On time,
BOS,LGA,2025-01-27,1,B6,184,-8,-20,On time,
LAX,SJC,2025-11-15,11,OO,308,107,85,Delayed,
EWR,SRQ,2025-08-11,8,UA,1034,-15,-23,On time,
JFK,EGE,2025-03-21,3,AA,1746,-3,-11,On time,
IAH,ORD,2025-08-15,8,UA,925,18,19,Delayed,
DEN,COS,2025-11-23,11,OO,73,2,-9,On time,
JFK,PBI,2025-02-14,2,B6,1028,-7,-8,On time,
MCO,BDL,2025-07-19,7,WN,1050,0,-15,On time,
DEN,ONT,2025-11-19,11,F9,819,-1,-9,On time,
BNA,DFW,2025-05-15,5,AA,631,-5,17,Delayed,
DFW,ATL,2025-11-24,11,DL,731,170,165,Delayed,
SFO,MSP,2025-11-14,11,DL,1589,-9,-37,On time,
OGG,HNL,2025-03-09,3,WN,100,-5,-20,On time,
SFO,DEN,2025-03-23,3,WN,967,-3,-3,On time,
DTW,SLC,2025-02-28,2,DL,1481,-2,-35,On time,
PDX,ORD,2025-04-27,4,AS,1739,20,24,Delayed,
CHS,DAL,2025-04-17,4,WN,977,-1,-5,On time,
RSW,DEN,2025-03-23,3,UA,1607,11,4,On time,
CMH,IAH,2025-12-29,12,UA,986,233,209,Delayed,
BNA,EWR,2025-04-09,4,UA,748,-3,-9,On time,
MSP,FSD,2025-10-26,10,DL,196,-6,-21,On time,
LGA,ATL,2025-11-09,11,DL,762,20,135,Delayed,
DFW,IND,2025-01-20,1,AA,761,-3,-36,On time,
RSW,MDW,2025-10-26,10,WN,1105,44,38,Delayed,
DFW,CHA,2025-08-06,8,MQ,695,11,3,On time,
LAS,BUF,2025-10-28,10,WN,1986,98,95,Delayed,
SFO,KOA,2025-09-07,9,UA,2368,6,8,On time,
SEA,GEG,2025-07-27,7,AS,224,50,41,Delayed,
DFW,ILM,2025-11-15,11,AA,1106,-7,-21,On time,
BOS,LAS,2025-06-06,6,B6,2381,-10,-12,On time,
HOU,ABQ,2025-05-13,5,WN,759,-7,-9,On time,
DCA,ATL,2025-05-13,5,DL,547,-3,-7,On time,
CLT,LAX,2025-11-21,11,AA,2125,-3,6,On time,
RDU,IAD,2025-04-07,4,YX,224,-4,-21,On time,
BZN,ORD,2025-12-01,12,UA,1185,35,55,Delayed,
ABQ,DEN,2025-04-15,4,WN,349,-3,-11,On time,
DFW,RDU,2025-10-20,10,AA,1061,-5,-20,On time,
SBP,SFO,2025-12-27,12,OO,191,-10,-29,On time,
BNA,JAN,2025-06-07,6,WN,327,0,10,On time,
BDL,IAD,2025-07-31,7,UA,325,-2,-12,On time,
CLT,CHS,2025-12-19,12,AA,168,2,-3,On time,
DCA,MSY,2025-09-27,9,YX,969,2,-11,On time,
ORD,FWA,2025-05-10,5,OO,157,-1,-12,On time,
MKE,ORD,2025-03-15,3,OO,67,63,95,Delayed,
SJU,EWR,2025-04-18,4,UA,1608,-4,-4,On time,
RSW,EWR,2025-04-11,4,UA,1068,-6,-29,On time,
DCA,ATL,2025-05-19,5,WN,547,15,4,On time,
SMF,SAN,2025-07-28,7,WN,480,78,90,Delayed,
SLC,SEA,2025-08-23,8,AS,689,2,-10,On time,
DCA,DAL,2025-02-23,2,WN,1184,-5,-48,On time,
SPI,PGD,2025-12-28,12,G4,995,66,92,Delayed,
AUS,MIA,2025-01-17,1,AA,1103,-1,-26,On time,
JAX,MSP,2025-01-26,1,DL,1174,-13,-28,On time,
AUS,SFO,2025-10-02,10,UA,1504,-3,-11,On time,
SEA,SMF,2025-04-09,4,WN,605,-4,-14,On time,
IAD,LGA,2025-12-24,12,YX,228,5,-26,On time,
DTW,MDT,2025-12-28,12,OO,371,154,133,Delayed,
MSY,ATL,2025-09-12,9,NK,425,-7,-23,On time,
SMF,ATL,2025-09-01,9,DL,2092,-1,-22,On time,
DCA,IND,2025-06-20,6,YX,500,-3,-15,On time,
SFO,ANC,2025-07-07,7,UA,2018,-7,-25,On time,
TYS,SRQ,2025-06-13,6,G4,586,-18,-27,On time,
DFW,DEN,2025-06-05,6,AA,641,4,20,Delayed,
DEN,ICT,2025-09-18,9,UA,420,-7,-2,On time,
RDM,SLC,2025-09-05,9,OO,525,-10,-1,On time,
ATW,ORD,2025-10-28,10,OO,160,-6,-14,On time,
ORD,FSD,2025-01-20,1,MQ,462,-7,-8,On time,
SFO,SBA,2025-08-16,8,UA,262,-4,-8,On time,
LGA,FLL,2025-03-10,3,DL,1076,-6,7,On time,
IAH,ORD,2025-05-18,5,UA,925,-1,-14,On time,
MIA,LGA,2025-05-16,5,AA,1096,-3,1,On time,
SAN,CLT,2025-09-12,9,AA,2077,19,0,On time,
MSP,MOT,2025-02-01,2,OO,449,-8,13,On time,
SCE,ORD,2025-07-20,7,OO,528,-6,-14,On time,
EWR,TPA,2025-01-18,1,UA,997,-3,-18,On time,
MCI,DFW,2025-07-22,7,AA,460,88,83,Delayed,
PHX,DEN,2025-09-06,9,WN,602,-4,-11,On time,
HNL,ITO,2025-02-15,2,HA,216,9,10,On time,
MSP,PHL,2025-12-02,12,OH,981,-4,32,Delayed,
OGG,HNL,2025-03-16,3,HA,100,-2,-3,On time,
CAE,CLT,2025-01-25,1,OH,88,-11,-16,On time,
LAS,PHL,2025-09-29,9,AA,2177,-8,-9,On time,
SAN,DFW,2025-03-08,3,AA,1171,-7,-19,On time,
CHS,DTW,2025-08-26,8,OO,667,-4,-12,On time,
HPN,MCO,2025-12-22,12,B6,972,16,-5,On time,
MKE,ORD,2025-01-19,1,YX,67,9,9,On time,
MSP,JFK,2025-06-01,6,DL,1029,0,-8,On time,
DTW,IAD,2025-12-19,12,YX,383,93,102,Delayed,
JAC,SLC,2025-07-26,7,OO,205,-10,-17,On time,
DEN,SLC,2025-10-01,10,DL,391,-9,-7,On time,
DEN,BZN,2025-06-23,6,UA,524,13,12,On time,
DFW,MHK,2025-12-15,12,MQ,431,-5,-11,On time,
MCO,SJU,2025-09-02,9,WN,1188,5,-4,On time,
DFW,CLT,2025-03-30,3,AA,936,-5,-5,On time,
BOS,CHS,2025-03-08,3,B6,818,10,-2,On time,
DFW,DTW,2025-11-27,11,AA,986,-9,-15,On time,
ONT,SEA,2025-08-31,8,F9,956,-11,-18,On time,
CLT,FLL,2025-11-19,11,AA,632,3,-1,On time,
JFK,SFO,2025-09-23,9,AA,2586,-8,-30,On time,
CLT,OAJ,2025-09-19,9,OH,191,61,40,Delayed,
MDW,RIC,2025-11-23,11,WN,629,-2,-6,On time,
CVG,FLL,2025-02-16,2,DL,932,21,30,Delayed,
FLL,LAX,2025-10-14,10,B6,2343,56,38,Delayed,
BOS,SEA,2025-12-07,12,AS,2496,-12,5,On time,
RDU,LAS,2025-06-01,6,WN,2026,46,23,Delayed,
LAS,EWR,2025-06-23,6,UA,2227,-7,-24,On time,
MFE,SFB,2025-07-25,7,G4,1059,-6,-13,On time,
BWI,LAS,2025-01-19,1,WN,2106,-1,-21,On time,
ORD,CVG,2025-05-21,5,MQ,264,-1,36,Delayed,
SEA,RNO,2025-09-18,9,AS,564,-3,-16,On time,
ATL,BWI,2025-07-10,7,DL,577,58,67,Delayed,
DFW,MIA,2025-08-03,8,AA,1121,59,74,Delayed,
FLL,IAH,2025-01-22,1,UA,966,39,61,Delayed,
ABQ,ATL,2025-01-22,1,DL,1269,194,163,Delayed,
ORD,ROA,2025-12-28,12,OO,530,91,86,Delayed,
ORD,BUF,2025-02-26,2,UA,474,8,-4,On time,
PHX,IND,2025-01-03,1,AA,1488,-5,-20,On time,
BNA,BWI,2025-08-30,8,WN,587,103,83,Delayed,
DAL,STL,2025-04-01,4,WN,546,-6,-22,On time,
SJU,CLT,2025-03-06,3,AA,1475,-10,-9,On time,
MCO,DFW,2025-01-04,1,AA,985,-3,6,On time,
ATL,GSP,2025-01-06,1,DL,153,32,46,Delayed,
OAK,SNA,2025-11-27,11,WN,371,-6,-16,On time,
ATL,EWR,2025-02-24,2,UA,746,-4,0,On time,
DTW,BNA,2025-12-16,12,DL,456,-5,-16,On time,
ORD,CMH,2025-03-21,3,MQ,296,6,7,On time,
LIT,STL,2025-03-10,3,WN,296,-5,3,On time,
ABQ,DAL,2025-12-21,12,WN,580,-6,-15,On time,
MCO,RDU,2025-04-17,4,YX,534,98,89,Delayed,
SAN,LAS,2025-11-01,11,WN,258,-4,-23,On time,
HNL,KOA,2025-07-05,7,HA,163,22,27,Delayed,
PDX,PSP,2025-01-08,1,AS,873,-9,-16,On time,
MIA,ATL,2025-02-13,2,DL,594,-10,12,On time,
SLC,PHL,2025-08-10,8,DL,1927,-6,-6,On time,
ORD,BNA,2025-08-14,8,OO,409,1,-13,On time,
SHV,ATL,2025-04-07,4,OO,551,134,145,Delayed,
DFW,MEM,2025-01-30,1,AA,431,7,-6,On time,
MCI,EWR,2025-05-19,5,YX,1092,-2,-26,On time,
AMA,DFW,2025-05-04,5,MQ,312,-6,-13,On time,
FLL,CVG,2025-04-24,4,DL,932,86,79,Delayed,
CLE,ORD,2025-07-03,7,UA,316,-9,6,On time,
DFW,SMF,2025-07-14,7,AA,1431,-3,-16,On time,
FAT,SLC,2025-01-11,1,OO,501,-5,-14,On time,
SAN,IAH,2025-03-28,3,UA,1303,-10,-22,On time,
STL,ATL,2025-07-17,7,WN,484,-6,-17,On time,
HSV,DFW,2025-06-09,6,OH,603,115,112,Delayed,
MIA,IAH,2025-07-07,7,NK,964,1,-37,On time,
IAH,SAT,2025-06-12,6,OO,191,84,71,Delayed,
IAD,MIA,2025-11-16,11,F9,922,-2,0,On time,
PSC,SFO,2025-10-17,10,OO,620,-1,-23,On time,
ABQ,MDW,2025-09-29,9,WN,1121,-4,-3,On time,
CLE,EWR,2025-01-09,1,YX,404,-8,23,Delayed,
JAX,CLT,2025-01-13,1,AA,328,-11,-7,On time,
ATL,DEN,2025-02-11,2,UA,1199,-1,10,On time,
PHL,PIT,2025-08-20,8,AA,268,2,-24,On time,
FLL,MDW,2025-06-08,6,WN,1167,90,75,Delayed,
SAN,SMF,2025-02-23,2,WN,480,-2,-17,On time,
CLT,DCA,2025-03-22,3,AA,331,94,97,Delayed,
DTW,TPA,2025-12-14,12,NK,983,-5,8,On time,
MKE,SEA,2025-06-28,6,AS,1694,6,-6,On time,
ORD,BUF,2025-02-09,2,YX,474,-8,-11,On time,
BOS,ORD,2025-04-11,4,AA,867,-6,-15,On time,
DEN,CLT,2025-01-12,1,AA,1337,-2,-33,On time,
ATL,FLL,2025-03-11,3,DL,581,-1,-7,On time,
ORD,BOS,2025-11-16,11,UA,867,41,26,Delayed,
LAS,IND,2025-02-17,2,WN,1590,6,-24,On time,
IAH,DEN,2025-12-24,12,UA,861,6,-16,On time,
DEN,MSY,2025-03-28,3,WN,1062,-2,13,On time,
JFK,LAX,2025-10-27,10,DL,2475,-7,-8,On time,
LAX,MCO,2025-02-03,2,DL,2218,-4,3,On time,
CLT,LGA,2025-04-13,4,NK,544,13,27,Delayed,
HNL,OGG,2025-09-15,9,HA,101,2,4,On time,
TYS,ORD,2025-05-16,5,UA,475,-7,-22,On time,
LAX,LAS,2025-07-30,7,WN,236,31,21,Delayed,
PBI,IAD,2025-12-29,12,UA,859,-1,-9,On time,
TPA,BWI,2025-06-26,6,WN,842,3,-16,On time,
ORD,CVG,2025-04-27,4,UA,264,98,74,Delayed,
MDW,HOU,2025-10-31,10,WN,937,-3,-17,On time,
ORD,TUS,2025-01-11,1,OO,1437,-3,7,On time,
DFW,TPA,2025-06-23,6,NK,929,-1,-2,On time,
BOS,TPA,2025-05-14,5,B6,1185,1,-2,On time,
PVU,DFW,2025-02-12,2,OO,958,-7,4,On time,
SMF,LAX,2025-12-02,12,OO,373,-8,-15,On time,
SEA,LAX,2025-02-28,2,AS,954,1,-13,On time,
AUS,LAS,2025-07-17,7,WN,1090,90,73,Delayed,
BNA,EWR,2025-08-12,8,UA,748,-10,-9,On time,
PBI,MCO,2025-10-29,10,WN,141,-9,-28,On time,
PHX,OMA,2025-07-08,7,WN,1037,-8,-13,On time,
ORD,MSN,2025-12-16,12,OH,108,13,6,On time,
DEN,SGU,2025-07-27,7,OO,517,-6,-4,On time,
OAK,BUR,2025-08-14,8,WN,325,-4,-6,On time,
CLT,SAV,2025-04-29,4,OH,213,0,-9,On time,
HOU,PHX,2025-03-21,3,WN,1020,-4,12,On time,
IAH,SMF,2025-09-13,9,UA,1609,-3,-2,On time,
SLC,CDC,2025-08-27,8,OO,221,-6,-15,On time,
JFK,DCA,2025-02-01,2,YX,213,-8,-9,On time,
SFO,BOI,2025-02-10,2,OO,522,-9,-20,On time,
ORD,PWM,2025-10-11,10,UA,900,1,-3,On time,
PDX,LAS,2025-07-13,7,NK,763,22,11,On time,
MCI,MDW,2025-04-04,4,WN,405,42,29,Delayed,
BOI,GEG,2025-07-28,7,OO,287,-6,-14,On time,
DEN,TPA,2025-01-16,1,WN,1506,7,-3,On time,
HOU,LAS,2025-08-01,8,WN,1235,5,-11,On time,
HNL,SMF,2025-07-02,7,HA,2462,12,-9,On time,
MSN,LGA,2025-11-12,11,YX,812,4,-9,On time,
IAH,SEA,2025-09-11,9,AS,1874,-9,6,On time,
SGU,PHX,2025-01-08,1,OO,262,149,145,Delayed,
PHX,JFK,2025-12-21,12,AA,2153,163,143,Delayed,
SBP,SFO,2025-06-29,6,OO,190,-1,14,On time,
AUS,DFW,2025-06-10,6,AA,190,-4,-13,On time,
AUS,MSY,2025-09-26,9,OO,445,-6,-19,On time,
LAS,PHX,2025-04-29,4,WN,255,3,-3,On time,
DEN,BDL,2025-08-28,8,UA,1671,-4,-5,On time,
MDW,PHL,2025-02-06,2,WN,668,-1,-18,On time,
DEN,COS,2025-03-09,3,WN,73,13,2,On time,
BNA,TUL,2025-11-09,11,WN,515,74,63,Delayed,
FLL,DEN,2025-02-10,2,UA,1703,-4,-14,On time,
LAS,SMF,2025-07-05,7,WN,397,29,11,On time,
SBA,PHX,2025-06-05,6,OO,455,-13,-14,On time,
DCA,PIT,2025-08-15,8,OH,204,-8,-30,On time,
SLC,PHX,2025-02-15,2,OO,507,2,11,On time,
SLC,SAN,2025-04-22,4,DL,626,-4,-17,On time,
GSP,BNA,2025-03-02,3,WN,265,-6,-16,On time,
MSP,DLH,2025-01-03,1,OO,144,111,98,Delayed,
FLL,AVL,2025-10-05,10,G4,661,-2,3,On time,
DAL,MCI,2025-05-18,5,WN,461,85,84,Delayed,
MSP,SEA,2025-04-04,4,AS,1399,-18,1,On time,
ACT,DFW,2025-09-08,9,MQ,90,-3,-12,On time,
SAN,TPA,2025-06-07,6,WN,2087,38,2,On time,
CLT,SRQ,2025-05-05,5,AA,547,-2,5,On time,
LAX,EGE,2025-02-11,2,OO,748,-9,4,On time,
DEN,ORD,2025-05-30,5,UA,888,-3,66,Delayed,
SDF,ORD,2025-04-14,4,MQ,286,-5,-17,On time,
DFW,LGA,2025-05-14,5,AA,1389,4,4,On time,
SJC,LAX,2025-10-17,10,WN,308,9,-1,On time,
MSP,MCI,2025-05-30,5,DL,393,-13,-25,On time,
ATL,DCA,2025-07-25,7,DL,547,-6,-2,On time,
MEM,DFW,2025-02-21,2,AA,431,19,10,On time,
STL,EWR,2025-06-15,6,UA,872,11,2,On time,
LAS,HOU,2025-08-17,8,WN,1235,6,-3,On time,
PSC,SEA,2025-09-14,9,OO,172,-10,-21,On time,
ATL,JFK,2025-03-05,3,DL,760,76,109,Delayed,
ATL,GNV,2025-11-11,11,DL,300,-9,-17,On time,
GRK,DFW,2025-01-31,1,MQ,134,-5,-17,On time,
SEA,GEG,2025-12-31,12,AS,224,9,-3,On time,
DCA,AVL,2025-08-11,8,OH,384,-5,4,On time,
BNA,SLC,2025-09-21,9,DL,1404,-9,-7,On time,
LAX,OGG,2025-03-23,3,HA,2486,28,17,Delayed,
LAX,ORD,2025-09-06,9,AA,1744,0,-25,On time,
DTW,IAD,2025-06-02,6,OO,383,-10,-17,On time,
DAL,AMA,2025-04-10,4,WN,323,3,-7,On time,
PIT,ATL,2025-04-30,4,DL,526,-4,-18,On time,
MSN,EWR,2025-09-15,9,UA,799,-9,-10,On time,
MKE,ATL,2025-05-29,5,DL,669,-8,-20,On time,
MDW,PIT,2025-07-31,7,WN,402,6,0,On time,
EWR,ATL,2025-01-18,1,UA,746,139,123,Delayed,
FLL,BOS,2025-09-17,9,DL,1237,-5,-30,On time,
ATL,MCO,2025-07-19,7,DL,404,-6,-12,On time,
PNS,DFW,2025-02-17,2,AA,604,-5,-3,On time,
PDX,ATL,2025-01-08,1,DL,2172,-3,-16,On time,
IAD,SFO,2025-12-23,12,UA,2418,105,95,Delayed,
SJC,LAX,2025-08-18,8,WN,308,17,10,On time,
DEN,XNA,2025-01-06,1,OO,616,-2,-4,On time,
COS,DEN,2025-04-20,4,OO,73,-11,-16,On time,
ATL,MCO,2025-12-07,12,NK,404,101,118,Delayed,
BOS,DCA,2025-11-30,11,YX,399,56,46,Delayed,
SEA,GEG,2025-06-23,6,OO,224,-5,-10,On time,
STL,IAH,2025-03-30,3,UA,667,-6,-17,On time,
AUS,DFW,2025-10-07,10,AA,190,-5,6,On time,
CLT,ORD,2025-11-07,11,AA,599,11,-11,On time,
ATL,BOS,2025-08-02,8,DL,946,30,28,Delayed,
SLC,DAL,2025-02-23,2,WN,999,13,15,Delayed,
RNO,LAX,2025-02-14,2,NK,391,12,31,Delayed,
IAH,LAX,2025-03-15,3,NK,1379,55,69,Delayed,
PBI,CLT,2025-02-24,2,AA,590,35,19,Delayed,
PHX,DSM,2025-01-06,1,MQ,1150,-6,-17,On time,
RIW,DEN,2025-09-10,9,OO,296,-10,-20,On time,
DFW,GRI,2025-06-28,6,OO,561,127,120,Delayed,
LIT,STL,2025-07-03,7,WN,296,-5,-4,On time,
OMA,SEA,2025-09-29,9,AS,1368,-17,-29,On time,
TYS,SFB,2025-12-22,12,G4,511,-9,-11,On time,
PHX,PHL,2025-03-23,3,AA,2075,-4,-4,On time,
BUR,SFO,2025-04-10,4,OO,326,-14,-3,On time,
SYR,DEN,2025-12-14,12,UA,1492,2,17,Delayed,
BUR,PHX,2025-08-10,8,WN,369,71,61,Delayed,
DFW,SEA,2025-05-18,5,AS,1660,9,18,Delayed,
DEN,LAS,2025-02-16,2,UA,628,-4,-16,On time,
DFW,TLH,2025-01-02,1,OH,767,14,41,Delayed,
ATL,LGA,2025-12-01,12,YX,762,1,-26,On time,
CLE,LGA,2025-05-05,5,YX,419,92,132,Delayed,
ORD,DFW,2025-10-20,10,F9,802,-5,-8,On time,
AUS,SEA,2025-03-23,3,DL,1770,-1,-18,On time,
TYS,DEN,2025-08-18,8,UA,1162,32,108,Delayed,
DEN,DCA,2025-02-16,2,F9,1476,142,133,Delayed,
CAK,ORD,2025-07-30,7,OO,344,16,36,Delayed,
BNA,ORD,2025-07-27,7,AA,409,3,-4,On time,
OAK,BOI,2025-12-30,12,WN,512,7,-4,On time,
ATL,SRQ,2025-01-29,1,DL,444,-7,-11,On time,
CHS,CLT,2025-11-27,11,AA,168,-5,-24,On time,
SDF,ORD,2025-06-17,6,YX,286,-7,-3,On time,
CHA,DFW,2025-06-13,6,OH,695,-9,-20,On time,
SFO,LAX,2025-04-27,4,OO,337,12,17,Delayed,
DCA,BNA,2025-09-05,9,YX,562,30,26,Delayed,
CMH,LGA,2025-03-25,3,YX,479,-10,-13,On time,
MIA,BOS,2025-01-18,1,DL,1258,93,69,Delayed,
ORD,CHO,2025-10-14,10,OO,566,-11,-9,On time,
OGG,PDX,2025-10-14,10,AS,2561,-1,7,On time,
HNL,SEA,2025-05-17,5,HA,2677,22,11,On time,
MCO,ATL,2025-03-21,3,DL,404,75,91,Delayed,
IAD,MSY,2025-12-24,12,UA,955,-7,-24,On time,
AUS,PHX,2025-03-25,3,AA,872,-8,-21,On time,
SFO,PHX,2025-04-10,4,F9,651,83,77,Delayed,
ORD,LGA,2025-01-07,1,UA,733,-1,8,On time,
DEN,BNA,2025-03-14,3,UA,1014,28,13,On time,
ATL,HOU,2025-06-20,6,DL,696,-1,-11,On time,
LBB,DFW,2025-05-25,5,MQ,282,-2,6,On time,
LNK,ORD,2025-10-14,10,OO,466,-9,-24,On time,
RDU,ORD,2025-08-23,8,AA,646,-9,-34,On time,
MSY,AUS,2025-11-28,11,WN,445,-2,-11,On time,
TPA,MSP,2025-07-19,7,DL,1306,-9,-3,On time,
SEA,MSY,2025-11-09,11,AS,2086,42,28,Delayed,
DCA,DTW,2025-10-22,10,OH,405,120,112,Delayed,
PIE,PBG,2025-11-24,11,G4,1262,-11,-1,On time,
AVL,ORD,2025-12-04,12,OO,536,-2,31,Delayed,
BUR,DEN,2025-03-07,3,F9,850,3,-9,On time,
CVG,CHS,2025-05-18,5,G4,497,-8,2,On time,
IAH,SJC,2025-08-12,8,UA,1608,-2,-6,On time,
ATL,SAN,2025-11-10,11,DL,1892,79,78,Delayed,
ATL,BWI,2025-09-11,9,DL,577,-6,-15,On time,
BUR,PHX,2025-03-21,3,WN,369,10,-4,On time,
DEN,LAX,2025-02-18,2,UA,862,98,108,Delayed,
CLT,LEX,2025-02-26,2,OH,281,33,27,Delayed,
DFW,BIL,2025-05-22,5,MQ,1081,34,37,Delayed,
AUS,ATL,2025-07-25,7,DL,813,-2,-13,On time,
RIC,ATL,2025-05-03,5,DL,481,36,19,Delayed,
TUS,DEN,2025-04-19,4,UA,639,-2,-22,On time,
DEN,AVL,2025-06-14,6,UA,1248,0,-6,On time,
BOS,ORD,2025-05-22,5,B6,867,88,66,Delayed,
ANC,SEA,2025-12-01,12,AS,1448,-11,-24,On time,
LGA,DFW,2025-05-22,5,AA,1389,45,33,Delayed,
DFW,CLE,2025-01-23,1,AA,1021,-4,-25,On time,
ATL,AUS,2025-04-16,4,DL,813,-3,-9,On time,
IAD,BNA,2025-02-13,2,UA,542,-5,-4,On time,
LAX,LAS,2025-08-20,8,DL,236,-3,-9,On time,
MSP,DCA,2025-03-29,3,DL,931,-6,-29,On time,
MIA,JFK,2025-02-14,2,DL,1089,-3,-13,On time,
AUS,ATL,2025-04-06,4,DL,813,-7,12,On time,
ATL,MKE,2025-07-01,7,DL,669,-8,12,On time,
TUS,ORD,2025-04-23,4,UA,1437,-10,-6,On time,
JFK,ONT,2025-10-01,10,B6,2429,-2,-27,On time,
MRY,SFO,2025-08-09,8,OO,77,-2,-14,On time,
PDX,LAS,2025-04-20,4,WN,763,-2,2,On time,
ATL,IAD,2025-12-18,12,DL,534,-5,-12,On time,
ATL,CHS,2025-05-16,5,DL,259,70,99,Delayed,
PHX,DEN,2025-07-28,7,WN,602,-1,-13,On time,
IAH,DEN,2025-10-23,10,UA,861,1,56,Delayed,
CLT,MEM,2025-08-03,8,OH,511,-7,-18,On time,
OAK,ONT,2025-07-19,7,WN,362,-3,-13,On time,
MCO,DFW,2025-11-14,11,AA,985,-10,-5,On time,
LAX,PHX,2025-12-19,12,AA,370,0,-5,On time,
DTW,BWI,2025-04-03,4,DL,409,-6,-9,On time,
MSY,ATL,2025-02-03,2,DL,425,-9,-14,On time,
PHX,ORD,2025-02-25,2,AA,1440,0,-20,On time,
BUR,PHX,2025-04-30,4,OO,369,-9,8,On time,
MSP,SFO,2025-03-30,3,DL,1589,6,-1,On time,
SRQ,BOS,2025-11-17,11,B6,1220,-4,-11,On time,
PHX,TUS,2025-09-07,9,MQ,109,-8,-11,On time,
DAL,ELP,2025-02-19,2,WN,562,38,26,Delayed,
AVL,EWR,2025-12-16,12,G4,583,-9,12,On time,
LAX,DEN,2025-10-30,10,UA,862,14,15,Delayed,
BNA,FLL,2025-10-09,10,WN,793,13,11,On time,
RDU,AUS,2025-04-15,4,OO,1162,-3,-13,On time,
LAX,MCO,2025-08-13,8,WN,2218,-1,-15,On time,
ATL,RDU,2025-07-27,7,DL,356,5,25,Delayed,
MCI,BNA,2025-07-04,7,NK,491,-9,-13,On time,
JFK,SFO,2025-09-13,9,B6,2586,-6,-31,On time,
SEA,BUR,2025-08-07,8,AS,937,-7,-5,On time,
PHX,DEN,2025-09-05,9,F9,602,-3,-11,On time,
JFK,LAS,2025-05-14,5,F9,2248,-6,-40,On time,
RDU,SFO,2025-06-01,6,UA,2400,0,-27,On time,
LBB,IAH,2025-12-29,12,OO,457,-4,-10,On time,
EYW,AVL,2025-07-24,7,G4,751,2,-5,On time,
SDF,ATL,2025-08-21,8,DL,321,-5,-24,On time,
LAS,ONT,2025-10-03,10,WN,197,19,40,Delayed,
DCA,MSP,2025-09-26,9,DL,931,24,8,On time,
SFB,FNT,2025-03-29,3,G4,988,0,-17,On time,
FSD,ATL,2025-08-14,8,DL,954,-9,-11,On time,
DFW,PSP,2025-12-04,12,AA,1126,27,21,Delayed,
ONT,SJC,2025-12-07,12,WN,333,-4,-12,On time,
XNA,DEN,2025-12-24,12,OO,616,-10,-30,On time,
BOS,DCA,2025-01-27,1,B6,399,-9,-13,On time,
OKC,MSP,2025-08-18,8,OO,694,-6,-10,On time,
DCA,BNA,2025-11-11,11,YX,562,0,24,Delayed,
MDW,AUS,2025-05-25,5,WN,972,52,48,Delayed,
OAK,GEG,2025-02-04,2,WN,723,-2,-22,On time,
PIT,LAS,2025-07-14,7,NK,1910,26,0,On time,
SAN,ORD,2025-11-13,11,UA,1723,-11,-24,On time,
SEA,HNL,2025-02-08,2,DL,2677,-7,-22,On time,
MCO,SJU,2025-09-15,9,B6,1188,-4,-6,On time,
MSP,DFW,2025-07-17,7,F9,852,-6,-24,On time,
PHX,LAX,2025-09-30,9,OO,370,-10,-17,On time,
GSO,ATL,2025-05-07,5,DL,306,-15,-26,On time,
MCO,ORD,2025-09-26,9,AA,1005,-4,-22,On time,
DAL,PHX,2025-01-23,1,WN,879,1,-9,On time,
SJU,EWR,2025-10-12,10,UA,1608,-8,5,On time,
PHX,MFR,2025-07-20,7,OO,855,-5,-22,On time,
BWI,LAX,2025-10-31,10,UA,2329,2,-16,On time,
LAX,DFW,2025-08-27,8,AA,1235,-3,-11,On time,
ISP,BWI,2025-10-19,10,WN,220,22,18,Delayed,
RDU,BNA,2025-01-28,1,YX,442,-10,-22,On time,
SAN,HOU,2025-10-09,10,WN,1313,0,2,On time,
SMF,ORD,2025-09-23,9,UA,1781,-8,-15,On time,
DEN,COS,2025-09-25,9,UA,73,-4,-17,On time,
ORD,MLI,2025-07-02,7,MQ,139,33,15,Delayed,
RSW,ATL,2025-12-27,12,DL,515,-7,13,On time,
SNA,SFO,2025-02-06,2,UA,372,-10,-1,On time,
CLT,SFO,2025-08-14,8,AA,2296,15,15,Delayed,
ORD,ICT,2025-06-22,6,OO,588,-1,13,On time,
AZA,PVU,2025-11-05,11,G4,477,-6,-10,On time,
JAX,MDW,2025-10-22,10,WN,848,-6,4,On time,
LGA,IAH,2025-04-03,4,DL,1416,-4,-10,On time,
OAK,PDX,2025-09-18,9,WN,543,67,65,Delayed,
DEN,DSM,2025-01-03,1,F9,589,151,143,Delayed,
EWR,STL,2025-02-05,2,YX,872,-2,-4,On time,
LAS,AUS,2025-01-16,1,NK,1090,10,-1,On time,
ATL,STT,2025-06-12,6,DL,1599,-5,-5,On time,
HNL,KOA,2025-01-28,1,HA,163,-4,5,On time,
HNL,OGG,2025-01-24,1,HA,100,-5,-1,On time,
LAX,IAD,2025-03-31,3,UA,2288,6,-7,On time,
BIL,SLC,2025-05-06,5,DL,387,-15,-17,On time,
SEA,OGG,2025-03-16,3,AS,2640,-2,-20,On time,
ORD,MCO,2025-12-11,12,AA,1005,3,-25,On time,
KOA,SEA,2025-12-28,12,AS,2688,-9,-37,On time,
RDU,IAD,2025-09-07,9,UA,225,-9,-15,On time,
BNA,FLL,2025-12-05,12,NK,793,-6,-10,On time,
BWI,HOU,2025-09-15,9,WN,1246,2,-20,On time,
ATL,RDU,2025-06-14,6,WN,356,-8,-13,On time,
MSO,SLC,2025-10-02,10,OO,436,-9,2,On time,
LAX,JAC,2025-12-21,12,OO,784,8,40,Delayed,
DEN,PHX,2025-08-26,8,WN,602,-7,-19,On time,
EWR,SAN,2025-10-11,10,UA,2425,89,93,Delayed,
DFW,BNA,2025-03-05,3,AA,631,13,8,On time,
MCO,ATL,2025-03-29,3,DL,404,15,9,On time,
PHL,DTW,2025-12-16,12,DL,453,-3,14,On time,
OGG,HNL,2025-07-31,7,HA,101,-1,-5,On time,
SLC,TUL,2025-02-17,2,OO,926,-6,-27,On time,
MSP,MOT,2025-12-19,12,OO,449,53,48,Delayed,
GTF,SLC,2025-10-20,10,OO,463,-3,-24,On time,
CLE,PHL,2025-03-19,3,OH,363,6,-4,On time,
IND,MIA,2025-02-11,2,AA,1020,-10,-25,On time,
BWI,CHS,2025-03-16,3,WN,472,42,107,Delayed,
ROC,ATL,2025-09-04,9,DL,749,-7,-7,On time,
LAS,LAX,2025-02-19,2,WN,236,26,22,Delayed,
DEN,SAT,2025-04-26,4,UA,794,-5,-8,On time,
LAS,PHL,2025-10-06,10,NK,2177,3,-34,On time,
DAL,ORF,2025-11-25,11,WN,1203,50,42,Delayed,
MIA,MCI,2025-08-02,8,AA,1251,85,75,Delayed,
DEN,EGE,2025-06-24,6,UA,120,-8,-12,On time,
DFW,TRI,2025-04-25,4,MQ,868,-2,8,On time,
SAN,SJC,2025-06-12,6,NK,417,91,80,Delayed,
DFW,LAX,2025-12-19,12,F9,1235,-11,-26,On time,
ATL,BOS,2025-05-29,5,B6,946,-1,-20,On time,
DFW,ELP,2025-02-05,2,AA,551,-1,-10,On time,
DFW,PHX,2025-08-16,8,AA,868,86,86,Delayed,
DTW,PVD,2025-07-03,7,OO,615,-5,-6,On time,
MIA,DFW,2025-11-07,11,AA,1121,22,18,Delayed,
DEN,EAR,2025-11-24,11,OO,305,-9,-6,On time,
SMF,SLC,2025-03-30,3,DL,532,0,1,On time,
LAX,PHX,2025-11-14,11,AA,370,54,53,Delayed,
CRP,DFW,2025-09-22,9,MQ,355,43,36,Delayed,
MSP,SFO,2025-08-09,8,OO,1589,-9,-12,On time,
GPT,CLT,2025-03-14,3,OH,577,302,293,Delayed,
SMF,LAX,2025-08-28,8,OO,373,-11,-34,On time,
SAN,PHL,2025-02-24,2,AA,2370,-15,-17,On time,
HNL,LIH,2025-01-15,1,WN,102,51,44,Delayed,
DTW,AUS,2025-07-09,7,DL,1149,-6,39,Delayed,
DAL,LAX,2025-05-07,5,WN,1246,2,-16,On time,
DSM,PHX,2025-02-22,2,AA,1150,-8,-48,On time,
AUS,DFW,2025-11-08,11,AA,190,-11,2,On time,
ABQ,SAN,2025-07-16,7,WN,628,0,-7,On time,
LAX,DAL,2025-09-25,9,WN,1246,0,-17,On time,
DCA,MSN,2025-02-12,2,YX,707,73,71,Delayed,
LEX,FLL,2025-11-09,11,G4,865,103,147,Delayed,
SEA,ORD,2025-12-01,12,AS,1721,71,64,Delayed,
DFW,MCI,2025-02-12,2,AA,460,-1,-10,On time,
HRL,DFW,2025-07-07,7,MQ,461,24,48,Delayed,
JFK,MIA,2025-01-13,1,DL,1089,-2,8,On time,
SEA,GEG,2025-07-22,7,OO,224,16,19,Delayed,
SEA,PHX,2025-11-25,11,MQ,1107,3,-8,On time,
SLC,PHX,2025-03-26,3,OO,507,-9,-21,On time,
ATL,EWR,2025-05-17,5,UA,746,-3,-16,On time,
LAS,DFW,2025-07-21,7,AA,1055,-3,7,On time,
DEN,XWA,2025-07-21,7,OO,582,7,1,On time,
ABE,MCO,2025-10-23,10,G4,906,7,19,Delayed,
MIA,DEN,2025-01-12,1,F9,1709,18,10,On time,
HOU,SAN,2025-07-29,7,WN,1313,-4,-15,On time,
SMF,LAS,2025-11-19,11,WN,397,-6,18,Delayed,
AUS,BUR,2025-08-14,8,WN,1241,9,15,Delayed,
DCA,BOS,2025-02-27,2,YX,399,-11,20,Delayed,
ORD,MSP,2025-11-01,11,DL,334,-6,-26,On time,
ORD,AVP,2025-06-27,6,MQ,632,15,-8,On time,
PSP,SFO,2025-02-20,2,OO,421,-9,-17,On time,
ATL,COS,2025-02-22,2,DL,1184,-9,-32,On time,
BWI,MIA,2025-09-18,9,WN,946,-1,14,On time,
DEN,BUR,2025-03-02,3,WN,850,-2,-21,On time,
FAT,SLC,2025-01-24,1,OO,501,-16,-35,On time,
BOS,SAV,2025-10-12,10,B6,901,-8,-27,On time,
HNL,OGG,2025-08-07,8,WN,101,-6,-9,On time,
JAN,ATL,2025-04-22,4,DL,341,-7,-16,On time,
ORD,FLL,2025-05-24,5,UA,1182,-5,-17,On time,
RIC,PHL,2025-10-22,10,YX,198,0,-2,On time,
MCI,DCA,2025-03-28,3,WN,949,-3,-8,On time,
CLT,TPA,2025-09-22,9,AA,507,-5,-8,On time,
SFO,LAX,2025-06-20,6,OO,337,25,25,Delayed,
ORD,LGA,2025-05-21,5,UA,733,-1,23,Delayed,
CLE,ATL,2025-08-10,8,DL,554,-6,-27,On time,
DEN,MKE,2025-09-04,9,WN,896,7,7,On time,
CMH,LGA,2025-04-03,4,YX,479,8,-1,On time,
ORF,ATL,2025-08-11,8,DL,516,-5,-23,On time,
LAS,EUG,2025-11-11,11,WN,700,3,-17,On time,
MCO,LGA,2025-12-07,12,NK,950,-7,-22,On time,
IAH,SFO,2025-08-14,8,UA,1635,-8,-17,On time,
SAT,JFK,2025-05-28,5,DL,1587,0,-19,On time,
MSP,LGA,2025-03-31,3,YX,1020,-8,-11,On time,
PIT,DTW,2025-12-03,12,YX,201,20,16,Delayed,
CLT,MSP,2025-02-25,2,AA,930,-2,-17,On time,
BUF,BWI,2025-04-13,4,WN,281,-2,-16,On time,
MSP,ORD,2025-03-23,3,UA,334,2,-1,On time,
PHX,SAT,2025-08-10,8,WN,843,38,28,Delayed,
XNA,CLT,2025-08-10,8,OH,754,-8,-15,On time,
PHX,DEN,2025-07-22,7,WN,602,-2,-12,On time,
BOS,PHL,2025-02-11,2,YX,280,-9,-14,On time,
MCO,SJU,2025-11-21,11,WN,1188,-2,-11,On time,
DCA,CMH,2025-07-21,7,YX,323,-7,-24,On time,
DEN,PHX,2025-01-12,1,F9,602,-4,-5,On time,
IND,DEN,2025-05-03,5,WN,977,-4,-24,On time,
TLH,MIA,2025-03-08,3,MQ,402,-3,-9,On time,
TPA,PHL,2025-02-26,2,AA,920,-6,-22,On time,
DEN,ATL,2025-09-23,9,DL,1199,-4,-1,On time,
LNK,ORD,2025-07-24,7,OO,466,-10,-14,On time,
HNL,ITO,2025-02-26,2,HA,216,-1,3,On time,
MSY,ATL,2025-06-14,6,NK,425,-7,-3,On time,
BNA,MCO,2025-10-08,10,WN,616,18,7,On time,
PIE,FNT,2025-03-07,3,G4,1040,4,-4,On time,
LGA,ORD,2025-01-08,1,UA,733,-8,-30,On time,
HOU,OKC,2025-07-10,7,WN,419,-9,-12,On time,
IAD,IAH,2025-12-30,12,UA,1190,442,412,Delayed,
ATL,AUS,2025-07-09,7,DL,813,-6,-11,On time,
ATL,DTW,2025-07-11,7,NK,594,82,82,Delayed,
SAN,LAX,2025-05-18,5,OO,109,-3,1,On time,
IND,SEA,2025-05-12,5,AS,1866,26,30,Delayed,
BGR,DCA,2025-10-18,10,OH,590,258,262,Delayed,
SAN,OAK,2025-12-20,12,WN,446,4,-16,On time,
MDW,BWI,2025-10-04,10,WN,611,-2,-14,On time,
MCO,ATL,2025-04-22,4,DL,404,-1,-13,On time,
CVG,DFW,2025-10-12,10,AA,812,7,-7,On time,
MDW,RIC,2025-10-26,10,WN,629,-6,-15,On time,
ATL,MSY,2025-06-22,6,F9,425,-9,-5,On time,
CLT,MIA,2025-06-12,6,AA,650,18,14,On time,
SLC,PHX,2025-04-20,4,OO,507,-12,2,On time,
ICT,DEN,2025-10-27,10,UA,420,-5,-22,On time,
GPT,ATL,2025-04-08,4,DL,352,-12,-16,On time,
ORD,LGA,2025-07-17,7,DL,733,-3,-13,On time,
SAV,DFW,2025-03-17,3,AA,925,-7,-18,On time,
DSM,LAS,2025-09-08,9,WN,1216,0,-10,On time,
MSY,MCO,2025-03-31,3,NK,551,152,143,Delayed,
MCO,LGA,2025-05-21,5,DL,950,-2,-11,On time,
IAH,SLC,2025-03-23,3,UA,1195,-5,50,Delayed,
PHL,MCO,2025-02-23,2,WN,861,-5,-20,On time,
DTW,DEN,2025-09-05,9,DL,1123,-4,13,On time,
SEA,LAX,2025-12-13,12,OO,954,289,306,Delayed,
DCA,PBI,2025-06-18,6,B6,857,16,26,Delayed,
EWR,BNA,2025-07-22,7,UA,748,-9,-23,On time,
ABE,SFB,2025-07-24,7,G4,882,34,21,Delayed,
DTW,MIA,2025-03-07,3,DL,1145,-4,-20,On time,
PIT,ATL,2025-07-23,7,DL,526,-9,-29,On time,
DCA,HOU,2025-10-17,10,WN,1218,2,-2,On time,
CLT,PBI,2025-06-16,6,AA,590,228,222,Delayed,
ORD,EWR,2025-04-09,4,UA,719,1,6,On time,
LAX,BNA,2025-09-23,9,WN,1798,-8,-39,On time,
VPS,BNA,2025-05-16,5,WN,389,-9,-15,On time,
SJU,RDU,2025-08-01,8,F9,1432,129,145,Delayed,
MDW,GRR,2025-02-18,2,WN,137,-2,-15,On time,
ABQ,DEN,2025-11-02,11,WN,349,-1,-17,On time,
MCO,DTW,2025-04-02,4,NK,957,11,-5,On time,
PHX,CLT,2025-03-19,3,AA,1773,-8,-27,On time,
SLC,CLE,2025-09-01,9,DL,1565,-1,-1,On time,
PHL,LAS,2025-11-15,11,AA,2177,-7,-23,On time,
PDX,DEN,2025-01-05,1,F9,991,-8,-11,On time,
MCO,EWR,2025-10-01,10,B6,937,-2,-12,On time,
SJU,JFK,2025-04-13,4,B6,1598,0,-29,On time,
LAX,SMF,2025-08-29,8,WN,373,0,-10,On time,
PVD,DCA,2025-06-16,6,MQ,356,12,-2,On time,
JFK,LAX,2025-07-02,7,AA,2475,-10,-26,On time,
TPA,BNA,2025-06-15,6,MQ,612,-12,0,On time,
ATL,GEG,2025-10-24,10,DL,1969,35,26,Delayed,
EUG,PHX,2025-11-30,11,AA,952,-9,-25,On time,
LGA,DFW,2025-07-10,7,DL,1389,28,23,Delayed,
MEM,ORD,2025-04-15,4,YX,491,-9,-6,On time,
AUS,PHL,2025-07-21,7,AA,1431,4,1,On time,
MCO,DEN,2025-07-09,7,UA,1547,6,-7,On time,
SFB,OMA,2025-11-17,11,G4,1195,-15,-22,On time,
IAH,MFE,2025-09-26,9,UA,316,-4,-8,On time,
MAF,AUS,2025-10-15,10,OO,294,-20,-14,On time,
HOU,AUS,2025-10-28,10,WN,148,-4,-8,On time,
SLC,ATL,2025-12-09,12,DL,1590,5,-18,On time,
COS,DEN,2025-12-21,12,WN,73,2,-10,On time,
FLL,ATL,2025-05-12,5,NK,581,5,31,Delayed,
LAX,ORD,2025-07-17,7,AA,1744,6,-18,On time,
BNA,MYR,2025-07-13,7,WN,471,128,119,Delayed,
BUF,BOS,2025-07-20,7,B6,395,16,4,On time,
PDX,PHX,2025-07-11,7,AS,1010,9,-4,On time,
PHX,BWI,2025-04-17,4,WN,1999,-3,-20,On time,
LGA,DCA,2025-04-18,4,YX,214,-8,-12,On time,
EAU,ORD,2025-04-17,4,OO,269,-4,6,On time,
MDW,AUS,2025-06-07,6,WN,972,-5,-2,On time,
PDX,ORD,2025-01-26,1,UA,1739,-10,-7,On time,
BNA,SRQ,2025-02-23,2,WN,648,-5,-10,On time,
BNA,LGA,2025-06-10,6,WN,764,3,-11,On time,
PHX,MCO,2025-07-30,7,AA,1849,-6,-7,On time,
DFW,RAP,2025-09-05,9,MQ,835,-4,-23,On time,
SFO,SEA,2025-07-27,7,OO,679,1,-3,On time,
MDW,DAL,2025-11-11,11,WN,793,-4,13,On time,
MSP,MDW,2025-10-30,10,WN,349,-6,-8,On time,
LAX,AUS,2025-01-24,1,WN,1242,-1,-9,On time,
FLL,LAX,2025-05-17,5,B6,2343,-1,-13,On time,
SDF,MDW,2025-04-03,4,WN,271,-6,-20,On time,
SEA,LAS,2025-06-28,6,WN,867,-3,-22,On time,
PHX,OAK,2025-11-05,11,WN,646,189,186,Delayed,
SUN,DEN,2025-06-12,6,OO,557,63,74,Delayed,
DEN,RDU,2025-11-08,11,WN,1436,8,-11,On time,
EWR,FLL,2025-10-05,10,UA,1065,-5,-15,On time,
PHL,MCO,2025-08-14,8,F9,862,15,2,On time,
BNA,PHL,2025-12-24,12,OH,675,-6,-23,On time,
AUS,PHX,2025-01-01,1,AA,872,-1,-6,On time,
ATL,EWR,2025-12-17,12,DL,746,49,41,Delayed,
STL,DTW,2025-02-10,2,DL,440,-11,-24,On time,
PHL,DTW,2025-07-22,7,YX,453,52,49,Delayed,
CHS,ATL,2025-02-26,2,DL,259,-9,-21,On time,
IAH,SFO,2025-06-26,6,UA,1635,10,1,On time,
FLL,PVD,2025-07-30,7,B6,1188,-10,-8,On time,
IAH,IND,2025-01-12,1,UA,844,-4,-26,On time,
BDL,PHL,2025-10-10,10,AA,195,1,13,On time,
OMA,MSP,2025-05-31,5,OO,282,-10,-22,On time,
OAK,BUR,2025-08-28,8,WN,325,-8,-23,On time,
CLT,SAV,2025-06-15,6,OH,213,7,-6,On time,
DCA,LIT,2025-07-15,7,MQ,888,9,4,On time,
PVD,MCO,2025-12-23,12,B6,1072,3,-14,On time,
DEN,CLE,2025-11-18,11,WN,1201,-3,-5,On time,
ATL,MDT,2025-05-23,5,DL,620,27,22,Delayed,
CLT,LGA,2025-07-29,7,NK,544,161,150,Delayed,
COU,ORD,2025-09-10,9,MQ,315,-11,-13,On time,
LGA,MCO,2025-07-02,7,B6,950,28,40,Delayed,
LGA,BNA,2025-04-26,4,YX,764,199,185,Delayed,
RNO,ATL,2025-08-30,8,DL,1993,-6,-31,On time,
HSV,DEN,2025-03-10,3,OO,1048,-8,-30,On time,
SMF,SNA,2025-04-15,4,WN,404,-5,-10,On time,
PHL,ATL,2025-12-04,12,DL,666,-6,-18,On time,
RDU,PHL,2025-06-27,6,AA,337,200,214,Delayed,
PVD,DCA,2025-12-11,12,OH,356,0,-19,On time,
MSP,HNL,2025-03-29,3,DL,3972,53,59,Delayed,
SLC,SEA,2025-07-27,7,DL,689,3,20,Delayed,
BOI,SEA,2025-03-12,3,AS,399,-8,-9,On time,
GEG,MSP,2025-01-22,1,DL,1175,-10,-19,On time,
MCO,BOS,2025-04-09,4,B6,1121,-9,-16,On time,
DFW,XNA,2025-11-26,11,MQ,280,-4,14,On time,
DFW,SGF,2025-01-14,1,MQ,364,-2,-1,On time,
DAL,PHX,2025-12-24,12,WN,879,5,-19,On time,
CID,PHX,2025-11-17,11,OO,1252,-11,-18,On time,
IAD,ATL,2025-03-22,3,UA,534,-5,-15,On time,
MCO,PHL,2025-09-07,9,AA,862,129,143,Delayed,
DTW,EWR,2025-10-06,10,NK,488,68,83,Delayed,
LNK,DEN,2025-02-17,2,OO,423,-4,42,Delayed,
PHL,MDW,2025-12-15,12,WN,668,-3,-10,On time,
HNL,LIH,2025-01-02,1,HA,102,7,4,On time,
PHX,PDX,2025-07-09,7,WN,1010,1,-3,On time,
ORD,DCA,2025-07-02,7,AA,612,-5,-14,On time,
SLC,IAD,2025-04-27,4,DL,1828,-6,-3,On time,
PHX,BUR,2025-10-03,10,WN,369,3,-3,On time,
ATL,AUS,2025-06-10,6,WN,813,60,58,Delayed,
RAP,ORD,2025-05-08,5,OO,779,-8,-5,On time,
DEN,DCA,2025-03-20,3,UA,1476,-5,-10,On time,
DFW,PSP,2025-03-18,3,AA,1126,-4,11,On time,
RDU,ORD,2025-10-16,10,AA,646,1422,1415,Delayed,
SBN,DFW,2025-09-03,9,OO,846,-8,3,On time,
TUS,PHX,2025-06-18,6,OO,110,53,45,Delayed,
LAS,FAT,2025-06-29,6,WN,259,0,-17,On time,
BNA,CMH,2025-05-21,5,WN,337,18,18,Delayed,
SEA,DFW,2025-12-18,12,AA,1660,35,8,On time,
PHX,JFK,2025-01-14,1,AA,2153,-7,-30,On time,
DEN,SJC,2025-10-27,10,WN,948,3,18,Delayed,
LGA,ATL,2025-07-22,7,DL,762,-7,-2,On time,
MYR,ATL,2025-05-20,5,DL,317,51,36,Delayed,
MCI,MDW,2025-07-13,7,WN,404,43,42,Delayed,
BOS,MIA,2025-11-11,11,DL,1258,42,36,Delayed,
DCA,PBI,2025-12-15,12,B6,857,39,37,Delayed,
MCO,SAT,2025-05-04,5,WN,1041,-5,-1,On time,
GEG,SEA,2025-07-09,7,AS,224,21,18,Delayed,
PHX,LAS,2025-08-07,8,WN,255,0,-9,On time,
BDL,DEN,2025-10-04,10,UA,1671,-7,-4,On time,
SFO,CLT,2025-06-02,6,AA,2296,-6,-24,On time,
JFK,LAX,2025-01-18,1,DL,2475,131,147,Delayed,
GSP,BWI,2025-06-26,6,WN,426,-5,-10,On time,
DEN,ONT,2025-04-09,4,WN,819,-4,-11,On time,
BOS,FLL,2025-05-01,5,B6,1237,-6,-22,On time,
DFW,MSP,2025-12-10,12,AA,852,-2,1,On time,
LAS,HOU,2025-05-17,5,WN,1235,22,17,Delayed,
SEA,LAS,2025-08-02,8,AS,867,-4,-6,On time,
CLT,TVC,2025-04-07,4,MQ,702,94,102,Delayed,
FLL,SJU,2025-04-11,4,B6,1046,28,25,Delayed,
SLC,BNA,2025-04-07,4,DL,1404,-8,-10,On time,
LAX,DTW,2025-07-22,7,DL,1979,0,-4,On time,
RNO,ORD,2025-01-09,1,UA,1671,-1,0,On time,
ORD,ROA,2025-11-20,11,OO,530,-6,-16,On time,
SFO,LAX,2025-09-19,9,F9,337,-11,-12,On time,
GRR,MSP,2025-06-06,6,DL,408,18,23,Delayed,
BOI,SNA,2025-08-28,8,G4,688,-4,0,On time,
DFW,LIT,2025-03-16,3,OH,304,-4,11,On time,
DFW,SEA,2025-11-10,11,AA,1660,19,37,Delayed,
PHL,IAH,2025-04-05,4,AA,1325,-3,-2,On time,
PHX,MSP,2025-03-22,3,WN,1276,1,-7,On time,
GRR,DTW,2025-12-01,12,OO,120,20,7,On time,
HOU,DAL,2025-06-15,6,WN,239,-8,-11,On time,
DFW,IND,2025-08-14,8,AA,761,9,-1,On time,
SAV,EWR,2025-10-13,10,UA,708,71,95,Delayed,
CLT,TPA,2025-11-24,11,AA,507,-2,-9,On time,
ORD,SEA,2025-06-17,6,AA,1721,85,82,Delayed,
ABQ,DFW,2025-04-07,4,AA,569,25,27,Delayed,
TLH,ATL,2025-02-21,2,DL,223,-3,-1,On time,
ORD,SLC,2025-03-26,3,AA,1250,62,40,Delayed,
ATL,SBN,2025-02-16,2,OO,566,-2,-12,On time,
STL,FLL,2025-01-22,1,WN,1057,0,-13,On time,
MSP,ORD,2025-05-05,5,UA,334,13,2,On time,
PVU,AZA,2025-06-21,6,G4,477,-15,-9,On time,
ATL,DCA,2025-12-02,12,WN,547,-4,-3,On time,
SLC,DEN,2025-02-26,2,OO,391,-5,-32,On time,
DEN,SLC,2025-08-09,8,F9,391,-7,-4,On time,
LAS,SFO,2025-02-26,2,UA,414,-8,-26,On time,
SEA,DCA,2025-06-11,6,DL,2329,0,-17,On time,
LAX,SEA,2025-08-02,8,AS,954,-7,-5,On time,
LAX,BOS,2025-07-09,7,B6,2611,57,34,Delayed,
MCO,PVD,2025-10-19,10,WN,1072,5,2,On time,
SFO,IAH,2025-02-13,2,UA,1635,100,106,Delayed,
EUG,SFO,2025-06-26,6,OO,451,27,9,On time,
CMH,IAH,2025-02-02,2,UA,986,29,-2,On time,
IAD,SAN,2025-06-30,6,AS,2253,17,22,Delayed,
MSP,GRR,2025-10-01,10,OO,408,31,27,Delayed,
SMF,BNA,2025-12-16,12,WN,1917,5,-1,On time,
DTW,SEA,2025-12-15,12,DL,1927,19,25,Delayed,
HNL,GUM,2025-10-05,10,UA,3801,-6,-16,On time,
JFK,BQN,2025-05-23,5,B6,1576,16,0,On time,
DFW,TLH,2025-02-06,2,MQ,767,-6,-7,On time,
BUR,AUS,2025-01-15,1,WN,1241,-5,-5,On time,
IAD,AUS,2025-04-17,4,UA,1297,-6,-1,On time,
BNA,BOS,2025-06-08,6,B6,942,-7,-29,On time,
DEN,IAD,2025-11-06,11,UA,1452,-6,-13,On time,
STL,DTW,2025-04-22,4,DL,440,43,31,Delayed,
AUS,LAX,2025-10-06,10,UA,1242,-5,-14,On time,
HPN,DCA,2025-09-09,9,OH,234,-11,17,Delayed,
PHX,SAN,2025-07-03,7,AA,304,0,-3,On time,
ATL,JAX,2025-07-06,7,DL,269,36,41,Delayed,
SAF,DFW,2025-06-05,6,OO,551,-3,-13,On time,
ABQ,ATL,2025-04-04,4,DL,1269,-6,1,On time,
ORD,MSY,2025-02-01,2,UA,837,-6,-25,On time,
ROC,ORD,2025-12-09,12,UA,528,-5,23,Delayed,
OGG,LAS,2025-09-02,9,WN,2695,0,-19,On time,
ILM,CLT,2025-12-24,12,OH,185,-9,1,On time,
PHX,LAS,2025-10-18,10,WN,255,-1,-14,On time,
SNA,ATL,2025-07-09,7,DL,1919,-6,0,On time,
CLT,BGR,2025-07-08,7,AA,921,-3,-23,On time,
SLC,SEA,2025-11-09,11,DL,689,32,7,On time,
BWI,CLT,2025-03-23,3,WN,361,-2,-5,On time,
PHX,CLT,2025-10-04,10,AA,1773,-5,-24,On time,
MDW,AUS,2025-11-28,11,WN,972,-4,-13,On time,
SLC,SMF,2025-10-18,10,DL,532,3,-8,On time,
BNA,TPA,2025-12-28,12,MQ,612,-3,-11,On time,
DEN,MKE,2025-11-02,11,WN,896,-5,-5,On time,
SFO,PDX,2025-03-28,3,OO,550,-6,0,On time,
HNL,ITO,2025-09-13,9,HA,216,-7,-6,On time,
SFO,BOS,2025-06-21,6,UA,2704,47,38,Delayed,
TVC,ORD,2025-01-28,1,YX,224,121,109,Delayed,
BWI,RSW,2025-06-17,6,WN,919,3,1,On time,
RDU,JFK,2025-02-09,2,B6,427,-4,-15,On time,
PHL,SAV,2025-09-21,9,AA,630,-7,-9,On time,
PHL,HYA,2025-07-25,7,YX,288,17,22,Delayed,
SEA,JFK,2025-05-22,5,AS,2422,53,23,Delayed,
MCI,DCA,2025-04-07,4,WN,949,1,-4,On time,
CAE,ATL,2025-07-22,7,DL,192,13,2,On time,
CMH,STL,2025-10-28,10,WN,409,-1,-10,On time,
BDL,DTW,2025-05-16,5,DL,549,5,5,On time,
BLI,SEA,2025-06-15,6,OO,93,4,0,On time,
DEN,DAL,2025-11-19,11,WN,651,-2,-14,On time,
ATL,PNS,2025-10-21,10,DL,272,-12,-9,On time,
MSY,ATL,2025-10-10,10,DL,425,0,2,On time,
GSP,DCA,2025-03-22,3,OH,396,-4,-16,On time,
SJC,SNA,2025-01-12,1,WN,342,-6,-25,On time,
SEA,ANC,2025-01-04,1,AS,1448,0,-12,On time,
DAL,BWI,2025-05-17,5,WN,1209,36,13,On time,
ORD,DLH,2025-03-06,3,OO,397,100,110,Delayed,
EWR,LAS,2025-01-26,1,UA,2227,-7,-12,On time,
DAL,LAS,2025-05-25,5,WN,1067,22,4,On time,
PHL,MCO,2025-08-29,8,AA,862,-6,-7,On time,
MCI,EWR,2025-07-23,7,YX,1092,-8,-22,On time,
PHL,TPA,2025-04-14,4,AA,920,-5,-13,On time,
LAX,EWR,2025-09-21,9,UA,2454,-1,-34,On time,
PBI,LGA,2025-03-22,3,B6,1035,24,9,On time,
MEM,CLT,2025-01-22,1,AA,511,97,84,Delayed,
CLT,EYW,2025-02-26,2,AA,736,-6,-9,On time,
MCO,MCI,2025-03-19,3,WN,1072,-6,-4,On time,
MIA,BDL,2025-01-12,1,AA,1194,6,-14,On time,
MDW,MCI,2025-11-26,11,WN,404,-4,2,On time,
IAD,CLE,2025-07-24,7,UA,287,23,18,Delayed,
ORD,RSW,2025-01-07,1,AA,1120,2,-24,On time,
ECP,ATL,2025-05-23,5,DL,240,-11,-20,On time,
IAH,IAD,2025-04-25,4,UA,1190,4,-2,On time,
JFK,MVY,2025-07-03,7,YX,173,-4,-29,On time,
CHS,ATL,2025-11-25,11,DL,259,-9,-3,On time,
MHT,BWI,2025-04-28,4,WN,377,-7,2,On time,
LAX,DCA,2025-02-04,2,AA,2311,-4,-29,On time,
SAN,DEN,2025-06-10,6,WN,853,1,-3,On time,
TPA,MIA,2025-05-21,5,AA,204,-8,-1,On time,
LGA,RIC,2025-06-30,6,YX,292,-5,1,On time,
BWI,ORF,2025-12-10,12,WN,159,-5,-10,On time,
HOU,DCA,2025-10-10,10,WN,1218,0,2,On time,
SLC,DEN,2025-07-21,7,OO,391,-6,-25,On time,
MSY,ATL,2025-12-01,12,DL,425,26,21,Delayed,
SEA,SAN,2025-04-02,4,AS,1050,-2,-29,On time,
LGA,CMH,2025-05-11,5,YX,479,-9,-8,On time,
ALO,ORD,2025-07-02,7,MQ,234,-3,-16,On time,
LAS,TUS,2025-07-20,7,WN,364,-4,-16,On time,
IAH,ORD,2025-01-02,1,UA,925,35,30,Delayed,
BNA,ECP,2025-08-13,8,WN,401,19,5,On time,
DEN,MCI,2025-08-26,8,WN,533,-6,-15,On time,
SAN,OAK,2025-09-08,9,WN,446,-11,-23,On time,
AZA,CVG,2025-11-20,11,G4,1553,-9,-11,On time,
CLT,ATW,2025-03-21,3,MQ,742,-2,-17,On time,
MSP,LGA,2025-01-20,1,DL,1020,1,-8,On time,
DCA,DFW,2025-12-16,12,AA,1192,-5,-32,On time,
RIC,CLT,2025-03-10,3,OH,257,15,8,On time,
DSM,AUS,2025-12-21,12,G4,813,27,18,Delayed,
SEA,GEG,2025-12-04,12,OO,224,7,17,Delayed,
MKE,LAS,2025-07-08,7,NK,1524,-11,-46,On time,
BWI,HOU,2025-09-18,9,WN,1246,41,22,Delayed,
PIE,LEX,2025-09-02,9,G4,707,0,20,Delayed,
LGA,RDU,2025-12-22,12,YX,431,-5,-5,On time,
SFO,SAN,2025-10-01,10,UA,447,102,122,Delayed,
LAS,SFO,2025-11-26,11,F9,414,-10,-17,On time,
SLC,DEN,2025-03-20,3,OO,391,-6,4,On time,
ATL,RDU,2025-08-07,8,DL,356,-2,-2,On time,
BNA,PDX,2025-03-21,3,AS,1973,-7,3,On time,
RDU,MIA,2025-12-10,12,AA,700,-2,-15,On time,
PBI,HPN,2025-06-28,6,B6,1056,-2,-5,On time,
DEN,SAF,2025-04-20,4,OO,303,-6,-14,On time,
SAT,LAS,2025-02-27,2,WN,1069,16,4,On time,
PHL,BTV,2025-08-06,8,AA,335,-9,-16,On time,
EWR,ATL,2025-07-28,7,UA,746,89,85,Delayed,
KOA,OGG,2025-01-09,1,HA,84,1,3,On time,
MDW,PDX,2025-07-26,7,WN,1751,0,-22,On time,
MSP,LGA,2025-03-06,3,YX,1020,-4,-6,On time,
AMA,DFW,2025-07-14,7,MQ,312,-3,-8,On time,
BWI,BDL,2025-10-15,10,WN,283,0,-12,On time,
DCA,TYS,2025-06-10,6,OH,437,-7,-18,On time,
ORD,MIA,2025-12-08,12,AA,1197,13,7,On time,
ORD,DFW,2025-07-25,7,F9,802,11,-7,On time,
SAN,SMF,2025-08-02,8,OO,480,-1,-5,On time,
FCA,AZA,2025-07-25,7,G4,1044,-2,1,On time,
BNA,RDU,2025-10-02,10,YX,442,-10,-3,On time,
SEA,BNA,2025-06-14,6,DL,1978,0,-9,On time,
HRL,HOU,2025-04-11,4,WN,277,-10,7,On time,
ORD,PIT,2025-03-18,3,YX,413,-3,-13,On time,
PBI,HPN,2025-04-17,4,B6,1056,-10,-11,On time,
PDX,PHX,2025-07-23,7,AA,1010,-2,11,On time,
CMH,FLL,2025-09-12,9,NK,973,-9,-20,On time,
BOS,RDU,2025-12-16,12,B6,612,-7,-28,On time,
LAX,DFW,2025-09-22,9,NK,1235,-2,28,Delayed,
CHS,DEN,2025-04-19,4,WN,1449,-6,11,On time,
BOS,RSW,2025-06-07,6,DL,1249,-14,-32,On time,
SLC,DEN,2025-07-31,7,F9,391,24,22,Delayed,
BNA,CHS,2025-03-09,3,WN,439,9,3,On time,
IAH,IAD,2025-11-30,11,UA,1190,5,-6,On time,
SEA,MIA,2025-04-28,4,DL,2724,-2,-2,On time,
HNL,ITO,2025-09-27,9,HA,216,-1,-4,On time,
TPA,RDU,2025-07-13,7,WN,587,11,5,On time,
CLT,RSW,2025-12-28,12,AA,600,19,12,On time,
BWI,TPA,2025-05-12,5,WN,842,-4,-3,On time,
MSP,DFW,2025-07-22,7,AA,852,-9,4,On time,
LGA,GSO,2025-12-02,12,YX,461,-10,-12,On time,
EWR,CVG,2025-03-24,3,YX,569,3,-21,On time,
DAB,ATL,2025-04-09,4,DL,366,-6,-6,On time,
SNA,ORD,2025-06-22,6,AA,1726,-7,-28,On time,
MSP,CLE,2025-07-22,7,DL,622,-10,-23,On time,
LAS,SAN,2025-09-26,9,WN,258,7,4,On time,
PIT,DCA,2025-09-22,9,AA,204,-9,-15,On time,
MCO,MEM,2025-06-26,6,WN,684,-2,-6,On time,
STT,MCO,2025-03-17,3,NK,1246,8,-5,On time,
DCA,LAN,2025-01-22,1,OH,479,0,13,On time,
SAT,PHX,2025-02-19,2,WN,843,20,7,On time,
DFW,CRP,2025-09-22,9,MQ,355,4,-11,On time,
MIA,SFO,2025-06-03,6,UA,2585,4,17,Delayed,
BOI,SLC,2025-07-01,7,DL,290,-9,-11,On time,
DEN,ASE,2025-02-13,2,OO,125,22,26,Delayed,
PHX,RNO,2025-12-30,12,WN,601,13,1,On time,
BWI,BUF,2025-02-17,2,WN,281,7,7,On time,
RNO,ATL,2025-03-18,3,DL,1993,16,3,On time,
JFK,FLL,2025-02-26,2,B6,1069,9,-22,On time,
DFW,LEX,2025-08-29,8,OH,785,-2,-25,On time,
LAX,SAT,2025-03-08,3,OO,1211,-15,-18,On time,
OGG,SJC,2025-11-30,11,WN,2355,-3,18,Delayed,
SFO,MSP,2025-04-11,4,DL,1589,-9,-21,On time,
DFW,LAX,2025-01-07,1,AA,1235,-3,-2,On time,
FLL,CLT,2025-08-14,8,AA,632,192,178,Delayed,
FNT,SFB,2025-10-17,10,G4,988,-7,-18,On time,
ALB,BWI,2025-07-29,7,WN,288,-6,-9,On time,
IAH,MIA,2025-12-16,12,AA,964,2,-20,On time,
BNA,EWR,2025-08-04,8,YX,748,-9,-18,On time,
RDU,ORD,2025-01-07,1,YX,646,6,-7,On time,
BWI,MCO,2025-04-11,4,WN,787,-2,-4,On time,
AUS,FLL,2025-10-06,10,NK,1105,-8,-7,On time,
PNS,MIA,2025-08-20,8,MQ,530,-4,-6,On time,
SLC,LAX,2025-02-28,2,OO,590,-2,-23,On time,
LBB,DAL,2025-11-12,11,WN,293,-9,-9,On time,
SIT,SEA,2025-05-26,5,AS,861,-2,-10,On time,
MSP,JAX,2025-06-25,6,DL,1174,-2,10,On time,
PHX,BUR,2025-01-17,1,WN,369,-1,-12,On time,
MSP,PSP,2025-03-26,3,DL,1454,-4,-23,On time,
SNA,SJC,2025-03-12,3,WN,342,-9,-18,On time,
EWR,SAV,2025-12-15,12,UA,708,23,5,On time,
LAX,SBA,2025-02-26,2,OO,89,-3,-4,On time,
MDW,CLE,2025-06-30,6,WN,307,7,-1,On time,
ATL,STL,2025-10-08,10,DL,484,-8,-15,On time,
GSO,DCA,2025-04-05,4,OH,248,-11,-14,On time,
ATL,TYS,2025-12-18,12,DL,152,-4,-8,On time,
DCA,LAX,2025-03-28,3,AA,2311,-7,-31,On time,
BOS,ILM,2025-05-15,5,B6,672,-6,-25,On time,
BTV,ORD,2025-06-30,6,OO,763,-2,29,Delayed,
AEX,DFW,2025-11-17,11,MQ,285,6,7,On time,
CAK,ORD,2025-01-20,1,OO,343,-6,-3,On time,
PIT,DCA,2025-11-26,11,OH,204,209,338,Delayed,
LGA,ATL,2025-09-30,9,DL,762,-7,-12,On time,
SEA,SMF,2025-06-23,6,AS,605,5,-3,On time,
EWR,CHS,2025-11-15,11,NK,628,-12,-30,On time,
OKC,LAS,2025-04-27,4,WN,986,47,57,Delayed,
RDU,DEN,2025-04-28,4,UA,1436,-7,-6,On time,
ATL,DAL,2025-10-10,10,WN,721,-6,-20,On time,
ATL,MCI,2025-10-15,10,DL,692,-5,-13,On time,
MEM,MSP,2025-11-23,11,OO,700,-6,-14,On time,
CLT,CHS,2025-10-27,10,AA,168,121,109,Delayed,
MCO,PDX,2025-08-29,8,AS,2535,40,38,Delayed,
MEM,ORD,2025-09-04,9,UA,491,-10,-23,On time,
RSW,DTW,2025-02-02,2,DL,1084,-14,-27,On time,
MSP,FWA,2025-02-23,2,OO,488,-1,-8,On time,
RDU,SFO,2025-12-16,12,UA,2400,2,-17,On time,
ATL,ALB,2025-04-09,4,DL,853,-8,-11,On time,
ATL,IAH,2025-11-13,11,DL,689,2,-11,On time,
DFW,BZN,2025-08-16,8,AA,1163,13,-5,On time,
SFB,TYS,2025-06-27,6,G4,511,78,127,Delayed,
MSP,INL,2025-10-20,10,OO,255,-4,-12,On time,
MSP,ABQ,2025-07-01,7,DL,981,2,-12,On time,
JFK,DCA,2025-11-17,11,B6,213,42,39,Delayed,
LAS,RNO,2025-07-09,7,NK,345,-11,-14,On time,
FLL,DCA,2025-01-12,1,B6,899,-4,-15,On time,
TYS,DFW,2025-02-01,2,AA,772,4,-19,On time,
LAS,DEN,2025-12-12,12,UA,628,-7,-15,On time,
ANC,FAI,2025-09-22,9,AS,261,-10,-14,On time,
ATL,PNS,2025-06-09,6,DL,271,9,10,On time,
HOU,RSW,2025-03-01,3,WN,852,-3,-2,On time,
MCO,PIT,2025-07-15,7,WN,834,1,-14,On time,
ABQ,PHX,2025-08-14,8,AA,328,200,195,Delayed,
MSP,IND,2025-10-13,10,DL,503,-8,-12,On time,
LAS,SEA,2025-05-16,5,AS,867,39,33,Delayed,
HNL,KOA,2025-06-13,6,HA,163,-2,-1,On time,
BOI,DEN,2025-12-30,12,WN,649,17,13,On time,
DCA,TLH,2025-08-12,8,OH,716,-11,-25,On time,
FAI,SEA,2025-12-08,12,AS,1533,-10,-14,On time,
DCA,ORD,2025-07-16,7,UA,612,-7,-31,On time,
SMF,SNA,2025-09-25,9,WN,404,4,-9,On time,
FSD,DFW,2025-12-06,12,MQ,737,0,4,On time,
ANC,PHX,2025-07-28,7,AS,2552,11,19,Delayed,
OAK,SBA,2025-08-10,8,WN,263,12,4,On time,
DFW,TPA,2025-02-04,2,F9,929,52,53,Delayed,
EWR,CLT,2025-06-21,6,AA,529,-7,-1,On time,
BOS,ORD,2025-05-30,5,DL,867,19,13,On time,
LAX,IAH,2025-02-26,2,UA,1379,-8,-19,On time,
PHX,SBA,2025-11-04,11,MQ,455,0,1,On time,
LAX,JFK,2025-08-07,8,B6,2475,-12,-39,On time,
STL,PIT,2025-03-15,3,WN,554,236,221,Delayed,
SEA,SJC,2025-10-06,10,AS,696,-9,-26,On time,
JFK,ATL,2025-05-25,5,DL,760,296,273,Delayed,
TPA,AUS,2025-10-13,10,WN,928,8,-2,On time,
ATL,TPA,2025-10-27,10,WN,406,38,49,Delayed,
PHL,DTW,2025-11-25,11,DL,453,-11,-27,On time,
PIE,SGF,2025-07-20,7,G4,895,-1,-11,On time,
DFW,SLC,2025-12-28,12,AA,989,54,29,Delayed,
ORD,BTV,2025-04-16,4,UA,763,-2,-12,On time,
BOS,LGA,2025-12-18,12,YX,184,28,12,On time,
SGU,DFW,2025-01-28,1,OO,976,-10,-26,On time,
DEN,ATW,2025-05-22,5,OO,883,-3,-24,On time,
SFO,FAT,2025-09-06,9,OO,158,-1,-20,On time,
SEA,EUG,2025-02-23,2,AS,234,9,16,Delayed,
MSY,ATL,2025-12-16,12,DL,425,-13,-16,On time,
EWR,DEN,2025-08-15,8,UA,1605,-4,6,On time,
ATL,MCO,2025-01-01,1,WN,404,-1,-12,On time,
ORD,MBS,2025-08-06,8,OO,222,18,10,On time,
LAX,SJC,2025-09-17,9,WN,308,29,11,On time,
ITO,HNL,2025-10-18,10,HA,216,-5,-17,On time,
LAS,STL,2025-06-14,6,WN,1371,0,-5,On time,
DTW,CMH,2025-08-04,8,OO,155,99,101,Delayed,
MSP,MKE,2025-07-19,7,DL,297,-3,-11,On time,
STL,MCO,2025-11-17,11,WN,882,1,-11,On time,
BOS,SFO,2025-10-06,10,UA,2704,59,49,Delayed,
MSP,OMA,2025-10-08,10,OO,282,-1,2,On time,
GRB,ORD,2025-10-16,10,YX,173,-1,5,On time,
COS,DFW,2025-07-05,7,OO,592,-13,-18,On time,
MIA,GSO,2025-04-17,4,MQ,710,-6,-11,On time,
FLL,ATL,2025-11-23,11,NK,581,-3,-21,On time,
LEX,DTW,2025-06-07,6,YX,296,-4,-5,On time,
CLT,DCA,2025-10-11,10,OH,331,4,-11,On time,
JFK,SLC,2025-07-15,7,DL,1990,41,30,Delayed,
OMA,MSP,2025-12-07,12,OO,282,236,232,Delayed,
BOS,SJU,2025-10-04,10,B6,1674,1,-30,On time,
ATL,DCA,2025-05-31,5,DL,547,-1,4,On time,
MCI,BOS,2025-02-21,2,YX,1256,-4,3,On time,
HNL,PHX,2025-07-31,7,HA,2917,3,-13,On time,
CHS,HOU,2025-11-02,11,WN,928,30,8,On time,
TVC,ORD,2025-08-29,8,OO,224,50,78,Delayed,
LEX,DTW,2025-01-21,1,OO,296,4,-4,On time,
BNA,ORD,2025-10-06,10,MQ,409,-8,63,Delayed,
LAS,SJC,2025-06-11,6,WN,386,13,9,On time,
JFK,MIA,2025-02-28,2,DL,1089,-5,-37,On time,
SEA,OGG,2025-11-17,11,AS,2639,-6,29,Delayed,
PHL,BOS,2025-12-19,12,YX,280,180,160,Delayed,
EWR,DEN,2025-06-15,6,UA,1605,-9,-36,On time,
BWI,SAT,2025-08-29,8,WN,1407,-3,-8,On time,
STL,ATL,2025-12-28,12,DL,484,6,-10,On time,
TYS,FLL,2025-08-11,8,G4,709,-8,-15,On time,
DFW,DEN,2025-08-22,8,F9,641,-4,-26,On time,
DCA,ORD,2025-10-22,10,UA,612,-7,36,Delayed,
SJU,BNA,2025-01-11,1,WN,1753,13,12,On time,
MSP,SEA,2025-09-29,9,DL,1399,-6,-19,On time,
ATL,PBI,2025-03-01,3,DL,545,4,3,On time,
ABQ,DEN,2025-06-28,6,WN,349,7,2,On time,
MSP,CVG,2025-05-21,5,DL,596,-3,-8,On time,
PHX,MSP,2025-11-01,11,WN,1276,-3,10,On time,
ORD,DCA,2025-09-16,9,UA,612,115,142,Delayed,
SJU,MIA,2025-11-03,11,AA,1045,-7,-28,On time,
PHL,GSP,2025-11-10,11,OH,515,18,20,Delayed,
ORD,FSD,2025-07-21,7,OO,462,23,5,On time,
CLT,SDF,2025-02-06,2,OH,335,-7,-20,On time,
SMF,LAX,2025-11-17,11,OO,373,-9,9,On time,
MIA,ISP,2025-04-19,4,WN,1113,320,310,Delayed,
AVL,EWR,2025-06-07,6,YX,583,-5,36,Delayed,
SNA,OAK,2025-10-12,10,WN,371,-7,-20,On time,
SEA,DEN,2025-08-29,8,UA,1024,-1,11,On time,
SRQ,ATW,2025-01-17,1,G4,1209,-33,-32,On time,
SCC,ANC,2025-11-15,11,AS,626,15,2,On time,
MDW,BWI,2025-12-09,12,WN,611,10,11,On time,
DCA,CLT,2025-09-16,9,AA,331,42,22,Delayed,
LGA,DFW,2025-08-18,8,AA,1389,-6,-35,On time,
PIT,PHX,2025-03-29,3,WN,1814,-4,-35,On time,
LAS,SJC,2025-04-01,4,WN,386,-4,-13,On time,
BOS,RDU,2025-02-18,2,DL,612,-8,-13,On time,
LAS,PDX,2025-03-04,3,WN,763,-9,-19,On time,
JAN,ATL,2025-04-12,4,DL,341,-9,-20,On time,
SGF,IAH,2025-01-28,1,OO,513,-9,-9,On time,
BOS,ORD,2025-04-17,4,B6,867,-2,-5,On time,
MCO,HOU,2025-06-12,6,WN,849,19,2,On time,
DCA,ORD,2025-03-02,3,UA,612,-7,-23,On time,
ORD,JFK,2025-05-28,5,YX,740,0,1,On time,
LAS,SMF,2025-12-28,12,WN,397,7,-8,On time,
ATL,LAX,2025-05-20,5,DL,1947,56,61,Delayed,
ORD,LAS,2025-09-19,9,UA,1514,1,-10,On time,
SAN,DEN,2025-06-04,6,UA,853,-1,6,On time,
ORD,PHL,2025-07-31,7,F9,678,162,143,Delayed,
BOS,PIT,2025-09-05,9,YX,496,-4,-20,On time,
EVV,ORD,2025-12-10,12,MQ,272,9,14,On time,
DFW,JFK,2025-10-06,10,F9,1391,1,10,On time,
LGA,CHO,2025-08-28,8,YX,305,-7,-19,On time,
SAV,DCA,2025-11-19,11,OH,519,-10,-12,On time,
MDW,MYR,2025-07-17,7,WN,738,-3,-16,On time,
BWI,LGB,2025-11-10,11,WN,2318,0,-15,On time,
MSP,SFO,2025-12-17,12,DL,1589,0,-8,On time,
RDU,CLT,2025-01-06,1,AA,130,33,16,Delayed,
MCO,MSP,2025-05-05,5,DL,1310,1,-15,On time,
EWR,CHS,2025-05-20,5,NK,628,47,62,Delayed,
TUS,DEN,2025-07-08,7,WN,639,133,141,Delayed,
ICT,DCA,2025-01-15,1,OH,1110,-10,-8,On time,
DEN,ASE,2025-10-29,10,OO,125,-10,-14,On time,
BWI,PIT,2025-05-18,5,WN,210,-1,-15,On time,
MSP,MDW,2025-04-06,4,WN,349,10,-5,On time,
PHL,AUS,2025-04-30,4,AA,1430,-5,-22,On time,
TYR,DFW,2025-02-03,2,OO,102,-10,-26,On time,
DTW,GRR,2025-12-21,12,OO,120,-5,-15,On time,
ORD,LAS,2025-08-07,8,UA,1514,11,-3,On time,
ORD,BDL,2025-12-18,12,UA,783,32,27,Delayed,
PVD,DCA,2025-07-20,7,OH,356,32,35,Delayed,
DEN,MCO,2025-08-07,8,WN,1547,-4,-3,On time,
SEA,GEG,2025-12-01,12,OO,224,-1,-12,On time,
BOS,IND,2025-10-22,10,YX,818,36,18,Delayed,
CMH,MCO,2025-11-23,11,WN,802,31,14,On time,
DEN,SEA,2025-05-09,5,DL,1024,-7,-11,On time,
LGA,BUF,2025-10-27,10,YX,292,23,33,Delayed,
DFW,FLL,2025-06-30,6,NK,1119,1,2,On time,
SEA,BUR,2025-09-23,9,AS,937,-10,-14,On time,
PIT,ORD,2025-09-28,9,MQ,413,-1,12,On time,
OAK,PHX,2025-08-24,8,WN,646,32,33,Delayed,
SAN,SLC,2025-09-23,9,DL,626,-3,-15,On time,
CMH,TPA,2025-01-02,1,WN,829,-1,-4,On time,
BWI,JAX,2025-06-22,6,WN,663,7,4,On time,
HOU,OKC,2025-07-12,7,WN,419,21,15,Delayed,
SAN,SJC,2025-04-03,4,AS,417,39,51,Delayed,
SJU,SAT,2025-10-24,10,NK,2181,-13,-23,On time,
FLL,CLT,2025-01-12,1,NK,632,17,2,On time,
LGA,DCA,2025-06-22,6,YX,214,-7,-24,On time,
SBN,LAS,2025-08-28,8,G4,1594,-8,-31,On time,
MIA,MSY,2025-08-22,8,AA,674,95,101,Delayed,
TPA,DFW,2025-03-05,3,AA,929,-6,1,On time,
DFW,MKE,2025-06-24,6,AA,853,223,208,Delayed,
DTW,SAN,2025-11-25,11,DL,1956,-5,-25,On time,
IAH,ASE,2025-02-13,2,OO,913,10,15,Delayed,
STL,CLT,2025-05-23,5,AA,575,8,-7,On time,
ORD,CLT,2025-10-01,10,AA,599,-6,-20,On time,
EUG,DEN,2025-01-19,1,UA,996,-5,18,Delayed,
HNL,LAX,2025-02-17,2,AA,2556,0,-11,On time,
DAL,ABQ,2025-05-22,5,WN,580,-2,-3,On time,
TYS,ATL,2025-06-30,6,DL,152,-1,-16,On time,
STL,CLT,2025-02-27,2,AA,575,-3,-2,On time,
DCA,BNA,2025-01-24,1,OH,562,2,30,Delayed,
XWA,DEN,2025-11-13,11,OO,582,-1,-31,On time,
LAX,LAS,2025-09-20,9,UA,236,-3,-16,On time,
BOS,FLL,2025-05-05,5,B6,1237,-5,19,Delayed,
DCA,TPA,2025-07-13,7,AA,814,-1,-13,On time,
SEA,SMF,2025-06-17,6,OO,605,-12,0,On time,
BDL,DCA,2025-06-24,6,OH,313,64,45,Delayed,
DTW,OMA,2025-08-15,8,OO,650,-3,-15,On time,
DFW,CRP,2025-11-09,11,OH,355,15,0,On time,
ORD,SRQ,2025-12-15,12,UA,1050,28,9,On time,
HOU,PHX,2025-03-19,3,WN,1020,-5,13,On time,
SLC,DEN,2025-08-12,8,UA,391,3,-19,On time,
PIT,ATL,2025-07-07,7,DL,526,-5,-18,On time,
AUS,SAN,2025-06-25,6,OO,1164,-3,-1,On time,
PNS,DAL,2025-04-07,4,WN,592,2,-1,On time,
RDU,DCA,2025-08-11,8,OH,227,0,-4,On time,
PDX,PHX,2025-01-12,1,WN,1009,-3,-18,On time,
RNO,DEN,2025-09-25,9,UA,804,-1,3,On time,
CLT,BUF,2025-01-28,1,AA,546,-6,-13,On time,
SWF,MYR,2025-06-13,6,G4,601,159,156,Delayed,
SYR,MCO,2025-10-28,10,B6,1053,-14,-26,On time,
DEN,SBP,2025-01-08,1,OO,931,11,-22,On time,
PDX,SEA,2025-04-01,4,OO,129,0,-9,On time,
ATL,LAX,2025-03-25,3,NK,1947,-6,-49,On time,
PHX,IAH,2025-11-14,11,UA,1009,-12,-10,On time,
DEN,MSP,2025-12-30,12,DL,680,-6,-17,On time,
PDX,MDW,2025-10-06,10,WN,1751,28,23,Delayed,
DFW,DEN,2025-04-01,4,UA,641,-5,17,Delayed,
BOS,DCA,2025-09-18,9,B6,399,17,8,On time,
JFK,MIA,2025-04-27,4,AA,1089,-3,-9,On time,
DFW,CHA,2025-09-19,9,OO,695,45,83,Delayed,
MSP,HNL,2025-11-04,11,DL,3972,-8,4,On time,
DFW,MKE,2025-04-25,4,AA,853,-3,-20,On time,
SGF,ORD,2025-10-06,10,MQ,438,-9,-3,On time,
PHL,BOS,2025-02-18,2,YX,280,-2,-8,On time,
IAH,PHX,2025-11-20,11,UA,1009,0,-13,On time,
PHL,ATL,2025-04-19,4,DL,666,-10,-28,On time,
LAS,DAL,2025-12-31,12,WN,1067,3,-11,On time,
MCO,BHM,2025-08-03,8,WN,479,61,47,Delayed,
ORD,FSD,2025-05-19,5,MQ,462,37,81,Delayed,
RHI,MSP,2025-02-14,2,OO,190,-9,-35,On time,
BUF,DTW,2025-05-25,5,OO,241,0,6,On time,
SFO,DFW,2025-04-20,4,UA,1464,-1,-18,On time,
ORD,MKE,2025-06-21,6,OO,67,7,0,On time,
MIA,SEA,2025-10-04,10,AS,2724,-12,-40,On time,
HNL,LAX,2025-07-24,7,UA,2556,1,-16,On time,
CMH,ATL,2025-09-29,9,DL,447,-5,-14,On time,
SJC,SEA,2025-04-10,4,WN,696,46,26,Delayed,
JFK,LAS,2025-05-21,5,B6,2248,-8,-9,On time,
SLC,DFW,2025-01-04,1,DL,989,99,89,Delayed,
CVG,DEN,2025-09-26,9,UA,1069,-2,-17,On time,
JFK,SEA,2025-11-02,11,AS,2422,70,104,Delayed,
SMF,AUS,2025-04-16,4,WN,1481,9,-5,On time,
DFW,JFK,2025-07-14,7,DL,1391,6,-1,On time,
PHX,KOA,2025-11-17,11,AA,2860,0,-28,On time,
SEA,ANC,2025-05-09,5,DL,1448,19,0,On time,
DFW,EWR,2025-04-20,4,UA,1372,346,367,Delayed,
DEN,IAH,2025-04-13,4,UA,862,-2,-21,On time,
LIH,HNL,2025-09-01,9,WN,102,-3,-13,On time,
BWI,ROC,2025-04-06,4,WN,277,24,6,On time,
PIT,DFW,2025-07-22,7,AA,1067,-6,-30,On time,
CLT,PHX,2025-08-30,8,AA,1773,-6,-20,On time,
DFW,BNA,2025-04-26,4,AA,631,4,0,On time,
AUS,SAN,2025-12-26,12,WN,1164,-1,-17,On time,
LAX,PHX,2025-01-07,1,WN,370,11,1,On time,
DEN,HSV,2025-02-03,2,OO,1048,12,6,On time,
JFK,CMH,2025-07-09,7,YX,483,-7,-15,On time,
CLT,HSV,2025-03-22,3,OH,333,-4,-11,On time,
SAN,BOS,2025-10-03,10,AS,2588,-2,0,On time,
LGB,OAK,2025-08-30,8,WN,353,-2,-17,On time,
MDW,ELP,2025-12-05,12,WN,1237,-4,-5,On time,
IAH,DEN,2025-12-02,12,UA,861,28,7,On time,
MIA,SAV,2025-03-03,3,MQ,440,-3,-17,On time,
MAF,AUS,2025-05-21,5,WN,294,70,59,Delayed,
DEN,OKC,2025-11-10,11,WN,495,3,-12,On time,
IAH,DFW,2025-05-29,5,AA,224,33,24,Delayed,
MIA,PHL,2025-12-08,12,F9,1013,17,0,On time,
BWI,ROC,2025-10-18,10,WN,277,-5,-17,On time,
OMA,MSP,2025-11-18,11,OO,282,-7,-18,On time,
RSW,DEN,2025-01-24,1,UA,1607,-10,9,On time,
LGA,IAH,2025-04-02,4,UA,1416,-4,-1,On time,
CLT,EWR,2025-11-11,11,YX,529,151,168,Delayed,
PHX,OMA,2025-05-14,5,WN,1037,47,28,Delayed,
LGB,PHX,2025-04-13,4,WN,355,-10,-8,On time,
MCO,BOS,2025-02-15,2,B6,1121,-9,-8,On time,
LGA,PIT,2025-01-08,1,YX,335,-5,-12,On time,
MIA,DFW,2025-03-23,3,NK,1121,-2,-25,On time,
SLC,PHX,2025-04-06,4,DL,507,0,-12,On time,
LAX,IAH,2025-09-28,9,UA,1379,-2,-3,On time,
SEA,DEN,2025-03-25,3,AS,1024,-10,-26,On time,
IND,PHX,2025-05-27,5,WN,1488,0,-11,On time,
SAN,SEA,2025-05-26,5,DL,1050,-8,-14,On time,
PHX,PIT,2025-12-05,12,WN,1814,205,183,Delayed,
DEN,RAP,2025-06-10,6,OO,300,32,16,Delayed,
CMH,RSW,2025-04-01,4,WN,930,139,114,Delayed,
LAS,ONT,2025-02-22,2,WN,197,8,-6,On time,
SJU,BNA,2025-03-01,3,WN,1753,42,98,Delayed,
CLE,DCA,2025-04-03,4,OH,310,62,51,Delayed,
STL,DTW,2025-02-17,2,DL,440,-2,2,On time,
IAH,DTW,2025-02-25,2,UA,1075,-6,-7,On time,
LAX,JFK,2025-10-27,10,F9,2475,-12,-31,On time,
OGG,HNL,2025-08-24,8,HA,101,-8,0,On time,
CMH,EWR,2025-04-23,4,YX,463,-3,-20,On time,
IAD,BOS,2025-06-15,6,UA,413,-7,-22,On time,
DFW,MIA,2025-03-08,3,AA,1121,26,28,Delayed,
DFW,BOS,2025-04-01,4,B6,1562,4,-25,On time,
DCA,ORD,2025-09-23,9,AA,612,-10,27,Delayed,
ATL,ORF,2025-07-20,7,DL,516,-5,8,On time,
DEN,FLL,2025-05-14,5,WN,1703,48,64,Delayed,
AUS,ATL,2025-02-18,2,DL,813,16,4,On time,
EWR,MIA,2025-06-14,6,AA,1085,2,-27,On time,
ORD,CHO,2025-03-10,3,OO,566,-12,-23,On time,
IAH,ORD,2025-01-09,1,UA,925,2,-17,On time,
DEN,MEM,2025-12-30,12,F9,872,88,71,Delayed,
MCO,LGA,2025-09-14,9,DL,950,6,-6,On time,
BOS,MCI,2025-05-23,5,YX,1256,40,57,Delayed,
SBN,SRQ,2025-04-21,4,G4,1009,-6,-9,On time,
SMF,LGB,2025-09-25,9,WN,387,0,-11,On time,
MSN,LGA,2025-03-15,3,YX,812,-7,-13,On time,
DEN,SAN,2025-09-07,9,WN,853,52,48,Delayed,
ELP,LAX,2025-05-19,5,OO,715,-7,-12,On time,
SEA,EUG,2025-11-21,11,OO,234,12,3,On time,
ORD,AVL,2025-04-08,4,OO,536,15,1,On time,
ORD,MSN,2025-08-10,8,UA,108,13,16,Delayed,
MSP,GRB,2025-02-20,2,OO,252,-5,-18,On time,
MIA,IAH,2025-05-12,5,AA,964,15,26,Delayed,
GSP,ORD,2025-07-30,7,MQ,577,3,-6,On time,
PAE,PHX,2025-07-10,7,AS,1133,-6,-20,On time,
MSY,DEN,2025-05-08,5,WN,1062,3,-25,On time,
RIC,LGA,2025-05-23,5,YX,292,17,15,Delayed,
BNA,BHM,2025-08-06,8,WN,177,61,59,Delayed,
SLC,LAX,2025-04-07,4,DL,590,-2,-12,On time,
MCO,MIA,2025-09-19,9,WN,192,29,19,Delayed,
BOS,DTW,2025-09-11,9,DL,632,11,-8,On time,
GRR,CLT,2025-11-09,11,AA,583,8,21,Delayed,
OKC,CLT,2025-01-06,1,AA,940,-5,1,On time,
GSP,BWI,2025-05-07,5,WN,426,-9,-12,On time,
DTW,LAX,2025-07-18,7,DL,1979,0,11,On time,
BUF,LGA,2025-10-02,10,YX,292,-5,-4,On time,
CLT,ABE,2025-03-29,3,OH,481,-6,-16,On time,
ORD,DTW,2025-09-20,9,UA,235,-3,6,On time,
ATL,SLC,2025-07-02,7,DL,1590,-3,-2,On time,
PIT,LAS,2025-04-01,4,WN,1910,1,-2,On time,
DFW,BOI,2025-12-24,12,AA,1272,8,-10,On time,
PHX,MFR,2025-08-22,8,OO,855,-4,-30,On time,
ORD,COU,2025-07-17,7,MQ,315,31,15,Delayed,
DSM,DEN,2025-05-01,5,WN,589,2,-8,On time,
CMH,RSW,2025-12-29,12,WN,930,40,32,Delayed,
PNS,ORD,2025-01-20,1,UA,794,-5,-23,On time,
HNL,OGG,2025-01-07,1,WN,100,-2,-7,On time,
MFE,AUS,2025-01-28,1,OO,279,-10,-32,On time,
PVD,CLT,2025-04-26,4,AA,683,-4,-20,On time,
DEN,MCI,2025-02-11,2,WN,533,52,73,Delayed,
BOI,SLC,2025-08-09,8,OO,290,-11,-8,On time,
JFK,CHS,2025-09-29,9,B6,636,-6,-23,On time,
MCO,CLT,2025-01-11,1,AA,468,7,-6,On time,
MSN,ORD,2025-10-17,10,UA,108,279,301,Delayed,
SEA,LAS,2025-02-14,2,AS,867,1,-17,On time,
IAD,BDL,2025-05-12,5,UA,325,-2,14,On time,
PHL,PHX,2025-02-28,2,AA,2075,-4,-22,On time,
OMA,DTW,2025-11-22,11,OO,650,99,107,Delayed,
LAX,PSC,2025-04-09,4,OO,851,-7,-2,On time,
DFW,MIA,2025-09-07,9,NK,1121,-8,-29,On time,
RIC,DTW,2025-02-06,2,OO,456,25,30,Delayed,
CVG,ORD,2025-10-04,10,UA,264,-10,9,On time,
GSO,ATL,2025-02-24,2,DL,306,-9,-44,On time,
DEN,MSP,2025-11-06,11,DL,680,-10,-31,On time,
PHX,MFR,2025-06-23,6,OO,854,-8,-10,On time,
CLT,BDL,2025-08-19,8,AA,644,0,-8,On time,
TUL,IAH,2025-02-20,2,OO,429,67,53,Delayed,
LAX,RNO,2025-02-17,2,OO,391,-2,2,On time,
MIA,DTW,2025-05-19,5,DL,1145,-7,-11,On time,
AUS,PHX,2025-03-07,3,AA,872,-1,-4,On time,
DFW,XNA,2025-05-30,5,MQ,280,138,140,Delayed,
TPA,MIA,2025-03-09,3,AA,204,-3,4,On time,
MIA,IAH,2025-05-09,5,F9,964,-16,-19,On time,
JFK,FLL,2025-06-28,6,B6,1069,22,-3,On time,
BWI,SEA,2025-08-12,8,AS,2335,24,15,Delayed,
IND,RSW,2025-02-21,2,WN,945,21,8,On time,
DFW,SNA,2025-04-24,4,AA,1205,63,56,Delayed,
PHX,SFO,2025-06-13,6,UA,651,99,99,Delayed,
JFK,LAX,2025-03-11,3,AA,2475,-5,13,On time,
JFK,BOS,2025-11-25,11,DL,187,44,32,Delayed,
BOS,FLL,2025-09-08,9,NK,1237,-2,2,On time,
ORD,IAD,2025-06-26,6,UA,588,-3,2,On time,
ITO,OGG,2025-07-18,7,HA,121,47,63,Delayed,
ATL,GRR,2025-09-02,9,DL,640,-9,-21,On time,
ORD,LGA,2025-08-19,8,DL,733,-9,-17,On time,
MKE,BWI,2025-09-26,9,WN,641,6,4,On time,
PHX,SAN,2025-08-31,8,AA,304,30,17,Delayed,
HSV,DCA,2025-10-15,10,MQ,613,-1,-4,On time,
RDM,DEN,2025-05-10,5,UA,898,-2,-11,On time,
DFW,ONT,2025-12-12,12,AA,1188,-3,-26,On time,
MDW,MEM,2025-07-08,7,WN,480,173,175,Delayed,
PHX,DFW,2025-03-27,3,AA,868,10,11,On time,
DAL,MSP,2025-01-04,1,WN,853,76,54,Delayed,
SEA,ANC,2025-07-20,7,AS,1448,187,212,Delayed,
DEN,MSY,2025-11-09,11,WN,1062,-1,-9,On time,
DFW,BHM,2025-06-13,6,OH,597,0,-7,On time,
SBP,SAN,2025-12-27,12,OO,263,3,-7,On time,
EWR,LAX,2025-08-23,8,UA,2454,-7,-16,On time,
JFK,LAX,2025-03-09,3,B6,2475,11,-16,On time,
DFW,JFK,2025-10-23,10,AA,1391,-7,-28,On time,
BLI,SEA,2025-04-22,4,OO,93,-1,17,Delayed,
SAN,SFO,2025-10-26,10,UA,447,-7,-4,On time,
CLT,LGA,2025-02-05,2,NK,544,-9,-12,On time,
PDX,SEA,2025-06-19,6,OO,129,-8,-19,On time,
PIA,CLT,2025-11-09,11,OH,607,175,153,Delayed,
SAN,JFK,2025-08-19,8,AS,2446,-5,-16,On time,
DCA,CHS,2025-12-03,12,AA,444,-7,-12,On time,
PHL,SFO,2025-09-03,9,AA,2522,-11,-21,On time,
DFW,TUS,2025-02-21,2,AA,813,-2,-13,On time,
RSW,CMH,2025-08-05,8,WN,930,-8,-15,On time,
ORD,JAX,2025-08-15,8,OO,864,42,23,Delayed,
MCO,MDW,2025-11-19,11,WN,990,-4,-8,On time,
MSY,BOS,2025-06-19,6,DL,1368,210,200,Delayed,
ABQ,SFO,2025-03-05,3,OO,896,-10,-25,On time,
DFW,VPS,2025-03-21,3,MQ,641,-6,-14,On time,
SJC,SLC,2025-02-05,2,DL,584,10,-17,On time,
ORF,ORD,2025-04-20,4,YX,717,-8,-20,On time,
TUS,IAH,2025-02-10,2,OO,936,19,29,Delayed,
SFO,SLC,2025-10-05,10,DL,599,-4,-3,On time,
JAN,ATL,2025-05-20,5,DL,341,3,-10,On time,
ORD,FWA,2025-08-18,8,OO,157,32,108,Delayed,
BOS,ATL,2025-08-12,8,B6,946,0,-3,On time,
SAN,HNL,2025-10-06,10,WN,2614,3,-4,On time,
OAK,HNL,2025-07-11,7,HA,2409,-1,-19,On time,
BTV,DCA,2025-10-06,10,OH,437,-5,-6,On time,
LAS,LAX,2025-09-12,9,DL,236,-8,-14,On time,
EVV,ATL,2025-04-02,4,OO,350,-14,-25,On time,
RSW,BWI,2025-06-28,6,WN,919,-2,-9,On time,
MCO,EWR,2025-11-17,11,UA,937,-9,1,On time,
DFW,ATL,2025-03-31,3,F9,731,-11,-6,On time,
CLT,DFW,2025-10-23,10,AA,935,-1,-1,On time,
CLT,DEN,2025-04-17,4,AA,1337,3,17,Delayed,
BOS,DCA,2025-03-15,3,B6,399,-11,-25,On time,
PHX,GEG,2025-01-26,1,AA,1020,27,6,On time,
SNA,PDX,2025-01-19,1,AS,859,-11,7,On time,
ATL,EWR,2025-04-14,4,DL,746,-3,5,On time,
BOS,RDU,2025-03-13,3,DL,612,-5,-29,On time,
BDL,ATL,2025-12-10,12,DL,859,3,-5,On time,
DTW,ORD,2025-09-23,9,UA,235,-7,10,On time,
IND,ORD,2025-11-23,11,OO,177,80,78,Delayed,
GSO,DFW,2025-11-16,11,AA,999,-9,-33,On time,
LAX,SAT,2025-08-28,8,DL,1211,37,37,Delayed,
SAT,DAL,2025-05-07,5,WN,247,5,-15,On time,
JAN,CLT,2025-05-15,5,OH,562,-3,-3,On time,
DFW,TYR,2025-09-07,9,MQ,102,6,2,On time,
ABQ,PHX,2025-12-09,12,WN,328,-7,-23,On time,
AUS,LAX,2025-04-20,4,DL,1242,-6,-20,On time,
LIT,DFW,2025-07-29,7,AA,304,-4,-8,On time,
EWR,MCO,2025-11-26,11,UA,937,-6,-8,On time,
TUS,DEN,2025-04-06,4,OO,639,20,19,Delayed,
INL,MSP,2025-05-08,5,OO,255,-10,-16,On time,
JAC,SLC,2025-11-12,11,OO,205,-6,-25,On time,
AUS,MSY,2025-05-22,5,WN,444,-1,-8,On time,
ATL,MIA,2025-10-01,10,MQ,594,-6,-17,On time,
SFO,LAS,2025-10-09,10,AS,414,-10,-13,On time,
FAT,SLC,2025-07-05,7,OO,501,-5,-18,On time,
GJT,DFW,2025-05-15,5,OO,773,-7,0,On time,
MIA,BHM,2025-06-28,6,MQ,661,-3,39,Delayed,
CLT,CAK,2025-01-21,1,OH,394,-3,-27,On time,
ATL,EWR,2025-12-25,12,UA,746,0,2,On time,
SAT,CLT,2025-09-03,9,AA,1095,30,14,On time,
SLC,SFO,2025-10-26,10,DL,599,-2,2,On time,
SLC,SNA,2025-01-20,1,DL,588,10,-20,On time,
PHL,IAH,2025-03-14,3,UA,1325,-5,-39,On time,
SUX,ORD,2025-10-20,10,OO,436,-10,-14,On time,
ASE,DEN,2025-09-22,9,OO,125,151,128,Delayed,
GRK,DFW,2025-05-26,5,MQ,134,-6,-1,On time,
FLL,ATL,2025-02-18,2,DL,581,-1,-6,On time,
ORD,BGR,2025-09-25,9,AA,978,3,3,On time,
ATL,PHL,2025-12-03,12,F9,666,88,80,Delayed,
SAN,ATL,2025-08-27,8,DL,1892,-8,-27,On time,
DCA,ALB,2025-05-30,5,OH,318,54,31,Delayed,
PHL,BNA,2025-11-14,11,OH,675,8,-5,On time,
DCA,BOS,2025-07-24,7,YX,399,-5,-25,On time,
ORD,TPA,2025-07-09,7,UA,1012,86,71,Delayed,
SNA,BOI,2025-03-01,3,G4,688,-11,-13,On time,
DTW,DFW,2025-07-27,7,AA,986,986,970,Delayed,
IAH,EWR,2025-01-20,1,UA,1400,-3,-26,On time,
CLE,TPA,2025-09-15,9,F9,927,-6,-15,On time,
SLC,AUS,2025-05-10,5,DL,1086,-17,-4,On time,
OAK,HNL,2025-07-15,7,HA,2409,60,41,Delayed,
BWI,LAS,2025-11-11,11,WN,2106,-4,-18,On time,
SEA,ABQ,2025-04-16,4,AS,1180,-5,-6,On time,
DFW,MHK,2025-02-18,2,MQ,431,-6,-6,On time,
MFR,PHX,2025-06-29,6,OO,854,-4,1,On time,
MCO,RDU,2025-08-18,8,WN,534,-11,-15,On time,
DFW,FSM,2025-10-30,10,MQ,227,-6,-20,On time,
SMF,LAX,2025-09-15,9,OO,373,-6,-17,On time,
PSP,DEN,2025-11-18,11,OO,776,-3,-26,On time,
ISP,MCO,2025-02-21,2,WN,971,6,-1,On time,
ORD,PHX,2025-12-15,12,AA,1440,-6,-39,On time,
MIA,PHX,2025-05-31,5,AA,1972,222,203,Delayed,
JAN,HOU,2025-01-17,1,WN,359,-8,-20,On time,
DEN,ANC,2025-10-10,10,UA,2405,28,24,Delayed,
PHX,DFW,2025-02-12,2,AA,868,-5,-3,On time,
ATL,GSO,2025-09-29,9,DL,306,-3,-12,On time,
BHM,MCO,2025-08-10,8,WN,479,-6,-23,On time,
LAX,BOI,2025-10-22,10,OO,674,-7,-17,On time,
BWI,FLL,2025-04-30,4,WN,925,-4,-27,On time,
JFK,CLT,2025-03-17,3,AA,541,-6,-9,On time,
FCA,DEN,2025-03-08,3,UA,752,3,-4,On time,
BZN,MSP,2025-08-17,8,DL,874,-7,-13,On time,
IAH,ICT,2025-06-03,6,OO,542,-3,-23,On time,
LAX,DEN,2025-07-30,7,UA,862,26,11,On time,
IAH,ORD,2025-11-03,11,UA,925,-6,-10,On time,
LGA,ORD,2025-02-13,2,OO,733,-2,-13,On time,
LGA,ATL,2025-05-21,5,F9,762,9,-7,On time,
DEN,PDX,2025-06-06,6,WN,991,60,50,Delayed,
SYR,JFK,2025-06-28,6,B6,209,289,281,Delayed,
MIA,BHM,2025-03-21,3,AA,661,-4,-12,On time,
RSW,DFW,2025-03-13,3,AA,1017,-3,0,On time,
CVG,TPA,2025-04-09,4,F9,773,-14,-21,On time,
BUR,SLC,2025-05-23,5,DL,574,-2,-7,On time,
SFO,JFK,2025-04-09,4,AA,2586,-8,-26,On time,
CLE,ORD,2025-06-01,6,UA,316,-6,-13,On time,
BNA,AUS,2025-04-20,4,WN,756,-5,-12,On time,
MSP,LGA,2025-05-18,5,DL,1020,5,-19,On time,
JFK,LAX,2025-06-09,6,DL,2475,16,-2,On time,
ORD,SAV,2025-11-02,11,UA,773,-6,-7,On time,
BIL,ORD,2025-06-06,6,MQ,1060,51,63,Delayed,
AUS,SFO,2025-10-26,10,UA,1504,2,4,On time,
MCO,LGA,2025-04-21,4,B6,950,2,-16,On time,
MCO,DTW,2025-10-23,10,NK,957,0,4,On time,
DFW,ONT,2025-07-11,7,AA,1188,186,204,Delayed,
SJC,LAX,2025-03-11,3,OO,308,-10,-14,On time,
ORD,EWR,2025-01-31,1,UA,719,31,32,Delayed,
IAD,BOS,2025-08-01,8,UA,412,2,-17,On time,
DCA,OMA,2025-11-14,11,WN,1012,-2,2,On time,
CLT,TPA,2025-12-20,12,AA,507,-4,-6,On time,
PBI,PVD,2025-02-13,2,WN,1148,7,-10,On time,
FAI,SEA,2025-09-20,9,AS,1533,-13,-19,On time,
RSW,MSP,2025-03-22,3,NK,1416,-9,20,Delayed,
IAH,SLC,2025-07-18,7,UA,1195,-3,0,On time,
JFK,SFO,2025-02-18,2,B6,2586,2,6,On time,
TUL,SLC,2025-08-14,8,OO,926,-14,-33,On time,
LAS,AUS,2025-01-25,1,F9,1090,-13,-28,On time,
GEG,SMF,2025-06-05,6,WN,649,-8,-24,On time,
SDF,MSP,2025-04-08,4,OO,604,-9,-4,On time,
ELP,PHX,2025-01-23,1,AA,347,-10,-6,On time,
ATL,DFW,2025-07-18,7,AA,731,-4,-21,On time,
DAL,MDW,2025-11-02,11,WN,793,0,6,On time,
SEA,TPA,2025-05-19,5,AS,2520,1,-12,On time,
ATL,DAB,2025-04-09,4,DL,366,-6,-12,On time,
SFO,ORD,2025-01-12,1,UA,1846,-5,-17,On time,
MDW,MHT,2025-06-21,6,WN,838,1,-13,On time,
PIT,MDW,2025-11-16,11,WN,402,4,-1,On time,
CHS,BNA,2025-10-07,10,WN,439,101,109,Delayed,
DEN,LAX,2025-04-05,4,F9,862,5,-22,On time,
GJT,DEN,2025-05-26,5,OO,212,-8,-26,On time,
SAT,ATL,2025-12-02,12,WN,874,-3,-21,On time,
ABQ,SFO,2025-05-26,5,OO,896,-2,10,On time,
DFW,CLE,2025-07-27,7,AA,1021,20,11,On time,
CVG,SEA,2025-01-13,1,AS,1965,-8,-20,On time,
PHX,AUS,2025-03-30,3,AA,872,-5,-27,On time,
IAD,FLL,2025-03-31,3,UA,901,59,49,Delayed,
MSP,GEG,2025-09-01,9,DL,1175,-10,-18,On time,
MSY,DEN,2025-12-13,12,WN,1062,-2,-13,On time,
BLV,JAX,2025-03-30,3,G4,723,18,71,Delayed,
PHX,RNO,2025-06-17,6,AA,601,11,4,On time,
LGA,STL,2025-11-25,11,YX,888,-4,-19,On time,
SLC,TWF,2025-09-18,9,OO,175,-6,-9,On time,
ATL,SAN,2025-11-16,11,DL,1892,-9,-17,On time,
DFW,PHX,2025-08-22,8,AA,868,-2,-18,On time,
ORD,RIC,2025-06-19,6,OO,642,214,202,Delayed,
SMF,LAS,2025-12-06,12,WN,397,-1,-12,On time,
ORD,CMH,2025-03-12,3,YX,296,-2,-8,On time,
PSP,PDX,2025-08-05,8,OO,873,-1,9,On time,
MCO,DCA,2025-12-16,12,DL,759,-5,-11,On time,
JFK,ATL,2025-07-09,7,DL,760,181,135,Delayed,
ORF,EWR,2025-02-14,2,UA,284,-6,-15,On time,
ATL,MDW,2025-04-02,4,WN,591,120,122,Delayed,
RSW,BWI,2025-11-14,11,WN,919,-9,-10,On time,
PSP,SEA,2025-11-19,11,AS,987,-4,3,On time,
SEA,BLI,2025-06-12,6,OO,93,-5,-12,On time,
MCO,DEN,2025-03-16,3,UA,1546,121,183,Delayed,
ONT,DAL,2025-09-02,9,WN,1200,16,26,Delayed,
IAD,DFW,2025-06-29,6,UA,1172,76,60,Delayed,
ATL,SEA,2025-01-02,1,DL,2182,11,29,Delayed,
MCI,ORD,2025-03-23,3,YX,403,-11,-8,On time,
LGA,BNA,2025-05-02,5,YX,764,-5,7,On time,
HNL,OGG,2025-07-07,7,HA,101,12,19,Delayed,
PHX,ANC,2025-11-03,11,AS,2552,-5,-24,On time,
PIA,PGD,2025-12-26,12,G4,1044,12,22,Delayed,
MEM,MDW,2025-04-18,4,WN,480,-4,-15,On time,
AUS,EWR,2025-04-01,4,UA,1504,0,-17,On time,
BDL,CLT,2025-11-03,11,AA,644,-11,-34,On time,
IND,JFK,2025-02-23,2,YX,665,-7,-14,On time,
TPA,BOS,2025-09-09,9,B6,1185,-5,-33,On time,
MDT,ATL,2025-03-02,3,DL,620,9,-15,On time,
OAK,ONT,2025-12-27,12,WN,362,-6,-16,On time,
LIH,LAS,2025-01-26,1,WN,2818,-6,-18,On time,
LIT,CLT,2025-04-06,4,OH,640,2,-13,On time,
MAF,AUS,2025-02-18,2,WN,294,-3,-13,On time,
IAD,BUF,2025-08-30,8,YX,283,-9,-7,On time,
DEN,IDA,2025-12-26,12,OO,458,-2,7,On time,
DAL,SAV,2025-04-21,4,WN,914,13,9,On time,
SAV,PHL,2025-01-30,1,OH,629,-5,-14,On time,
SEA,RDD,2025-12-21,12,OO,479,-3,4,On time,
ORD,PHX,2025-11-21,11,UA,1440,28,15,Delayed,
ATL,ONT,2025-05-09,5,DL,1900,-3,-11,On time,
PIT,SFO,2025-03-24,3,UA,2254,0,-2,On time,
CLT,TPA,2025-08-21,8,AA,507,-5,-7,On time,
PHX,CLT,2025-06-15,6,AA,1773,-8,-3,On time,
CAK,ORD,2025-07-13,7,OO,344,-2,-15,On time,
DEN,SLC,2025-05-29,5,UA,391,10,6,On time,
MDW,TPA,2025-01-26,1,WN,997,2,-4,On time,
SLC,FAT,2025-05-10,5,OO,501,-5,-2,On time,
BOS,MIA,2025-07-26,7,B6,1258,6,-16,On time,
RAP,DEN,2025-03-04,3,OO,300,29,17,Delayed,
LAS,PHX,2025-04-06,4,WN,255,55,36,Delayed,
LAX,CVG,2025-05-21,5,DL,1900,-6,-19,On time,
ITO,HNL,2025-09-02,9,WN,216,-4,-9,On time,
JAX,BNA,2025-04-12,4,WN,483,6,5,On time,
PHX,SJC,2025-12-26,12,WN,621,-3,-9,On time,
ISP,MIA,2025-07-12,7,WN,1113,-8,-11,On time,
PHL,MCO,2025-06-16,6,AA,861,-8,-14,On time,
SFO,MRY,2025-05-06,5,OO,77,-2,-1,On time,
DTW,APN,2025-11-11,11,OO,198,66,62,Delayed,
ORD,STL,2025-08-04,8,YX,258,0,-7,On time,
LGA,ORD,2025-09-06,9,DL,733,-5,38,Delayed,
TPA,SEA,2025-05-13,5,AS,2520,42,17,Delayed,
CLT,SLC,2025-05-30,5,DL,1727,-3,-1,On time,
ATL,CMH,2025-06-09,6,DL,447,70,72,Delayed,
SDF,BOS,2025-08-30,8,YX,829,-5,-14,On time,
PHL,CLT,2025-06-04,6,AA,449,-7,-1,On time,
BUF,MDW,2025-08-22,8,WN,468,0,-3,On time,
LAX,DAL,2025-03-13,3,WN,1246,-1,-23,On time,
DFW,EWR,2025-04-27,4,AA,1372,-2,2,On time,
OAK,LAS,2025-08-28,8,NK,407,52,53,Delayed,
ORH,RSW,2025-01-12,1,B6,1220,-5,1,On time,
BOS,SAN,2025-01-13,1,B6,2588,-5,-41,On time,
DFW,TUL,2025-02-07,2,AA,237,30,21,Delayed,
HNL,SEA,2025-11-16,11,AS,2677,61,63,Delayed,
SAT,DAL,2025-12-13,12,WN,247,-15,-13,On time,
DFW,DSM,2025-09-30,9,AA,624,63,52,Delayed,
MIA,BOS,2025-04-27,4,AA,1258,28,40,Delayed,
HNL,ITO,2025-01-03,1,WN,216,36,26,Delayed,
JFK,SJU,2025-02-27,2,B6,1598,22,40,Delayed,
PQI,BOS,2025-03-27,3,B6,333,-9,-56,On time,
DEN,PHL,2025-11-30,11,UA,1558,113,120,Delayed,
EWR,DEN,2025-10-23,10,UA,1605,-6,-8,On time,
ORD,OMA,2025-09-01,9,UA,416,0,-15,On time,
STS,SAN,2025-09-24,9,OO,508,-13,-11,On time,
PIT,MDW,2025-09-30,9,WN,402,-6,7,On time,
DEN,BOS,2025-03-20,3,UA,1754,46,50,Delayed,
ATL,PBI,2025-08-21,8,DL,545,-11,-5,On time,
MIA,JFK,2025-09-08,9,AA,1089,201,210,Delayed,
ATL,FLL,2025-04-22,4,NK,581,28,17,Delayed,
MCO,DFW,2025-11-25,11,AA,985,-11,-25,On time,
MCO,IAH,2025-07-31,7,UA,854,-5,-7,On time,
HOU,PHX,2025-08-11,8,WN,1020,0,-9,On time,
ECP,ORD,2025-07-24,7,OO,810,-13,50,Delayed,
SNA,SFO,2025-08-24,8,UA,372,29,19,Delayed,
BNA,SFO,2025-02-15,2,UA,1969,104,88,Delayed,
MSY,DAL,2025-08-06,8,WN,437,-1,-11,On time,
FLL,BDL,2025-02-22,2,B6,1173,-9,-24,On time,
DTW,IMT,2025-06-11,6,OO,344,-14,-10,On time,
ORD,CVG,2025-12-19,12,UA,264,-3,-8,On time,
SEA,IAD,2025-09-16,9,UA,2305,-4,-1,On time,
SFO,HNL,2025-09-29,9,UA,2398,-2,-9,On time,
SLC,BNA,2025-04-27,4,DL,1404,-4,6,On time,
SEA,GEG,2025-08-27,8,OO,224,-4,-8,On time,
ORD,CLE,2025-07-31,7,OO,316,67,54,Delayed,
DTW,BOS,2025-02-28,2,DL,632,7,-7,On time,
LGA,CHO,2025-09-23,9,YX,305,-10,-24,On time,
DEN,SAN,2025-02-23,2,WN,853,26,15,Delayed,
MSY,MCO,2025-05-03,5,WN,551,-4,-9,On time,
HPN,DCA,2025-01-21,1,OH,234,-12,-19,On time,
PHL,SEA,2025-10-16,10,AA,2379,-6,-12,On time,
ABQ,LAS,2025-03-19,3,WN,486,-3,-14,On time,
PHX,CLD,2025-05-26,5,MQ,306,-2,-9,On time,
XNA,ORD,2025-02-17,2,MQ,522,-1,11,On time,
RNO,DEN,2025-12-03,12,WN,804,8,22,Delayed,
MCO,IND,2025-08-08,8,NK,829,-11,-9,On time,
DFW,TYS,2025-11-16,11,AA,772,-3,-15,On time,
GRR,MDW,2025-07-17,7,WN,137,9,3,On time,
LAX,SJC,2025-11-15,11,OO,308,-12,-5,On time,
PHX,BOS,2025-08-18,8,AA,2300,-9,-11,On time,
ORD,CMH,2025-08-12,8,OO,296,473,483,Delayed,
PHL,MSY,2025-05-29,5,AA,1089,15,52,Delayed,
PHL,PHX,2025-11-18,11,AA,2076,-7,-2,On time,
ORD,LEX,2025-10-04,10,OO,323,-3,5,On time,
JFK,LAX,2025-11-01,11,AA,2475,12,-15,On time,
ABQ,LAS,2025-05-18,5,WN,486,0,-9,On time,
ATL,ORD,2025-09-07,9,UA,606,-7,-29,On time,
MIA,BOS,2025-01-19,1,AA,1258,21,-1,On time,
ATL,BWI,2025-02-27,2,DL,577,5,-2,On time,
ATL,CMH,2025-06-23,6,DL,447,15,10,On time,
BNA,ORD,2025-04-03,4,YX,409,94,86,Delayed,
DAL,STL,2025-10-23,10,WN,546,60,51,Delayed,
ATL,STT,2025-10-04,10,DL,1599,-5,3,On time,
MDW,SMF,2025-08-08,8,WN,1790,-1,7,On time,
PHX,DEN,2025-09-16,9,UA,602,2,2,On time,
BOS,LGA,2025-08-06,8,YX,184,-3,-1,On time,
OGG,SAN,2025-02-18,2,AS,2541,-3,-13,On time,
LAS,DCA,2025-07-17,7,AA,2089,39,3,On time,
ATL,RDU,2025-06-22,6,DL,356,-7,3,On time,
OAK,PHX,2025-12-18,12,WN,646,-1,-14,On time,
CMH,LGA,2025-06-02,6,YX,479,-1,2,On time,
DEN,BIH,2025-02-21,2,OO,760,4,-15,On time,
BNA,SAT,2025-07-07,7,WN,822,264,253,Delayed,
ORD,LGA,2025-02-03,2,UA,733,-9,-22,On time,
RDU,ATL,2025-01-21,1,WN,356,-2,32,Delayed,
IAD,SEA,2025-05-08,5,UA,2306,-3,5,On time,
TUL,ATL,2025-08-16,8,DL,674,-12,-9,On time,
SEA,GEG,2025-11-16,11,OO,224,28,17,Delayed,
ROW,DFW,2025-07-16,7,OO,435,-5,-13,On time,
DFW,OKC,2025-03-11,3,MQ,175,-5,-4,On time,
JFK,SFO,2025-09-22,9,AA,2586,-6,-6,On time,
DCA,MIA,2025-09-27,9,AA,919,-1,-9,On time,
CRP,DFW,2025-03-08,3,MQ,354,76,71,Delayed,
PIT,DFW,2025-03-13,3,AA,1067,10,-19,On time,
SJC,DEN,2025-05-19,5,WN,948,-5,-10,On time,
CLT,TPA,2025-06-15,6,AA,507,129,114,Delayed,
CLT,ABE,2025-11-29,11,OH,481,-4,-13,On time,
LAX,SAT,2025-04-22,4,DL,1211,-9,-10,On time,
ORD,LGA,2025-05-22,5,UA,733,22,35,Delayed,
ORD,IAH,2025-07-16,7,UA,925,138,115,Delayed,
ORD,EWR,2025-10-09,10,UA,719,89,85,Delayed,
ATL,LAX,2025-03-02,3,NK,1947,24,1,On time,
BNA,MYR,2025-08-20,8,WN,471,0,-12,On time,
JAX,ORD,2025-12-09,12,MQ,864,-4,-10,On time,
BRO,DFW,2025-09-02,9,MQ,482,-1,-7,On time,
DEN,COS,2025-04-03,4,WN,73,0,13,On time,
AUS,LAX,2025-06-19,6,OO,1242,19,-15,On time,
FLL,DTW,2025-12-04,12,DL,1127,-7,-3,On time,
PHX,MDW,2025-01-24,1,F9,1444,35,19,Delayed,
SDF,BNA,2025-09-18,9,WN,151,-7,-10,On time,
ORD,PWM,2025-10-20,10,UA,900,11,12,On time,
ATW,ORD,2025-03-21,3,OO,160,30,76,Delayed,
CMH,IAD,2025-07-08,7,YX,299,124,113,Delayed,
DEN,SEA,2025-12-02,12,UA,1024,-6,-17,On time,
JAX,ATL,2025-09-11,9,DL,269,-1,-11,On time,
LAX,PDX,2025-04-13,4,AS,834,10,-1,On time,
DEN,BOS,2025-08-19,8,DL,1754,-1,-15,On time,
ATL,SGF,2025-06-19,6,OO,563,-6,8,On time,
DEN,AUS,2025-08-05,8,F9,775,80,70,Delayed,
PHL,FLL,2025-04-24,4,AA,992,-2,-18,On time,
PHL,CLT,2025-12-24,12,AA,449,-7,-29,On time,
LEX,ORD,2025-10-20,10,OO,323,4,-8,On time,
BOS,DTW,2025-04-02,4,DL,632,-7,5,On time,
PVD,DCA,2025-09-10,9,OH,356,22,20,Delayed,
MDW,MSP,2025-05-31,5,WN,349,-5,-17,On time,
TPA,MIA,2025-10-02,10,AA,204,-8,-17,On time,
ORD,SEA,2025-10-12,10,UA,1721,-1,-34,On time,
MEM,LGA,2025-06-06,6,YX,963,62,83,Delayed,
DFW,SAV,2025-07-02,7,MQ,925,-5,-19,On time,
DTW,AUS,2025-06-09,6,DL,1149,8,49,Delayed,
IAH,PNS,2025-03-21,3,UA,489,15,-1,On time,
ATL,LGA,2025-10-30,10,DL,762,337,332,Delayed,
TUS,DEN,2025-05-05,5,OO,639,-9,-3,On time,
RNO,PHX,2025-02-21,2,AA,601,15,-2,On time,
XNA,PHL,2025-07-04,7,OH,1067,-6,-9,On time,
PHX,OMA,2025-01-29,1,WN,1037,-3,-3,On time,
PGD,LEX,2025-12-12,12,G4,781,-10,18,Delayed,
SAN,PHX,2025-04-25,4,WN,304,52,44,Delayed,
AMA,DEN,2025-03-05,3,OO,359,-7,11,On time,
HNL,KOA,2025-05-29,5,HA,163,4,3,On time,
SLC,SEA,2025-04-15,4,DL,689,-5,-23,On time,
IAD,PHX,2025-09-13,9,WN,1956,2,-2,On time,
MSP,GRB,2025-05-16,5,OO,252,-1,8,On time,
BIS,DFW,2025-08-04,8,MQ,977,16,37,Delayed,
MCO,PVD,2025-06-28,6,WN,1072,-2,-10,On time,
MCO,BUF,2025-04-13,4,B6,1011,-12,-6,On time,
SAN,SEA,2025-05-11,5,AS,1050,-11,-17,On time,
DFW,FAT,2025-08-09,8,AA,1313,4,2,On time,
PHL,ATL,2025-07-01,7,F9,666,-1,-13,On time,
SLC,PSP,2025-10-13,10,OO,541,-6,-2,On time,
DAL,LAS,2025-09-10,9,WN,1067,-3,-13,On time,
SFO,SAN,2025-09-04,9,UA,447,11,7,On time,
CLT,BDL,2025-08-13,8,AA,644,4,21,Delayed,
LAX,OAK,2025-01-09,1,WN,337,-6,-23,On time,
SLC,BOS,2025-06-20,6,DL,2105,-3,-29,On time,
SAN,JFK,2025-11-05,11,AS,2446,-2,-25,On time,
ATL,ABQ,2025-10-25,10,DL,1269,-3,-7,On time,
ATL,ORF,2025-05-31,5,DL,516,6,20,Delayed,
DTW,EWR,2025-02-19,2,DL,488,-5,-20,On time,
BNA,DEN,2025-07-26,7,WN,1013,4,-8,On time,
CLT,LIT,2025-07-03,7,OH,640,-5,-11,On time,
SLC,DFW,2025-09-30,9,AA,989,27,9,On time,
AZA,PVU,2025-02-17,2,G4,477,-12,-15,On time,
SJC,LAX,2025-12-11,12,OO,308,-7,-3,On time,
EYW,CLT,2025-12-29,12,AA,736,-11,-20,On time,
ORD,AVP,2025-12-26,12,MQ,632,15,10,On time,
ABQ,PHX,2025-12-25,12,OO,328,-8,-3,On time,
MIA,ATL,2025-12-26,12,DL,594,-5,-33,On time,
SLC,PDX,2025-05-21,5,OO,630,-6,1,On time,
MSP,SAT,2025-01-23,1,DL,1097,-7,-2,On time,
MSY,MIA,2025-01-11,1,AA,675,-5,-21,On time,
EWR,LAS,2025-04-01,4,UA,2227,2,-5,On time,
JFK,JAX,2025-03-27,3,B6,828,-7,-24,On time,
JNU,SIT,2025-01-27,1,AS,95,-12,-25,On time,
CVG,JFK,2025-02-18,2,YX,589,-9,-13,On time,
SFB,TYS,2025-02-23,2,G4,511,3,0,On time,
LBB,DFW,2025-02-22,2,MQ,282,-4,4,On time,
DAL,PHX,2025-05-13,5,WN,879,-1,-12,On time,
RDU,EWR,2025-07-25,7,UA,416,7,6,On time,
ITO,HNL,2025-12-09,12,HA,216,5,0,On time,
SAT,DEN,2025-07-28,7,UA,794,20,10,On time,
DEN,PHX,2025-08-24,8,F9,602,-12,-17,On time,
ORD,MCI,2025-08-06,8,MQ,403,-3,17,Delayed,
PIA,CLT,2025-03-28,3,OH,607,473,473,Delayed,
DFW,VPS,2025-05-19,5,AA,641,-5,7,On time,
DEN,LIT,2025-09-08,9,OO,771,65,61,Delayed,
SLC,DEN,2025-04-11,4,DL,391,-3,-17,On time,
FSM,DFW,2025-08-05,8,MQ,227,-9,-13,On time,
LAX,OGG,2025-12-09,12,UA,2485,72,32,Delayed,
SEA,ORD,2025-09-02,9,AS,1721,18,29,Delayed,
DFW,ONT,2025-10-10,10,AA,1188,-3,4,On time,
CLT,MCO,2025-08-01,8,NK,468,-2,114,Delayed,
AZA,FSD,2025-01-26,1,G4,1072,-11,-17,On time,
DEN,SLC,2025-12-31,12,F9,391,-8,-15,On time,
SEA,SAN,2025-08-26,8,AS,1050,-3,8,On time,
SEA,SFO,2025-12-20,12,UA,679,-6,-4,On time,
MCO,BOS,2025-07-29,7,DL,1121,-2,-20,On time,
CLT,DTW,2025-07-02,7,AA,500,-9,-11,On time,
PHX,LAX,2025-04-12,4,AA,370,84,69,Delayed,
DFW,DTW,2025-07-02,7,DL,986,39,29,Delayed,
DFW,SNA,2025-09-26,9,AA,1205,-3,-14,On time,
IAH,LGA,2025-01-26,1,UA,1416,0,-18,On time,
LIT,DCA,2025-11-12,11,MQ,888,-10,-36,On time,
PDX,OAK,2025-04-17,4,WN,543,46,36,Delayed,
DEN,GCC,2025-07-19,7,OO,313,6,1,On time,
BNA,AUS,2025-03-08,3,OO,756,-4,32,Delayed,
IAD,SFO,2025-01-20,1,UA,2419,11,-23,On time,
LAX,PHX,2025-01-22,1,OO,370,-7,-5,On time,
SFB,DAY,2025-04-17,4,G4,785,5,34,Delayed,
PHL,BUF,2025-10-15,10,OH,279,18,16,Delayed,
PIT,MCO,2025-12-01,12,WN,834,-7,-18,On time,
ATL,DEN,2025-03-19,3,WN,1199,-4,-17,On time,
ORD,ALB,2025-08-29,8,UA,723,-6,-7,On time,
DEN,DRO,2025-05-11,5,OO,251,-9,-21,On time,
HPN,ORD,2025-02-13,2,MQ,738,32,64,Delayed,
DTW,EWR,2025-08-16,8,NK,488,-8,-4,On time,
BUR,STL,2025-10-03,10,WN,1583,-6,-15,On time,
KOA,HNL,2025-09-25,9,WN,163,-5,-9,On time,
BWI,CLT,2025-04-21,4,AA,361,2,-16,On time,
DFW,IAH,2025-10-08,10,UA,224,-4,-18,On time,
SAN,PHX,2025-11-16,11,AA,304,-8,-17,On time,
MCO,DTW,2025-06-17,6,NK,957,9,-8,On time,
DFW,EWR,2025-10-10,10,AA,1372,-2,1,On time,
EWR,ATL,2025-01-30,1,DL,746,-2,-10,On time,
EWR,DEN,2025-06-06,6,UA,1605,-10,-6,On time,
ELP,PHX,2025-06-27,6,MQ,347,-8,-10,On time,
MIA,HOU,2025-04-17,4,WN,955,6,20,Delayed,
BNA,DCA,2025-07-08,7,YX,562,36,80,Delayed,
ATL,FLL,2025-03-16,3,NK,581,16,44,Delayed,
MCO,HOU,2025-03-24,3,WN,849,1,-32,On time,
DFW,RDU,2025-01-24,1,AA,1061,-2,-17,On time,
ATL,TPA,2025-04-17,4,DL,406,0,-13,On time,
EWR,FLL,2025-12-30,12,NK,1065,67,51,Delayed,
SFO,SAN,2025-05-02,5,WN,447,-5,34,Delayed,
DCA,CLE,2025-11-18,11,OH,310,-11,-22,On time,
ATL,PHX,2025-05-26,5,DL,1587,-1,-8,On time,
ORD,SAT,2025-01-05,1,UA,1041,38,61,Delayed,
DEN,PHL,2025-09-28,9,AA,1558,-7,-11,On time,
DTW,CLT,2025-09-21,9,DL,500,0,-3,On time,
ATL,SRQ,2025-07-29,7,DL,444,35,30,Delayed,
DFW,TYS,2025-05-16,5,AA,772,17,13,On time,
DFW,SJT,2025-04-12,4,OO,229,-9,-11,On time,
BNA,MCO,2025-06-08,6,WN,616,-4,-15,On time,
SJU,TPA,2025-08-01,8,B6,1237,-4,-13,On time,
AUS,DEN,2025-10-05,10,UA,775,19,17,Delayed,
CLT,TLH,2025-05-08,5,OH,386,49,32,Delayed,
TPA,CVG,2025-06-15,6,DL,773,17,9,On time,
IAH,STL,2025-04-09,4,UA,667,-1,-13,On time,
JAC,IAH,2025-06-29,6,UA,1265,-4,-12,On time,
DEN,GEG,2025-06-08,6,UA,836,51,73,Delayed,
MSN,LGA,2025-08-14,8,YX,812,-4,-21,On time,
IND,LAX,2025-03-22,3,AA,1814,61,36,Delayed,
RIC,LGA,2025-08-03,8,YX,291,-7,26,Delayed,
DTW,LAS,2025-01-03,1,DL,1749,-7,9,On time,
CLT,SDF,2025-11-23,11,AA,335,-3,-12,On time,
SJU,JFK,2025-03-02,3,B6,1598,11,7,On time,
BOS,DCA,2025-12-23,12,B6,399,-3,-14,On time,
ABQ,DAL,2025-12-04,12,WN,580,36,23,Delayed,
LAS,SEA,2025-11-20,11,AS,867,5,-7,On time,
SAN,KOA,2025-11-10,11,AS,2556,-3,-14,On time,
MSP,STL,2025-02-12,2,OO,448,-3,29,Delayed,
SMF,LGB,2025-10-12,10,WN,387,70,72,Delayed,
PHL,DFW,2025-07-27,7,AA,1303,-4,-11,On time,
PHX,SMF,2025-11-26,11,AA,647,19,21,Delayed,
SEA,ORD,2025-04-13,4,AS,1721,6,-2,On time,
DFW,ATL,2025-12-28,12,DL,731,-4,-14,On time,
MSP,CLE,2025-07-26,7,DL,622,0,-8,On time,
SEA,ORD,2025-03-26,3,AS,1721,-3,-19,On time,
ORD,SEA,2025-02-02,2,UA,1721,-1,45,Delayed,
MSP,ATL,2025-04-16,4,DL,907,78,49,Delayed,
RIC,BOS,2025-04-02,4,B6,474,-14,-26,On time,
SEA,LAX,2025-08-15,8,DL,954,-6,-30,On time,
LAX,CLT,2025-01-08,1,AA,2125,-2,-21,On time,
ORD,SEA,2025-07-19,7,AS,1721,-3,33,Delayed,
RSW,CVG,2025-07-24,7,F9,879,58,56,Delayed,
BUR,SMF,2025-09-29,9,WN,358,13,14,On time,
BWI,MEM,2025-03-13,3,WN,787,12,-4,On time,
SAN,RDM,2025-01-23,1,OO,823,23,16,Delayed,
HNL,LIH,2025-07-06,7,HA,102,-5,0,On time,
STL,DEN,2025-08-30,8,UA,770,-6,-2,On time,
TUS,PHX,2025-12-18,12,OO,109,-3,-11,On time,
PIT,EWR,2025-05-24,5,YX,319,-8,0,On time,
PHX,SNA,2025-01-28,1,WN,338,-7,-17,On time,
TPA,CLT,2025-03-21,3,AA,507,-10,-13,On time,
ORF,DFW,2025-02-02,2,AA,1212,-7,-24,On time,
BOS,LAX,2025-11-17,11,B6,2611,-8,5,On time,
JFK,DFW,2025-05-22,5,DL,1391,-6,-11,On time,
SLC,PHX,2025-07-01,7,WN,507,3,-6,On time,
SNA,OAK,2025-04-02,4,WN,371,-4,-12,On time,
ATL,PBI,2025-10-31,10,F9,545,84,134,Delayed,
SEA,MDW,2025-04-09,4,WN,1733,-3,-38,On time,
ATL,PHL,2025-09-12,9,F9,666,-3,-16,On time,
DEN,ABQ,2025-04-20,4,OO,349,-10,-16,On time,
PHX,PAE,2025-02-10,2,AS,1133,-10,-23,On time,
ORD,DTW,2025-03-11,3,OO,235,-6,-10,On time,
MDW,TPA,2025-09-14,9,WN,997,9,-3,On time,
SEA,LAX,2025-05-23,5,DL,954,-8,-14,On time,
MSP,IAH,2025-11-14,11,DL,1034,-15,-37,On time,
ORD,CLT,2025-07-21,7,UA,599,0,-6,On time,
LAS,DFW,2025-07-05,7,AA,1055,-9,-8,On time,
SEA,BNA,2025-01-29,1,AS,1978,-4,2,On time,
ATL,ECP,2025-06-08,6,DL,240,-4,3,On time,
PHX,GEG,2025-12-25,12,F9,1020,-14,-38,On time,
SEA,PSC,2025-10-24,10,OO,172,42,46,Delayed,
TUL,DFW,2025-10-26,10,MQ,237,30,21,Delayed,
SFO,OGG,2025-07-03,7,HA,2338,0,-2,On time,
ORD,MCO,2025-05-17,5,UA,1005,-3,-21,On time,
HOU,STL,2025-11-21,11,WN,687,2,-10,On time,
SAN,HNL,2025-11-04,11,WN,2614,24,5,On time,
SEA,ANC,2025-10-02,10,DL,1448,1,-3,On time,
DAY,DCA,2025-02-25,2,OH,391,47,53,Delayed,
PIT,LGA,2025-08-15,8,YX,335,-7,-9,On time,
ORD,FWA,2025-09-24,9,OH,157,-6,-27,On time,
LAS,TPA,2025-02-26,2,WN,1984,11,12,On time,
DEN,STL,2025-05-24,5,UA,770,3,-9,On time,
PHX,ORD,2025-01-29,1,AA,1440,-4,-26,On time,
ORD,BOI,2025-02-26,2,OO,1437,-6,-38,On time,
LGA,PHL,2025-01-14,1,YX,96,-8,-25,On time,
LAX,EWR,2025-01-20,1,UA,2454,15,-11,On time,
PIT,DEN,2025-10-24,10,WN,1290,-1,-6,On time,
MYR,LGA,2025-05-02,5,DL,563,-8,-13,On time,
LAX,IAH,2025-02-27,2,UA,1379,7,-13,On time,
MSY,EWR,2025-02-20,2,UA,1167,-9,-22,On time,
ATL,MIA,2025-07-14,7,NK,594,397,391,Delayed,
ATL,MCO,2025-05-06,5,DL,404,5,-4,On time,
DFW,BTR,2025-10-28,10,OH,383,8,-8,On time,
ORD,ALB,2025-06-12,6,MQ,723,-3,-2,On time,
LGA,BUF,2025-07-26,7,YX,292,-5,-32,On time,
DTW,LGA,2025-01-22,1,DL,502,-3,-16,On time,
ATW,ORD,2025-04-21,4,MQ,160,9,13,On time,
RDU,FLL,2025-02-02,2,DL,680,-4,-14,On time,
DTW,DFW,2025-09-23,9,AA,986,-13,-30,On time,
DFW,MFE,2025-12-05,12,AA,469,50,66,Delayed,
CVG,MDW,2025-07-30,7,WN,249,80,84,Delayed,
EWR,SLC,2025-07-02,7,DL,1969,62,32,Delayed,
DCA,BOS,2025-10-25,10,B6,399,-2,-18,On time,
SFO,ORD,2025-09-10,9,UA,1846,-9,-22,On time,
PHX,BUF,2025-03-21,3,WN,1912,-4,-9,On time,
ATL,DEN,2025-08-13,8,F9,1199,-12,-9,On time,
MCO,ATL,2025-08-29,8,F9,404,-12,-22,On time,
ATL,HNL,2025-01-06,1,DL,4502,-1,-24,On time,
HNL,LIH,2025-11-07,11,WN,102,6,5,On time,
MDW,LAX,2025-08-06,8,WN,1751,26,21,Delayed,
DEN,BNA,2025-03-19,3,F9,1014,11,3,On time,
MCO,BNA,2025-06-27,6,WN,616,229,278,Delayed,
MDW,MSP,2025-09-27,9,OO,349,-9,-22,On time,
ATL,LAX,2025-01-17,1,AA,1947,-2,-33,On time,
ORD,CMH,2025-12-06,12,YX,296,-4,-23,On time,
BWI,MHT,2025-12-16,12,WN,377,2,-3,On time,
ATL,DCA,2025-03-02,3,WN,547,-2,-15,On time,
LGB,SLC,2025-03-30,3,OO,588,-7,-17,On time,
BOS,SLC,2025-09-23,9,DL,2105,-9,-14,On time,
ORD,DTW,2025-11-21,11,OO,235,-9,-2,On time,
IND,CLT,2025-07-10,7,AA,427,-4,-17,On time,
ATL,MSY,2025-07-07,7,NK,425,67,55,Delayed,
MCI,DFW,2025-05-18,5,AA,460,33,20,Delayed,
PHL,TPA,2025-09-12,9,F9,920,2,-11,On time,
PGD,SYR,2025-03-21,3,G4,1164,-12,-28,On time,
DAL,DEN,2025-02-23,2,WN,651,11,4,On time,
IAH,PHX,2025-10-03,10,AA,1009,-6,-22,On time,
ORD,ELP,2025-04-15,4,AA,1236,-10,-24,On time,
PHL,PIT,2025-04-28,4,OH,268,-1,-13,On time,
DEN,DFW,2025-01-18,1,F9,641,-5,29,Delayed,
BNA,VPS,2025-06-05,6,WN,389,2,-15,On time,
CLT,MYR,2025-07-24,7,AA,157,34,42,Delayed,
ANC,HNL,2025-12-28,12,AS,2777,117,94,Delayed,
DAL,JAX,2025-12-14,12,WN,906,10,9,On time,
ORD,DAL,2025-01-17,1,WN,798,-4,-17,On time,
LAX,JFK,2025-11-02,11,AA,2475,-9,-14,On time,
DCA,DFW,2025-04-19,4,AA,1192,-7,-32,On time,
ASE,DFW,2025-02-28,2,OO,701,-7,-19,On time,
DCA,MHT,2025-12-21,12,OH,406,24,19,Delayed,
SAN,LAS,2025-01-23,1,NK,258,-10,0,On time,
SFO,BFL,2025-02-21,2,OO,238,-6,-15,On time,
CLT,SDF,2025-11-20,11,OH,335,-6,-30,On time,
HOU,SMF,2025-01-26,1,WN,1624,15,-5,On time,
BOS,IAH,2025-05-17,5,UA,1597,2,-3,On time,
DAL,MSY,2025-07-20,7,WN,437,3,-9,On time,
PHX,LAX,2025-07-13,7,WN,370,34,21,Delayed,
SFO,SAN,2025-05-18,5,OO,447,-6,-9,On time,
IAH,GSP,2025-02-20,2,UA,837,-3,-2,On time,
VPS,HTS,2025-05-30,5,G4,589,-13,-18,On time,
BNA,CVG,2025-06-19,6,WN,230,4,-3,On time,
TPA,DTW,2025-07-12,7,DL,983,17,12,On time,
SFO,SNA,2025-09-28,9,UA,372,-9,-6,On time,
DCA,ILM,2025-10-24,10,OH,320,9,13,On time,
SAT,BWI,2025-12-27,12,WN,1407,-4,-10,On time,
MDW,TPA,2025-05-14,5,WN,997,27,26,Delayed,
DCA,BOS,2025-08-21,8,YX,399,-5,-10,On time,
MGM,ATL,2025-06-16,6,OO,147,-6,-6,On time,
ORD,MCW,2025-05-19,5,OO,288,-4,-5,On time,
DCA,LGA,2025-08-22,8,YX,214,21,14,On time,
AUS,MCO,2025-03-17,3,WN,994,-3,-9,On time,
ROC,ATL,2025-08-22,8,DL,749,-10,-19,On time,
ORD,COS,2025-02-17,2,OO,911,17,9,On time,
DTW,BOS,2025-04-07,4,DL,632,105,88,Delayed,
TPA,STL,2025-01-18,1,WN,869,-6,-23,On time,
FLL,LGA,2025-12-10,12,NK,1076,-7,-17,On time,
FLL,CLE,2025-11-23,11,F9,1062,14,15,Delayed,
SAN,IAD,2025-02-18,2,UA,2253,-8,-17,On time,
BDL,TPA,2025-06-10,6,B6,1111,-2,3,On time,
DEN,CMH,2025-11-10,11,UA,1154,-3,5,On time,
DFW,SAN,2025-10-23,10,AA,1171,48,47,Delayed,
SEA,OGG,2025-11-11,11,AS,2639,-8,-10,On time,
DFW,OKC,2025-11-03,11,OO,175,1,-10,On time,
BNA,MSP,2025-01-12,1,WN,695,-6,-14,On time,
IAH,BOS,2025-09-25,9,UA,1597,127,116,Delayed,
IAH,RSW,2025-06-14,6,UA,861,-3,-16,On time,
PHL,LAS,2025-09-11,9,AA,2177,-5,-18,On time,
IND,TPA,2025-03-11,3,WN,837,-6,-16,On time,
ORD,TUL,2025-10-30,10,MQ,585,10,-6,On time,
PIT,DAL,2025-06-26,6,WN,1060,12,2,On time,
MIA,PHX,2025-07-16,7,AA,1972,45,51,Delayed,
SLC,LGB,2025-08-04,8,WN,588,0,-2,On time,
CID,DCA,2025-07-19,7,MQ,801,10,-4,On time,
PIT,JFK,2025-12-09,12,B6,340,-5,-9,On time,
LAX,SEA,2025-10-28,10,AS,954,-6,-14,On time,
PHL,IND,2025-02-28,2,YX,588,-16,-16,On time,
FOD,ORD,2025-05-12,5,OO,325,-23,-25,On time,
DEN,MIA,2025-01-23,1,UA,1709,193,193,Delayed,
LAS,LIH,2025-03-13,3,WN,2818,85,64,Delayed,
SAN,LAS,2025-04-21,4,OO,258,-9,15,Delayed,
MKE,DTW,2025-06-23,6,OO,237,25,3,On time,
PHL,MDW,2025-07-24,7,WN,668,8,-9,On time,
MDW,ATL,2025-09-14,9,DL,591,-12,-21,On time,
RIC,LGA,2025-04-14,4,YX,292,-8,-7,On time,
ATL,SNA,2025-09-29,9,DL,1919,-6,-8,On time,
MIA,IAH,2025-05-03,5,AA,964,13,10,On time,
ILM,ATL,2025-11-18,11,DL,377,-15,-34,On time,
ORD,SLC,2025-04-24,4,DL,1250,10,2,On time,
SLC,EUG,2025-07-18,7,OO,618,12,8,On time,
ROC,JFK,2025-08-02,8,B6,264,-11,-5,On time,
MEM,LGA,2025-05-22,5,YX,963,0,14,On time,
SFB,ROA,2025-12-26,12,G4,594,12,18,Delayed,
MDW,LGA,2025-10-29,10,WN,725,-2,-9,On time,
DEC,ORD,2025-01-29,1,OO,156,-11,-23,On time,
PDX,DFW,2025-05-07,5,AA,1616,-1,-3,On time,
SFO,BFL,2025-01-27,1,OO,238,2,3,On time,
MIA,DTW,2025-08-08,8,DL,1145,-9,-16,On time,
DCA,MSP,2025-10-13,10,YX,931,30,24,Delayed,
KOA,OGG,2025-08-11,8,WN,84,-9,-19,On time,
MDW,PHX,2025-05-28,5,WN,1444,24,7,On time,
SLC,DEN,2025-12-13,12,OO,391,-2,0,On time,
MSY,PHL,2025-01-25,1,OH,1089,0,-6,On time,
SEA,TUS,2025-07-10,7,AS,1215,-7,-23,On time,
LAX,ATL,2025-12-18,12,DL,1947,-7,-4,On time,
JFK,BNA,2025-03-03,3,YX,765,-8,-27,On time,
DEN,PIT,2025-02-14,2,UA,1290,15,-4,On time,
BWI,BNA,2025-12-03,12,WN,587,9,6,On time,
SFO,PHX,2025-05-12,5,OO,651,-8,-24,On time,
CHS,CLT,2025-05-30,5,AA,168,0,-14,On time,
DEN,SLC,2025-05-13,5,DL,391,-9,-13,On time,
STL,SAT,2025-06-25,6,WN,786,1,-9,On time,
DEN,EAR,2025-12-02,12,OO,305,-4,-9,On time,
SLC,PHX,2025-10-17,10,DL,507,34,18,Delayed,
LGA,MKE,2025-07-27,7,YX,738,21,-24,On time,
IAD,SLC,2025-12-16,12,DL,1827,-1,-2,On time,
RSW,CLT,2025-01-07,1,AA,600,-8,-24,On time,
SBN,ATL,2025-06-12,6,OO,566,31,64,Delayed,
SGF,DFW,2025-03-01,3,MQ,364,-1,-26,On time,
DEN,ICT,2025-08-16,8,OO,420,-4,-20,On time,
PBI,ATL,2025-08-21,8,DL,545,4,-15,On time,
JFK,CLT,2025-06-30,6,AA,541,-1,-23,On time,
DFW,ATL,2025-11-16,11,DL,731,-2,-21,On time,
DFW,ELP,2025-12-26,12,AA,551,16,-9,On time,
DSM,DEN,2025-03-13,3,OO,589,-9,-24,On time,
CMH,MCO,2025-10-06,10,NK,802,365,349,Delayed,
DTW,MIA,2025-09-03,9,DL,1145,-7,-9,On time,
DFW,FLL,2025-05-04,5,NK,1119,-2,2,On time,
ORD,DCA,2025-08-19,8,UA,612,7,4,On time,
ATL,MKE,2025-08-13,8,DL,669,8,2,On time,
CMH,ATL,2025-10-29,10,DL,447,-8,0,On time,
IAH,ATL,2025-05-13,5,DL,689,-5,-10,On time,
LAS,SAN,2025-04-03,4,OO,258,97,98,Delayed,
ORD,RNO,2025-02-03,2,UA,1671,-3,8,On time,
DFW,HNL,2025-11-24,11,AA,3784,142,118,Delayed,
DEN,LAX,2025-10-31,10,UA,862,-14,-26,On time,
DFW,RNO,2025-01-11,1,AA,1345,12,9,On time,
ELP,DEN,2025-01-31,1,UA,563,-17,-13,On time,
JAX,IAD,2025-04-21,4,G4,630,7,3,On time,
CLT,DTW,2025-06-16,6,AA,500,-1,-1,On time,
CLT,TPA,2025-10-28,10,AA,507,3,-5,On time,
MIA,DTW,2025-09-19,9,DL,1145,-6,-17,On time,
CRW,DCA,2025-10-13,10,OH,249,9,-2,On time,
IAH,DFW,2025-02-22,2,UA,224,-5,-17,On time,
ATL,JFK,2025-02-06,2,B6,760,-9,6,On time,
OAK,SAN,2025-10-02,10,WN,446,2,0,On time,
MIA,DCA,2025-12-03,12,AA,919,-7,-12,On time,
MDW,RSW,2025-04-23,4,WN,1105,-3,-9,On time,
IAH,ICT,2025-04-26,4,OO,542,24,15,Delayed,
ORD,STL,2025-04-20,4,MQ,258,-4,6,On time,
LAW,DFW,2025-07-22,7,OH,140,-2,-8,On time,
EKO,SLC,2025-11-23,11,OO,200,-13,-13,On time,
LAS,SMF,2025-06-18,6,WN,397,12,-5,On time,
BOS,DTW,2025-10-09,10,NK,632,-8,-5,On time,
HNL,LIH,2025-08-01,8,HA,102,-5,15,Delayed,
SMF,PHX,2025-07-25,7,WN,647,8,15,Delayed,
PSP,SFO,2025-04-25,4,OO,421,-2,-6,On time,
CLE,DEN,2025-06-17,6,WN,1201,-1,16,Delayed,
PIT,DFW,2025-11-19,11,AA,1067,-9,-14,On time,
DEN,LBF,2025-06-02,6,OO,228,-2,31,Delayed,
DCA,PIT,2025-07-03,7,AA,204,40,28,Delayed,
CLT,ATL,2025-06-25,6,OH,226,159,176,Delayed,
DCA,BOS,2025-12-07,12,AA,399,128,109,Delayed,
ORD,MSP,2025-08-22,8,YX,334,2,7,On time,
BWI,MSY,2025-08-23,8,WN,998,-7,-11,On time,
SNA,ORD,2025-01-29,1,AA,1726,-10,-32,On time,
TYS,DFW,2025-03-18,3,AA,772,44,31,Delayed,
SLC,ONT,2025-05-20,5,DL,558,-3,-16,On time,
ATL,RIC,2025-05-14,5,DL,481,3,16,Delayed,
DCA,BOS,2025-09-11,9,B6,399,-8,-24,On time,
ORD,MSY,2025-12-26,12,MQ,837,-2,-11,On time,
MCO,RDU,2025-04-08,4,F9,534,-6,40,Delayed,
DEN,LGB,2025-04-29,4,WN,854,-1,-15,On time,
EWR,CLT,2025-04-18,4,AA,529,-5,-24,On time,
MIA,LAX,2025-04-28,4,DL,2342,-6,-40,On time,
HOU,LAX,2025-11-01,11,WN,1390,2,-19,On time,
BOI,SEA,2025-12-09,12,OO,399,-3,-18,On time,
MIA,PHX,2025-01-15,1,AA,1972,-5,-15,On time,
VPS,BLV,2025-07-11,7,G4,587,6,23,Delayed,
LAS,BOI,2025-10-07,10,OO,519,-8,-25,On time,
ORD,LEX,2025-07-17,7,OO,323,0,20,Delayed,
SAN,RNO,2025-10-23,10,WN,488,-7,-16,On time,
SGF,CLT,2025-06-12,6,MQ,708,-2,6,On time,
ATL,CVG,2025-04-25,4,DL,373,-5,-3,On time,
SMF,SEA,2025-03-02,3,WN,605,0,-14,On time,
DFW,SJC,2025-06-01,6,AA,1438,9,2,On time,
ORD,BNA,2025-02-27,2,YX,409,2,-10,On time,
OKC,IAH,2025-12-03,12,UA,395,-8,2,On time,
SEA,BOI,2025-04-08,4,AS,399,225,215,Delayed,
LAS,ONT,2025-04-15,4,WN,197,86,79,Delayed,
HOU,SAT,2025-09-18,9,WN,192,-3,-13,On time,
LGA,ORF,2025-09-01,9,YX,296,-10,-6,On time,
CLT,MDW,2025-12-25,12,WN,584,-2,3,On time,
CMH,CLT,2025-04-29,4,AA,347,-8,-14,On time,
DTW,MCO,2025-02-08,2,NK,957,4,-17,On time,
FLL,PVD,2025-12-23,12,B6,1188,36,49,Delayed,
DAL,HOU,2025-06-23,6,WN,239,7,20,Delayed,
DAB,ATL,2025-05-05,5,DL,366,21,16,Delayed,
SLC,RNO,2025-03-30,3,DL,422,0,4,On time,
PHX,LAX,2025-05-05,5,WN,370,24,11,On time,
CPR,DEN,2025-09-22,9,OO,230,-9,-10,On time,
LAS,PHX,2025-10-14,10,F9,255,-10,-22,On time,
SBA,LAX,2025-08-04,8,OO,89,-12,-12,On time,
JAX,ORD,2025-12-22,12,YX,864,-6,-24,On time,
BOS,JFK,2025-10-05,10,YX,187,0,37,Delayed,
DFW,FCA,2025-07-05,7,AA,1390,2,-6,On time,
IAD,CLT,2025-07-02,7,OH,322,223,229,Delayed,
DFW,GPT,2025-08-24,8,MQ,500,-6,-15,On time,
EWR,CLT,2025-07-05,7,UA,529,-5,-19,On time,
SNA,DEN,2025-07-13,7,WN,846,9,11,On time,
MIA,DEN,2025-01-15,1,WN,1709,-8,-26,On time,
LAS,AUS,2025-05-18,5,WN,1090,0,-5,On time,
LGA,DEN,2025-04-23,4,UA,1620,-6,-18,On time,
SLC,DTW,2025-06-22,6,DL,1481,-2,-8,On time,
SAN,SFO,2025-03-07,3,OO,447,10,3,On time,
MKE,BWI,2025-09-26,9,WN,641,-10,-3,On time,
GRR,PBI,2025-04-12,4,G4,1158,-11,-36,On time,
DFW,DRO,2025-08-01,8,OO,674,4,4,On time,
ATL,CLT,2025-09-12,9,DL,226,16,10,On time,
BNA,DFW,2025-03-15,3,AA,631,1,5,On time,
MEM,ATL,2025-08-27,8,DL,332,-8,-18,On time,
TPA,ATL,2025-09-20,9,DL,406,0,-4,On time,
OGG,LAX,2025-07-27,7,UA,2485,-3,-37,On time,
IAH,DEN,2025-08-20,8,UA,861,37,23,Delayed,
SJU,PHL,2025-08-29,8,F9,1576,54,34,Delayed,
SJC,SNA,2025-09-29,9,WN,342,-3,-6,On time,
CLT,SAV,2025-11-16,11,AA,213,-4,46,Delayed,
DFW,DCA,2025-07-24,7,AA,1192,-6,-23,On time,
BNA,DEN,2025-07-18,7,WN,1013,-2,0,On time,
MDW,ATL,2025-02-07,2,DL,591,-2,-34,On time,
MCO,PHL,2025-07-15,7,F9,862,197,188,Delayed,
LGA,PIT,2025-05-21,5,YX,335,12,7,On time,
DCA,BGR,2025-11-21,11,OH,590,2,-3,On time,
SEA,DFW,2025-04-01,4,AA,1660,47,28,Delayed,
BNA,ORD,2025-04-16,4,F9,409,-18,-24,On time,
LAS,DFW,2025-03-21,3,AA,1055,0,-14,On time,
BOS,PHL,2025-03-01,3,B6,280,-4,-7,On time,
HDN,DEN,2025-02-20,2,UA,141,-10,-31,On time,
FLL,DFW,2025-12-01,12,AA,1119,-8,-11,On time,
MIA,LAS,2025-08-25,8,AA,2174,0,-1,On time,
CLT,RSW,2025-01-17,1,AA,600,-7,-3,On time,
CVG,ATL,2025-08-21,8,DL,373,-7,-21,On time,
PHX,DSM,2025-10-04,10,WN,1149,2,-5,On time,
DCA,MCO,2025-12-09,12,WN,759,4,-5,On time,
EYW,ATL,2025-04-26,4,DL,646,-8,-18,On time,
IAH,ATL,2025-06-20,6,DL,689,-3,-23,On time,
IAH,FLL,2025-03-07,3,UA,966,-5,-21,On time,
SAT,DEN,2025-06-09,6,UA,794,-7,0,On time,
SMF,SEA,2025-12-14,12,WN,605,21,7,On time,
ATL,ORF,2025-04-06,4,F9,516,-2,-4,On time,
ONT,SJC,2025-04-13,4,WN,333,100,97,Delayed,
PBI,PHL,2025-07-10,7,AA,951,9,-7,On time,
HOU,DAL,2025-01-25,1,WN,239,-5,-10,On time,
SEA,PSP,2025-04-13,4,AS,987,16,8,On time,
STX,MIA,2025-01-16,1,AA,1139,1000,1011,Delayed,
BUR,SJC,2025-01-12,1,WN,296,-5,-6,On time,
SLC,DTW,2025-11-08,11,DL,1481,-10,-6,On time,
SEA,STS,2025-05-27,5,AS,618,-8,-20,On time,
PHX,SLC,2025-12-07,12,DL,507,-12,-20,On time,
RDM,DEN,2025-05-26,5,UA,898,-3,14,On time,
BNA,AUS,2025-08-26,8,WN,756,-5,-13,On time,
RDU,PHX,2025-06-01,6,WN,1891,4,-27,On time,
LAX,SFO,2025-03-26,3,UA,337,-9,71,Delayed,
DFW,FAT,2025-06-16,6,AA,1313,68,91,Delayed,
BWI,ATL,2025-02-15,2,F9,577,40,35,Delayed,
ORD,JAX,2025-11-17,11,AA,864,-5,-24,On time,
IAH,MSY,2025-07-13,7,UA,305,66,64,Delayed,
CLT,BUF,2025-06-19,6,AA,546,-4,-17,On time,
IAD,SFO,2025-01-18,1,UA,2419,-13,-15,On time,
DTW,ORD,2025-11-29,11,UA,235,-10,34,Delayed,
AUS,SJC,2025-04-30,4,WN,1476,-6,-13,On time,
SNA,OAK,2025-12-10,12,WN,371,0,-16,On time,
PHX,DSM,2025-09-18,9,OO,1149,73,65,Delayed,
MIA,EWR,2025-01-07,1,UA,1085,4,7,On time,
MSP,EWR,2025-06-27,6,UA,1008,110,97,Delayed,
ILM,ATL,2025-10-15,10,DL,377,-6,-20,On time,
PHX,MCO,2025-06-28,6,WN,1849,15,1,On time,
SEA,DTW,2025-06-12,6,DL,1927,-7,-22,On time,
ABQ,ATL,2025-07-03,7,DL,1269,-7,-31,On time,
LRD,DFW,2025-09-15,9,MQ,396,-7,-9,On time,
PDX,DFW,2025-02-14,2,AA,1616,1,-6,On time,
ORD,IND,2025-05-23,5,AA,177,-3,1,On time,
SLC,BTM,2025-12-28,12,OO,357,0,6,On time,
LAX,DFW,2025-02-02,2,NK,1235,-6,-9,On time,
LAS,DEN,2025-03-27,3,WN,628,0,-3,On time,
LGB,AUS,2025-12-22,12,WN,1226,1,23,Delayed,
CLT,TPA,2025-03-24,3,AA,507,10,7,On time,
ABQ,LGB,2025-02-23,2,WN,664,99,77,Delayed,
FAT,PHX,2025-03-07,3,OO,493,64,73,Delayed,
PVD,DTW,2025-11-21,11,OO,615,-7,-13,On time,
DEN,BWI,2025-12-01,12,UA,1491,6,3,On time,
STS,SNA,2025-02-23,2,OO,433,8,12,On time,
MCO,BOS,2025-01-12,1,B6,1121,-4,-23,On time,
DEN,LGB,2025-01-21,1,WN,854,-3,-22,On time,
EUG,SEA,2025-08-21,8,AS,234,4,-14,On time,
RDU,DCA,2025-06-02,6,OH,227,-10,-12,On time,
CLT,PHL,2025-06-28,6,AA,449,3,-19,On time,
BOS,PIT,2025-10-10,10,YX,496,38,29,Delayed,
DAL,MCO,2025-01-30,1,WN,973,0,4,On time,
AUS,MCO,2025-06-13,6,WN,994,8,2,On time,
ANC,LAX,2025-07-31,7,AS,2345,-5,13,On time,
GTF,AZA,2025-05-15,5,G4,978,19,13,On time,
ATL,AVL,2025-02-08,2,DL,164,-8,4,On time,
DSM,ORD,2025-08-25,8,UA,299,-8,0,On time,
EWR,FLL,2025-10-02,10,NK,1065,-7,49,Delayed,
PHX,SFO,2025-03-05,3,UA,651,-7,-3,On time,
JAC,EWR,2025-01-17,1,UA,1874,289,257,Delayed,
PHX,LAX,2025-01-27,1,F9,370,27,21,Delayed,
ORD,ROC,2025-08-03,8,UA,528,4,-2,On time,
BTR,DFW,2025-09-11,9,OH,383,-6,1,On time,
IAH,LGA,2025-09-21,9,UA,1416,-7,-2,On time,
ATL,SEA,2025-06-03,6,DL,2182,-1,8,On time,
DFW,BOS,2025-05-08,5,AA,1562,-2,-22,On time,
ITO,HNL,2025-10-17,10,WN,216,-7,-17,On time,
JFK,DCA,2025-04-26,4,YX,213,84,94,Delayed,
DEN,CYS,2025-07-17,7,OO,90,-6,-9,On time,
SEA,GEG,2025-02-01,2,AS,224,5,16,Delayed,
STL,BWI,2025-01-04,1,WN,738,38,27,Delayed,
CMH,MSP,2025-06-03,6,DL,626,-7,-18,On time,
SAV,JFK,2025-12-22,12,B6,717,4,2,On time,
MCO,DTW,2025-03-25,3,NK,957,9,12,On time,
SAT,LAS,2025-06-02,6,NK,1069,13,3,On time,
ATL,PHL,2025-07-24,7,DL,666,-3,-13,On time,
EWR,MSP,2025-08-14,8,UA,1008,-4,-23,On time,
ATL,SBN,2025-11-11,11,OO,566,-5,-15,On time,
DFW,MOB,2025-10-31,10,OH,539,-4,-13,On time,
DEN,ORD,2025-06-04,6,UA,888,-4,-1,On time,
BWI,ATL,2025-10-09,10,WN,577,0,-3,On time,
PDX,SEA,2025-03-25,3,OO,129,-8,-22,On time,
SAT,DFW,2025-06-18,6,AA,247,-7,-21,On time,
SJU,FLL,2025-03-04,3,WN,1046,-4,-12,On time,
BOS,ILM,2025-10-12,10,B6,672,-5,-7,On time,
PBI,BOS,2025-01-03,1,B6,1197,-3,-26,On time,
DFW,LIT,2025-06-18,6,MQ,304,-3,-23,On time,
LAS,PDX,2025-10-18,10,WN,763,54,38,Delayed,
ORD,OKC,2025-06-09,6,OO,693,54,66,Delayed,
ATL,BNA,2025-06-22,6,DL,214,-4,15,Delayed,
MCO,MKE,2025-09-27,9,WN,1066,29,25,Delayed,
IAH,CVG,2025-11-09,11,UA,871,124,118,Delayed,
AUS,SAN,2025-10-13,10,F9,1164,-14,-6,On time,
CMH,LGA,2025-02-03,2,YX,479,-9,-16,On time,
SJC,SEA,2025-06-28,6,OO,696,-10,-21,On time,
SFO,LAX,2025-06-19,6,DL,337,17,15,Delayed,
SFO,MFR,2025-05-21,5,UA,329,27,22,Delayed,
BOS,EWR,2025-07-01,7,UA,200,270,267,Delayed,
MCO,PNS,2025-07-13,7,NK,381,-4,-31,On time,
BOS,SDF,2025-10-31,10,MQ,829,-9,-14,On time,
KOA,OGG,2025-01-20,1,HA,84,-4,-7,On time,
DTW,STL,2025-11-22,11,DL,440,-6,-28,On time,
BOS,SJU,2025-11-22,11,DL,1674,-5,-22,On time,
SJC,MSP,2025-12-14,12,DL,1575,-4,-17,On time,
FAT,PHX,2025-04-25,4,AA,493,-3,3,On time,
PHX,ONT,2025-12-14,12,AA,325,-3,0,On time,
MHT,MDW,2025-06-18,6,WN,838,58,116,Delayed,
AUS,LAX,2025-01-06,1,AA,1242,-6,-14,On time,
LAS,ICT,2025-04-27,4,WN,986,78,104,Delayed,
MCO,DTW,2025-09-20,9,NK,957,-6,-16,On time,
XNA,DFW,2025-07-24,7,MQ,280,28,14,On time,
CLT,ONT,2025-06-14,6,AA,2078,124,133,Delayed,
IND,DEN,2025-05-16,5,UA,977,-9,-22,On time,
CLT,TPA,2025-08-16,8,AA,507,7,23,Delayed,
PDX,SEA,2025-03-11,3,OO,129,-4,-10,On time,
CLT,TPA,2025-01-11,1,AA,507,-4,-11,On time,
RNO,SAN,2025-03-25,3,WN,488,-5,-13,On time,
BDL,MSP,2025-02-08,2,DL,1050,-10,-4,On time,
ORD,HPN,2025-10-16,10,MQ,738,16,15,Delayed,
ATL,PHX,2025-10-02,10,DL,1587,-1,0,On time,
PWM,IAD,2025-07-13,7,YX,493,-6,-25,On time,
DFW,ORD,2025-03-07,3,AA,802,-1,-11,On time,
STL,CLT,2025-12-05,12,AA,575,114,97,Delayed,
DCA,ALB,2025-06-20,6,OH,318,101,94,Delayed,
SAN,ATL,2025-09-04,9,DL,1892,-5,-26,On time,
DEN,DFW,2025-06-03,6,AA,641,-6,0,On time,
LGA,MCO,2025-02-25,2,DL,950,-7,-17,On time,
DEN,HSV,2025-12-21,12,OO,1048,135,126,Delayed,
SRQ,IAD,2025-02-16,2,G4,849,91,73,Delayed,
DEN,SEA,2025-02-21,2,AS,1024,-1,-7,On time,
PBI,CLT,2025-05-27,5,AA,590,40,16,Delayed,
MCO,AUS,2025-07-11,7,WN,994,-6,-23,On time,
LEX,ATL,2025-08-14,8,DL,304,-10,-26,On time,
HPN,SJU,2025-11-10,11,B6,1624,0,73,Delayed,
RNO,LAS,2025-02-28,2,WN,345,-2,3,On time,
IAH,PHL,2025-07-07,7,UA,1325,20,30,Delayed,
MLB,CVG,2025-06-16,6,G4,789,8,-7,On time,
LIT,DAL,2025-11-30,11,WN,296,-3,-4,On time,
BIL,SLC,2025-07-21,7,OO,387,-5,-12,On time,
BOS,SFO,2025-11-18,11,B6,2704,-13,-21,On time,
PDX,SEA,2025-07-10,7,OO,129,-2,3,On time,
ATL,MSP,2025-07-23,7,DL,907,0,-4,On time,
ALB,ATL,2025-10-16,10,DL,853,116,96,Delayed,
LAX,SMF,2025-05-27,5,OO,373,9,-2,On time,
JAX,ATL,2025-08-31,8,DL,269,-3,-13,On time,
PIT,PHL,2025-01-16,1,YX,268,-13,-5,On time,
EWR,PBI,2025-07-13,7,UA,1024,-6,2,On time,
HNL,OGG,2025-06-28,6,WN,100,-1,-9,On time,
LGA,FLL,2025-04-16,4,DL,1076,0,-16,On time,
PHX,IAD,2025-03-23,3,WN,1956,65,69,Delayed,
FAR,ORD,2025-02-27,2,MQ,557,7,7,On time,
DEN,MSP,2025-11-25,11,DL,680,-4,-4,On time,
DFW,SAT,2025-04-12,4,AA,247,0,-5,On time,
ORD,GRR,2025-03-21,3,YX,137,-2,-18,On time,
TPA,ATL,2025-08-15,8,DL,406,15,-5,On time,
IAH,BOS,2025-03-31,3,UA,1597,85,48,Delayed,
ORD,MLI,2025-02-19,2,OO,139,-7,-19,On time,
ORF,DTW,2025-10-13,10,DL,529,-2,-23,On time,
SFB,FNT,2025-01-04,1,G4,988,-10,-4,On time,
IND,PHX,2025-04-29,4,WN,1488,6,-5,On time,
SLC,ORD,2025-06-29,6,DL,1250,34,32,Delayed,
CAE,DCA,2025-10-12,10,OH,408,11,15,Delayed,
PDX,SEA,2025-07-14,7,DL,129,-2,-1,On time,
DFW,BNA,2025-12-09,12,AA,631,1,16,Delayed,
DEN,BOI,2025-06-15,6,WN,649,4,54,Delayed,
BNA,DTW,2025-10-10,10,DL,456,-6,-13,On time,
MCO,OKC,2025-07-10,7,WN,1069,-2,-13,On time,
DFW,LRD,2025-01-31,1,MQ,396,8,11,On time,
CLT,JAX,2025-03-04,3,AA,328,-8,-8,On time,
LAS,AUS,2025-12-02,12,DL,1090,-8,-24,On time,
ATL,DAL,2025-06-03,6,DL,721,46,78,Delayed,
FLL,EWR,2025-08-09,8,NK,1065,9,-8,On time,
LGA,DTW,2025-12-23,12,NK,502,-1,-10,On time,
MYR,ATL,2025-04-12,4,DL,317,-12,-19,On time,
LBB,DFW,2025-06-23,6,MQ,282,-6,-5,On time,
TYS,EYW,2025-12-12,12,G4,787,-13,-27,On time,
ATL,ROA,2025-08-09,8,DL,357,-8,-25,On time,
DFW,BNA,2025-05-19,5,AA,631,34,25,Delayed,
PHX,ORD,2025-03-06,3,UA,1440,-8,-32,On time,
TPA,DFW,2025-05-11,5,AA,929,-2,-23,On time,
MDW,MCO,2025-09-11,9,WN,990,2,-5,On time,
BOS,DCA,2025-05-25,5,YX,399,30,42,Delayed,
RDU,MIA,2025-07-13,7,AA,700,-5,4,On time,
ORD,BOS,2025-12-30,12,YX,867,31,28,Delayed,
IAH,BWI,2025-07-05,7,UA,1235,66,64,Delayed,
EWR,DTW,2025-05-11,5,DL,488,68,56,Delayed,
PHX,LAS,2025-07-19,7,WN,255,28,15,Delayed,
MCO,SYR,2025-03-03,3,F9,1053,-8,-11,On time,
PHX,CLE,2025-10-16,10,AA,1737,-7,-23,On time,
EYW,CLT,2025-05-07,5,AA,736,9,-3,On time,
OMA,ORD,2025-06-11,6,MQ,416,82,133,Delayed,
BUF,ORD,2025-11-06,11,YX,474,-7,-4,On time,
DSM,DEN,2025-10-06,10,OO,589,-4,-9,On time,
DAL,ELP,2025-02-10,2,WN,562,107,107,Delayed,
BWI,ATL,2025-01-26,1,WN,577,-1,-11,On time,
CHA,SFB,2025-11-07,11,G4,490,13,21,Delayed,
CLT,CMH,2025-06-26,6,OH,347,67,47,Delayed,
MCI,BWI,2025-11-29,11,WN,966,36,25,Delayed,
BNA,PIT,2025-01-08,1,WN,462,-2,-5,On time,
SFO,DEN,2025-03-22,3,UA,967,0,-12,On time,
ALB,DTW,2025-11-22,11,OO,489,-11,-11,On time,
DEN,PNS,2025-06-30,6,F9,1179,21,28,Delayed,
OGG,SLC,2025-04-11,4,DL,2935,-9,-2,On time,
ATL,SNA,2025-03-01,3,DL,1919,1,-10,On time,
MSP,BWI,2025-03-21,3,DL,936,96,83,Delayed,
DEN,ATL,2025-11-24,11,DL,1199,-4,-15,On time,
OGG,HNL,2025-07-26,7,HA,101,-2,0,On time,
DEN,SEA,2025-08-03,8,UA,1024,45,38,Delayed,
SLC,GJT,2025-11-21,11,OO,217,-10,-22,On time,
LAS,MKE,2025-09-23,9,WN,1524,3,-14,On time,
ILM,CLT,2025-08-29,8,AA,185,-7,-17,On time,
LGA,GSO,2025-05-12,5,YX,461,-5,5,On time,
BOS,ORF,2025-05-24,5,B6,468,-1,7,On time,
DEN,LAX,2025-06-10,6,DL,862,-2,-15,On time,
TPA,DTW,2025-04-01,4,DL,983,3,-2,On time,
MCO,CLE,2025-02-22,2,F9,895,-13,-29,On time,
SEA,MCO,2025-07-18,7,AS,2554,13,4,On time,
MIA,CMH,2025-02-17,2,AA,990,242,220,Delayed,
JFK,DCA,2025-08-17,8,YX,213,18,30,Delayed,
ECP,ATL,2025-09-14,9,DL,240,1,-16,On time,
MCO,CMH,2025-12-19,12,WN,802,7,1,On time,
PHX,EGE,2025-01-13,1,OO,513,-10,-25,On time,
EWR,PBI,2025-10-13,10,UA,1024,7,13,On time,
HPN,PBI,2025-12-11,12,B6,1056,-14,-29,On time,
TPA,SLC,2025-10-04,10,DL,1888,7,12,On time,
DTW,LAS,2025-01-04,1,DL,1749,20,24,Delayed,
AUS,MCI,2025-09-22,9,WN,650,-5,-5,On time,
ILM,LGA,2025-10-21,10,YX,500,-9,-12,On time,
RDU,ORD,2025-01-09,1,UA,646,3,-19,On time,
DAB,CLT,2025-10-23,10,OH,416,-2,-12,On time,
SFO,KOA,2025-12-22,12,UA,2368,0,9,On time,
MEM,DFW,2025-07-15,7,MQ,431,-4,-7,On time,
SAN,DEN,2025-08-27,8,UA,853,-8,-4,On time,
ORD,CHO,2025-04-06,4,OO,566,11,16,Delayed,
ORF,DTW,2025-06-04,6,OO,529,17,-2,On time,
ASE,LAX,2025-06-07,6,OO,737,-6,-21,On time,
IDA,PHX,2025-01-03,1,OO,695,296,275,Delayed,
CLT,PHX,2025-04-30,4,AA,1773,-4,2,On time,
DTW,DCA,2025-11-23,11,DL,405,-13,0,On time,
BNA,LGB,2025-07-25,7,WN,1785,-1,-9,On time,
ORD,PDX,2025-10-30,10,AA,1739,116,102,Delayed,
LAS,EWR,2025-08-20,8,UA,2227,75,58,Delayed,
PHX,DEN,2025-01-05,1,WN,602,0,4,On time,
PHX,LGB,2025-03-02,3,WN,355,5,-13,On time,
JFK,DFW,2025-12-13,12,AA,1391,-5,-22,On time,
DAY,CLT,2025-06-09,6,OH,370,-2,-6,On time,
ATL,MEM,2025-08-07,8,DL,332,-6,-17,On time,
GFK,LAS,2025-04-06,4,G4,1230,-23,-36,On time,
AUS,ATL,2025-07-23,7,DL,813,63,50,Delayed,
DTW,ATW,2025-12-27,12,OO,296,9,13,On time,
LGA,RSW,2025-07-08,7,DL,1080,3,13,On time,
ORD,SEA,2025-06-21,6,AA,1721,-1,14,On time,
KOA,HNL,2025-10-10,10,HA,163,-2,3,On time,
IND,DFW,2025-09-08,9,AA,761,1,-12,On time,
MCI,PIE,2025-07-17,7,G4,1045,27,25,Delayed,
DAL,VPS,2025-03-04,3,WN,630,13,12,On time,
PHX,SNA,2025-08-08,8,WN,338,0,-8,On time,
CVG,ORD,2025-10-04,10,OO,264,-4,-11,On time,
DFW,ROW,2025-08-03,8,OO,435,-6,-22,On time,
PHL,PBI,2025-07-30,7,AA,951,-1,26,Delayed,
BNA,SLC,2025-04-17,4,DL,1404,142,138,Delayed,
LAX,JFK,2025-02-21,2,AA,2475,-6,-12,On time,
ITO,HNL,2025-07-17,7,HA,216,29,35,Delayed,
DFW,ORD,2025-04-04,4,AA,802,26,19,Delayed,
PHX,OKC,2025-06-01,6,MQ,833,-9,-20,On time,
PGD,SYR,2025-01-27,1,G4,1164,-5,-11,On time,
ILM,ATL,2025-10-06,10,DL,377,-11,-20,On time,
MKE,BOS,2025-04-21,4,YX,860,-9,-24,On time,
DEN,OMA,2025-11-11,11,WN,472,-3,-5,On time,
MCO,CLT,2025-03-03,3,AA,468,-7,-4,On time,
SFO,SEA,2025-06-09,6,AS,679,-7,-4,On time,
DEN,COD,2025-07-11,7,OO,391,-3,16,Delayed,
DEN,PHL,2025-07-24,7,F9,1558,120,108,Delayed,
SJU,FLL,2025-11-09,11,WN,1046,22,9,On time,
SFO,MDW,2025-11-19,11,WN,1855,-3,-6,On time,
ATL,LIT,2025-07-12,7,DL,453,1,13,On time,
PHX,ABQ,2025-09-22,9,AA,328,-7,-20,On time,
EWR,TPA,2025-08-15,8,UA,997,-8,-24,On time,
ORD,FSD,2025-08-19,8,OO,462,-1,-28,On time,
LAX,DFW,2025-08-05,8,AA,1235,7,18,Delayed,
LGA,HOU,2025-12-07,12,WN,1428,3,-10,On time,
JFK,TPA,2025-03-12,3,DL,1005,1,-19,On time,
LAS,SEA,2025-03-04,3,AS,867,-3,-19,On time,
DAL,BNA,2025-04-20,4,WN,623,-1,12,On time,
EUG,PHX,2025-06-30,6,AA,952,-1,-13,On time,
BUR,SEA,2025-04-03,4,AS,937,-15,6,On time,
DFW,ONT,2025-11-22,11,AA,1188,14,0,On time,
ACV,SFO,2025-08-21,8,OO,250,-9,-22,On time,
ORD,IAH,2025-02-22,2,AA,925,-10,-16,On time,
DFW,BWI,2025-11-01,11,F9,1217,-9,-37,On time,
GSP,CLT,2025-10-11,10,OH,75,-10,-19,On time,
CLT,MYR,2025-07-23,7,AA,157,-6,0,On time,
PHL,SFO,2025-04-18,4,AA,2521,4,-4,On time,
MSY,DAL,2025-09-25,9,WN,437,2,-6,On time,
SLC,DEN,2025-03-26,3,DL,391,-6,-15,On time,
AUS,MSY,2025-09-09,9,WN,445,-5,4,On time,
DFW,PIA,2025-02-17,2,MQ,672,-1,-13,On time,
SLC,BWI,2025-04-16,4,DL,1865,-11,-21,On time,
TYS,DCA,2025-01-27,1,OH,437,-6,-15,On time,
DCA,ATL,2025-10-06,10,DL,547,-9,-14,On time,
ILM,DFW,2025-05-31,5,MQ,1106,46,32,Delayed,
MSY,DFW,2025-03-22,3,AA,447,621,606,Delayed,
DTW,DCA,2025-06-22,6,DL,405,11,-1,On time,
MDW,LAX,2025-08-23,8,WN,1751,-4,7,On time,
GGG,DFW,2025-11-04,11,MQ,140,-5,-2,On time,
CLT,JAX,2025-04-30,4,AA,328,0,5,On time,
PVD,DTW,2025-06-24,6,OO,615,9,-4,On time,
LAS,DFW,2025-07-28,7,NK,1055,-2,57,Delayed,
BNA,FLL,2025-06-02,6,NK,793,-3,-7,On time,
PHX,SAN,2025-09-01,9,F9,304,-8,-21,On time,
RDU,EWR,2025-02-11,2,UA,416,-6,-11,On time,
SAT,ATL,2025-11-16,11,DL,874,-7,-23,On time,
DFW,CLE,2025-09-27,9,AA,1021,152,144,Delayed,
HPN,DTW,2025-05-17,5,OO,505,0,4,On time,
LAX,MCO,2025-08-09,8,F9,2218,-5,-1,On time,
SEA,RDM,2025-02-10,2,OO,228,-15,-29,On time,
DCA,ORD,2025-12-09,12,UA,612,-8,-17,On time,
PHX,ABQ,2025-05-30,5,WN,328,-5,7,On time,
MIA,DCA,2025-01-03,1,AA,919,-6,-16,On time,
SFO,SMF,2025-10-06,10,OO,86,-2,1,On time,
PDX,SEA,2025-07-08,7,OO,129,-11,-10,On time,
DFW,IAD,2025-04-26,4,AA,1172,41,34,Delayed,
MSP,OMA,2025-11-14,11,OO,282,9,-4,On time,
SJC,BWI,2025-07-19,7,WN,2439,7,-3,On time,
DTW,RSW,2025-01-28,1,DL,1084,-6,-37,On time,
MAF,IAH,2025-06-22,6,OO,429,-1,4,On time,
STL,MDW,2025-10-31,10,WN,251,-1,-6,On time,
VPS,ATL,2025-02-16,2,DL,250,5,-7,On time,
PGD,DAY,2025-01-16,1,G4,904,-19,-9,On time,
DTW,LAS,2025-10-26,10,NK,1749,-8,-8,On time,
HNL,OGG,2025-03-13,3,WN,100,-3,-11,On time,
ONT,SFO,2025-06-20,6,UA,363,-4,-9,On time,
MKE,MCO,2025-11-22,11,WN,1066,-5,-27,On time,
DFW,COU,2025-04-19,4,MQ,490,-1,-3,On time,
ORF,ATL,2025-11-02,11,DL,516,42,53,Delayed,
ORD,CID,2025-12-11,12,MQ,196,-3,-15,On time,
CLT,DEN,2025-01-05,1,AA,1337,6,-11,On time,
DEN,BNA,2025-11-03,11,UA,1013,-2,7,On time,
BOS,ATL,2025-07-07,7,B6,946,15,14,On time,
AUS,ELP,2025-09-29,9,WN,528,-3,-3,On time,
ORD,MSP,2025-06-01,6,MQ,334,-3,-10,On time,
DFW,BDL,2025-08-29,8,AA,1471,6,1,On time,
SFO,HNL,2025-12-16,12,HA,2398,52,78,Delayed,
MEM,DEN,2025-08-01,8,WN,872,142,140,Delayed,
ATL,EWR,2025-10-22,10,UA,746,-3,-20,On time,
ORD,BOS,2025-10-11,10,MQ,867,2,-9,On time,
TPA,EWR,2025-08-15,8,UA,997,-4,-22,On time,
SAN,OAK,2025-09-29,9,WN,446,-4,-18,On time,
BWI,SAV,2025-10-10,10,WN,548,0,-3,On time,
SEA,PSC,2025-12-15,12,AS,172,-3,-8,On time,
HOU,LAS,2025-05-22,5,WN,1235,0,-6,On time,
SAT,PHL,2025-06-16,6,AA,1496,51,51,Delayed,
MIA,BOS,2025-05-26,5,B6,1258,-6,-20,On time,
LAS,BZN,2025-03-01,3,WN,701,-3,-19,On time,
ATL,IAH,2025-02-19,2,DL,689,17,7,On time,
IAH,MSP,2025-02-26,2,DL,1034,3,-2,On time,
DAL,STL,2025-07-29,7,WN,546,-5,-17,On time,
BNA,ECP,2025-04-16,4,WN,401,-4,-16,On time,
DFW,MLI,2025-09-21,9,MQ,691,-3,-19,On time,
SLC,DFW,2025-12-28,12,AA,989,-8,-41,On time,
XNA,PHX,2025-07-03,7,MQ,1023,-8,-10,On time,
LGA,ATL,2025-08-14,8,DL,762,113,76,Delayed,
DAL,RDU,2025-10-01,10,WN,1052,23,16,Delayed,
SEA,HNL,2025-10-05,10,HA,2677,10,-18,On time,
ORD,MSN,2025-09-02,9,MQ,108,0,10,On time,
GJT,PHX,2025-08-10,8,MQ,438,22,70,Delayed,
CLT,SBN,2025-08-29,8,OH,534,95,88,Delayed,
DEN,MSO,2025-07-30,7,OO,679,-5,-6,On time,
BWI,SAV,2025-06-30,6,WN,549,15,10,On time,
AUS,SJC,2025-12-19,12,WN,1476,27,17,Delayed,
SUX,ORD,2025-06-05,6,OO,436,-9,-4,On time,
MSY,EWR,2025-02-21,2,UA,1167,12,7,On time,
JFK,LAS,2025-11-05,11,AA,2248,-1,-31,On time,
SFO,MCO,2025-08-10,8,AS,2446,-3,6,On time,
JFK,RDU,2025-04-03,4,B6,427,34,43,Delayed,
STL,LGA,2025-01-15,1,WN,888,-3,-14,On time,
MLI,DFW,2025-03-11,3,MQ,691,-14,-20,On time,
SNA,OAK,2025-11-14,11,WN,371,14,11,On time,
BNA,DEN,2025-07-04,7,UA,1013,1,-8,On time,
MIA,AUS,2025-06-26,6,AA,1103,6,23,Delayed,
DEN,MSY,2025-01-20,1,WN,1062,6,-3,On time,
SEA,SJC,2025-06-06,6,AS,696,-5,-2,On time,
ORD,DEN,2025-08-08,8,WN,888,-4,-17,On time,
LGA,PWM,2025-02-18,2,YX,269,-3,1,On time,
SNA,LAS,2025-06-06,6,OO,226,-7,-5,On time,
BRW,ANC,2025-08-23,8,AS,725,-14,-28,On time,
ABQ,HOU,2025-10-14,10,WN,759,24,15,Delayed,
DFW,MSN,2025-11-20,11,AA,821,0,4,On time,
CLT,OKC,2025-05-07,5,OH,940,-5,4,On time,
PHL,MIA,2025-03-26,3,AA,1013,-2,-9,On time,
MSP,CLT,2025-02-21,2,DL,930,29,4,On time,
ORD,BOS,2025-09-29,9,AA,867,-5,22,Delayed,
MIA,LAS,2025-10-08,10,AA,2174,-6,-12,On time,
ELP,HOU,2025-01-11,1,WN,677,-6,-7,On time,
PHL,FLL,2025-11-18,11,AA,993,109,92,Delayed,
WRG,KTN,2025-03-23,3,AS,82,-14,14,On time,
PWM,LGA,2025-02-05,2,YX,269,-1,5,On time,
MCO,BNA,2025-02-27,2,NK,616,-9,-21,On time,
PHX,MEM,2025-05-15,5,AA,1264,-1,-17,On time,
TYS,ATL,2025-12-15,12,DL,152,-18,-34,On time,
MDW,ATL,2025-05-12,5,DL,591,-7,-15,On time,
DTW,SAN,2025-07-15,7,DL,1956,-6,-8,On time,
ATL,LGA,2025-07-07,7,DL,762,-4,-5,On time,
SFB,TYS,2025-09-03,9,G4,511,-1,1,On time,
MCO,CLE,2025-03-06,3,F9,895,-7,19,Delayed,
SEA,MSP,2025-09-19,9,AS,1399,5,22,Delayed,
DTW,DFW,2025-09-19,9,DL,986,138,147,Delayed,
ORD,SNA,2025-04-16,4,AA,1726,-8,-6,On time,
SLC,DEN,2025-11-20,11,OO,391,-11,-20,On time,
MIA,SMF,2025-05-30,5,AA,2552,-9,1,On time,
ATL,PNS,2025-05-28,5,DL,271,-5,-11,On time,
RNO,LGB,2025-05-21,5,WN,402,37,28,Delayed,
ORD,PHX,2025-07-27,7,AA,1440,-5,-16,On time,
BWI,ATL,2025-06-04,6,DL,577,2,8,On time,
LAX,EWR,2025-11-25,11,UA,2454,23,33,Delayed,
GEG,SEA,2025-07-27,7,OO,224,-10,-15,On time,
LAX,MDW,2025-12-12,12,WN,1751,22,-3,On time,
FLL,ATL,2025-05-15,5,NK,581,-2,-9,On time,
GJT,DEN,2025-03-10,3,OO,212,0,-13,On time,
MCO,DEN,2025-12-12,12,F9,1547,-13,-46,On time,
LAX,PDX,2025-12-17,12,DL,833,-9,-9,On time,
IAH,AUS,2025-05-26,5,UA,140,1,-10,On time,
DEN,ORD,2025-02-25,2,AA,888,-9,-40,On time,
DEN,ATL,2025-03-04,3,DL,1199,-5,-15,On time,
EWR,IAD,2025-01-01,1,UA,212,37,69,Delayed,
DFW,ELP,2025-04-23,4,AA,551,225,245,Delayed,
BNA,VPS,2025-06-23,6,WN,389,-5,-29,On time,
DCA,BNA,2025-09-21,9,YX,562,-6,9,On time,
BOS,RDU,2025-12-20,12,F9,612,16,9,On time,
DTW,MSN,2025-02-21,2,OO,311,137,124,Delayed,
EWR,MIA,2025-07-13,7,UA,1085,-6,-15,On time,
MIA,LGA,2025-11-16,11,AA,1096,10,14,On time,
LAS,DEN,2025-12-22,12,F9,628,-13,-6,On time,
DAL,MAF,2025-10-15,10,WN,319,-2,-12,On time,
IND,LAS,2025-07-24,7,WN,1590,13,-1,On time,
TUS,PHX,2025-12-27,12,AA,109,-8,-16,On time,
IND,MSP,2025-03-14,3,DL,503,4,-5,On time,
SEA,SBP,2025-10-16,10,AS,847,11,-7,On time,
DCA,MIA,2025-12-29,12,YX,919,52,87,Delayed,
CHS,ATL,2025-05-10,5,DL,259,37,61,Delayed,
IAH,SFO,2025-10-07,10,UA,1635,-1,-1,On time,
BUR,HOU,2025-09-22,9,WN,1389,13,5,On time,
SNA,ORD,2025-12-11,12,UA,1726,3,15,Delayed,
ORD,LGA,2025-03-07,3,OO,733,100,95,Delayed,
SLC,EUG,2025-03-20,3,OO,618,-6,10,On time,
DCA,MYR,2025-10-11,10,OH,372,133,142,Delayed,
DFW,CMH,2025-02-18,2,AA,926,61,47,Delayed,
SEA,PSP,2025-03-29,3,AS,987,-4,-29,On time,
DFW,GRI,2025-08-25,8,OO,562,-6,-8,On time,
MDW,DCA,2025-10-11,10,WN,601,-3,-9,On time,
ORD,EVV,2025-12-08,12,MQ,272,10,-12,On time,
PHX,DTW,2025-03-05,3,DL,1671,-4,-29,On time,
LAX,LAS,2025-08-24,8,WN,236,83,83,Delayed,
BNA,EWR,2025-06-23,6,UA,748,-2,-2,On time,
SEA,OGG,2025-10-12,10,AS,2639,3,-9,On time,
SAN,SMF,2025-10-31,10,WN,480,-1,-2,On time,
DFW,ATL,2025-10-20,10,DL,731,28,31,Delayed,
DEN,SRQ,2025-03-26,3,WN,1531,6,0,On time,
PHX,TUL,2025-07-19,7,MQ,935,0,-12,On time,
BUF,DTW,2025-02-23,2,DL,241,8,-15,On time,
CLT,LGA,2025-09-24,9,AA,544,44,53,Delayed,
DAL,ONT,2025-11-15,11,WN,1200,1,-21,On time,
LAS,SAN,2025-04-25,4,WN,258,32,26,Delayed,
MIA,LAX,2025-07-05,7,AA,2342,-2,-7,On time,
LAS,MSP,2025-02-20,2,DL,1299,2,-3,On time,
DCA,RSW,2025-04-11,4,AA,892,1,28,Delayed,
SJC,LAX,2025-06-29,6,WN,308,18,10,On time,
PHX,FAT,2025-11-14,11,AA,493,0,-7,On time,
SAN,SMF,2025-04-20,4,WN,480,34,26,Delayed,
CHS,PHL,2025-01-29,1,AA,550,-9,-17,On time,
AZO,ORD,2025-06-20,6,MQ,122,-6,-20,On time,
BWI,CLT,2025-03-17,3,AA,361,-1,-3,On time,
ATL,HSV,2025-01-19,1,DL,151,-5,-20,On time,
ORD,MSY,2025-05-18,5,NK,837,-2,-13,On time,
LAS,RNO,2025-08-02,8,NK,345,-13,-15,On time,
ATL,DAY,2025-05-29,5,DL,432,6,3,On time,
CLT,DEN,2025-04-11,4,AA,1337,86,83,Delayed,
ATL,IAH,2025-05-13,5,UA,689,-5,-6,On time,
CLT,JAN,2025-04-29,4,OH,562,-6,-4,On time,
CLT,TPA,2025-11-24,11,AA,507,-5,-4,On time,
PHX,EWR,2025-07-06,7,UA,2133,-7,-7,On time,
SFO,ONT,2025-11-15,11,UA,363,-5,-4,On time,
PDX,LAS,2025-06-10,6,WN,763,-6,-11,On time,
CLT,MSY,2025-10-03,10,AA,650,-3,-22,On time,
STL,DEN,2025-07-08,7,WN,770,-1,-14,On time,
ATL,CAE,2025-10-17,10,DL,192,9,9,On time,
TPA,ATL,2025-10-08,10,DL,406,99,93,Delayed,
DFW,MEM,2025-04-27,4,AA,431,-2,-4,On time,
LAS,CLE,2025-01-15,1,F9,1824,-14,-4,On time,
DEN,SLC,2025-05-09,5,WN,391,14,-4,On time,
BWI,ORD,2025-05-10,5,UA,622,-11,-8,On time,
ATL,CLT,2025-03-03,3,OH,226,-11,-10,On time,
IAD,BDL,2025-01-16,1,UA,325,-4,-10,On time,
APN,DTW,2025-07-24,7,OO,198,35,19,Delayed,
BOS,BWI,2025-10-03,10,WN,369,20,8,On time,
LIH,DEN,2025-01-03,1,UA,3414,-13,8,On time,
LAS,SJC,2025-05-11,5,NK,386,-2,-8,On time,
CLT,IAH,2025-08-10,8,AA,912,3,7,On time,
STS,SNA,2025-10-25,10,OO,433,58,41,Delayed,
TUS,DAL,2025-10-07,10,WN,824,0,-25,On time,
ORD,GRR,2025-09-23,9,UA,137,12,7,On time,
CLT,MCO,2025-07-21,7,F9,468,-7,-19,On time,
MDW,PVD,2025-05-11,5,WN,842,3,-9,On time,
DAL,DEN,2025-08-04,8,WN,651,32,55,Delayed,
PBI,BOS,2025-10-03,10,B6,1197,-8,-21,On time,
VPS,BNA,2025-09-03,9,WN,389,-7,-17,On time,
DEN,CVG,2025-12-28,12,UA,1069,38,67,Delayed,
ORD,TUL,2025-02-03,2,MQ,585,-6,-16,On time,
PHL,DFW,2025-01-30,1,AA,1303,-10,5,On time,
SAT,DFW,2025-06-23,6,MQ,247,-6,11,On time,
DFW,SLC,2025-09-08,9,DL,989,-12,-14,On time,
BWI,ROC,2025-02-21,2,WN,277,-2,-12,On time,
PIE,LEX,2025-12-26,12,G4,707,54,62,Delayed,
LAX,DAL,2025-05-23,5,WN,1246,11,-10,On time,
MSN,DFW,2025-02-14,2,AA,821,16,10,On time,
IAD,ATL,2025-07-27,7,UA,534,179,172,Delayed,
LAS,HNL,2025-01-07,1,HA,2762,8,-19,On time,
IAH,LAS,2025-07-31,7,UA,1222,-6,-25,On time,
SEA,HNL,2025-07-01,7,HA,2677,47,76,Delayed,
BOS,MKE,2025-11-29,11,YX,860,-9,5,On time,
LAS,SMF,2025-07-16,7,WN,397,9,-5,On time,
LIH,LAX,2025-02-28,2,HA,2615,29,16,Delayed,
SYR,ORD,2025-08-10,8,YX,607,7,-12,On time,
TPA,ATL,2025-11-15,11,F9,406,-8,-11,On time,
IAH,DSM,2025-06-03,6,UA,802,-1,8,On time,
BTV,PHL,2025-12-01,12,OH,335,-2,43,Delayed,
TPA,DEN,2025-01-05,1,UA,1506,215,226,Delayed,
SLC,BNA,2025-04-04,4,DL,1404,-9,46,Delayed,
SFB,CAE,2025-07-13,7,G4,356,61,49,Delayed,
DFW,LBB,2025-07-27,7,MQ,282,36,25,Delayed,
LEX,ATL,2025-11-10,11,DL,304,2,-10,On time,
PHL,CLT,2025-01-17,1,AA,449,9,-2,On time,
DEN,TUS,2025-08-24,8,WN,639,-9,-16,On time,
FAR,DFW,2025-07-25,7,MQ,967,7,-2,On time,
DTW,ORD,2025-03-13,3,DL,235,-1,6,On time,
MSP,MOT,2025-04-14,4,OO,449,6,13,On time,
ORD,MCO,2025-02-23,2,AA,1005,-5,-3,On time,
PIE,OMA,2025-02-17,2,G4,1188,22,23,Delayed,
MCO,BWI,2025-01-25,1,WN,787,12,-8,On time,
IAD,CLE,2025-10-13,10,UA,287,-4,-10,On time,
HOU,HRL,2025-08-01,8,WN,277,-1,-14,On time,
DTW,DEN,2025-10-08,10,DL,1123,-7,-24,On time,
CLT,DAB,2025-11-04,11,OH,416,40,28,Delayed,
DFW,SNA,2025-09-10,9,AA,1205,-6,-21,On time,
DCA,DAL,2025-03-28,3,WN,1184,-5,-18,On time,
KOA,HNL,2025-01-08,1,HA,163,3,15,Delayed,
MTJ,DEN,2025-11-23,11,WN,197,-4,-26,On time,
DFW,SEA,2025-11-21,11,AA,1660,79,51,Delayed,
MEM,CLT,2025-10-27,10,AA,511,-8,-8,On time,
TPA,DFW,2025-06-13,6,AA,929,34,19,Delayed,
BOS,PHX,2025-10-21,10,B6,2300,-6,-1,On time,
ORF,PHL,2025-07-19,7,OH,212,-11,15,Delayed,
PSP,DEN,2025-03-01,3,UA,776,-10,-20,On time,
DFW,DSM,2025-10-17,10,AA,624,-9,4,On time,
LGA,MYR,2025-04-27,4,NK,563,-10,-8,On time,
ANC,DEN,2025-09-02,9,AS,2405,-7,-32,On time,
DEN,TUS,2025-09-18,9,WN,639,-4,-3,On time,
LAX,DFW,2025-08-13,8,F9,1235,-3,-15,On time,
STL,DCA,2025-05-01,5,OH,719,-10,-10,On time,
ATL,MDW,2025-11-22,11,DL,591,0,4,On time,
MCI,IAH,2025-07-24,7,UA,643,-1,2,On time,
DTW,LAS,2025-12-21,12,DL,1749,7,-7,On time,
ALB,DCA,2025-05-21,5,OH,318,-7,4,On time,
ATL,AGS,2025-09-02,9,DL,143,-2,-13,On time,
BOS,TPA,2025-07-06,7,B6,1185,-6,0,On time,
DFW,DCA,2025-10-18,10,AA,1192,53,31,Delayed,
LAS,CLT,2025-07-22,7,AA,1916,-10,-20,On time,
LAS,BUR,2025-08-03,8,WN,223,1,-7,On time,
IAH,MCO,2025-06-30,6,NK,854,12,19,Delayed,
MIA,LAS,2025-02-01,2,AA,2174,17,4,On time,
BUF,BWI,2025-03-20,3,WN,281,-6,-16,On time,
CLT,RIC,2025-02-08,2,AA,257,-11,-27,On time,
CLT,RIC,2025-01-13,1,AA,257,-3,-12,On time,
RDU,MSP,2025-12-24,12,DL,980,-10,-19,On time,
ATL,MCI,2025-12-09,12,DL,692,-2,-1,On time,
JFK,SFO,2025-07-30,7,DL,2586,-3,-12,On time,
CLT,DTW,2025-03-22,3,AA,500,-7,-19,On time,
IAH,LAS,2025-07-01,7,UA,1222,34,42,Delayed,
MDW,TPA,2025-11-10,11,WN,997,4,-7,On time,
ORD,DTW,2025-01-23,1,OO,235,1,-22,On time,
PHX,RNO,2025-05-19,5,WN,601,-1,3,On time,
DCA,RDU,2025-11-23,11,YX,227,-8,18,Delayed,
MCO,AUS,2025-03-14,3,WN,994,0,-5,On time,
PBI,BWI,2025-10-14,10,WN,883,-1,-1,On time,
DTW,CLT,2025-04-13,4,AA,500,-6,-25,On time,
HNL,LAX,2025-06-22,6,DL,2556,95,86,Delayed,
SLC,SFO,2025-06-23,6,OO,599,7,-20,On time,
LAS,SLC,2025-08-11,8,WN,368,0,-14,On time,
SAN,OAK,2025-06-18,6,WN,446,-1,-3,On time,
ORD,MIA,2025-04-08,4,AA,1197,-1,-14,On time,
ORD,ALB,2025-08-26,8,UA,723,-4,5,On time,
OMA,SFO,2025-08-12,8,OO,1433,-9,-29,On time,
GSP,BNA,2025-04-05,4,WN,265,16,3,On time,
PDX,SLC,2025-10-07,10,DL,630,-6,-9,On time,
SEA,PHX,2025-12-17,12,AS,1107,-8,-11,On time,
SAF,DFW,2025-04-30,4,OO,551,-3,34,Delayed,
DEN,RIW,2025-01-16,1,OO,296,-10,-27,On time,
IAH,SAN,2025-12-05,12,UA,1303,-10,-12,On time,
PDX,LAX,2025-05-22,5,DL,834,-7,-16,On time,
GEG,DEN,2025-06-12,6,WN,836,-5,1,On time,
JAX,DEN,2025-04-15,4,UA,1447,11,4,On time,
TUS,LAX,2025-01-21,1,OO,451,-9,-22,On time,
PNS,DFW,2025-11-06,11,OH,604,6,10,On time,
PIT,EWR,2025-02-21,2,YX,319,-7,-7,On time,
SFO,SEA,2025-09-21,9,OO,679,-6,-22,On time,
SJU,IAH,2025-05-29,5,NK,2007,-6,-36,On time,
DFW,GRK,2025-12-22,12,OO,134,-5,-6,On time,
MKE,LGA,2025-04-28,4,OO,738,-5,-8,On time,
ONT,DFW,2025-12-24,12,F9,1188,-13,-10,On time,
SAT,DAL,2025-07-10,7,WN,247,2,-8,On time,
MSP,CLT,2025-06-19,6,DL,930,-3,-15,On time,
CKB,PIE,2025-03-21,3,G4,798,-18,-29,On time,
ROC,DCA,2025-05-15,5,OH,296,-4,27,Delayed,
DEN,MCI,2025-08-07,8,UA,533,-2,-4,On time,
DEN,MDW,2025-06-21,6,WN,895,-1,-9,On time,
BOS,CMH,2025-08-15,8,YX,640,-7,-16,On time,
MCO,DFW,2025-02-12,2,AA,985,22,32,Delayed,
PSP,PHX,2025-03-09,3,OO,261,7,5,On time,
HNL,ITO,2025-01-17,1,HA,216,6,1,On time,
YUM,PHX,2025-06-05,6,OO,160,-4,-12,On time,
CAE,DFW,2025-03-02,3,MQ,922,-8,-23,On time,
PHX,IAH,2025-03-03,3,UA,1009,-4,-5,On time,
BUR,OAK,2025-09-02,9,WN,325,-5,-13,On time,
ORD,LAS,2025-01-01,1,UA,1514,-3,-9,On time,
HNL,LAS,2025-05-27,5,WN,2762,-1,-12,On time,
LAS,IAH,2025-12-09,12,NK,1222,-12,-11,On time,
FWA,LAS,2025-01-03,1,G4,1649,26,50,Delayed,
PHL,MEM,2025-10-03,10,YX,875,-8,1,On time,
FLL,LGA,2025-09-09,9,DL,1076,-2,-55,On time,
MIA,ISP,2025-07-20,7,WN,1113,1,-5,On time,
LAX,FLL,2025-03-30,3,DL,2343,35,71,Delayed,
BOI,SEA,2025-08-01,8,OO,399,19,55,Delayed,
RSW,ATL,2025-06-06,6,DL,515,-8,-7,On time,
CLE,MCO,2025-11-02,11,F9,895,-10,24,Delayed,
MCI,HOU,2025-07-07,7,WN,666,-7,-15,On time,
DEN,BOS,2025-12-24,12,B6,1754,-3,-17,On time,
LGA,MYR,2025-07-18,7,DL,563,0,-5,On time,
MSY,DEN,2025-11-28,11,WN,1062,24,17,Delayed,
DEN,PSC,2025-06-23,6,UA,852,6,6,On time,
MFE,LAS,2025-08-22,8,G4,1210,0,-28,On time,
SEA,DCA,2025-12-21,12,DL,2329,-8,-21,On time,
STL,ATL,2025-06-06,6,DL,484,-5,-15,On time,
LGA,STL,2025-04-07,4,YX,888,-3,8,On time,
DTW,LGA,2025-06-30,6,NK,502,-2,-7,On time,
MDW,BWI,2025-12-21,12,WN,611,-1,-11,On time,
ATL,LGA,2025-01-28,1,DL,762,-3,-15,On time,
DAL,AUS,2025-01-23,1,WN,189,-5,-5,On time,
PHX,BNA,2025-05-08,5,WN,1449,0,-15,On time,
LIH,SEA,2025-05-07,5,DL,2701,-4,-36,On time,
MCO,PIT,2025-05-10,5,NK,834,14,10,On time,
SAN,PDX,2025-04-21,4,AS,933,1,13,On time,
MSP,BIS,2025-09-27,9,OO,386,-5,-11,On time,
SEA,ATL,2025-08-13,8,DL,2182,4,-8,On time,
MCO,HPN,2025-10-06,10,B6,972,-7,-2,On time,
SAT,DFW,2025-01-27,1,AA,247,-7,-14,On time,
OGG,HNL,2025-02-25,2,WN,100,-4,-8,On time,
DCA,PVD,2025-07-07,7,OH,356,-9,-17,On time,
DCA,BDL,2025-05-11,5,AA,313,-6,-19,On time,
SGU,SLC,2025-04-22,4,OO,272,-10,-13,On time,
ATL,AUS,2025-03-18,3,WN,813,-9,-21,On time,
BDL,DCA,2025-11-30,11,YX,313,-2,-8,On time,
RSW,EWR,2025-11-14,11,UA,1068,-16,-18,On time,
MSP,GRR,2025-10-15,10,OO,408,-4,-8,On time,
LAS,HNL,2025-12-23,12,WN,2762,9,1,On time,
LGA,SDF,2025-05-13,5,YX,659,-15,-38,On time,
ORD,DSM,2025-05-06,5,UA,299,10,3,On time,
SEA,MSP,2025-08-09,8,AS,1399,56,43,Delayed,
DFW,SEA,2025-09-05,9,AA,1660,-1,-8,On time,
LGA,PWM,2025-04-04,4,YX,269,228,215,Delayed,
EWR,FLL,2025-03-10,3,UA,1065,-8,-1,On time,
MDW,RDU,2025-06-02,6,WN,632,-6,-8,On time,
ORD,COS,2025-10-10,10,OO,911,7,46,Delayed,
EGE,IAH,2025-02-20,2,UA,934,2,-12,On time,
CLT,TLH,2025-05-23,5,OH,386,52,48,Delayed,
LAS,KOA,2025-05-20,5,WN,2717,-7,-10,On time,
LAS,PDX,2025-03-10,3,NK,763,-5,-30,On time,
IND,EWR,2025-09-01,9,YX,645,-1,-2,On time,
DCA,ORD,2025-07-18,7,UA,612,-5,16,Delayed,
SFO,PSP,2025-09-08,9,OO,421,13,19,Delayed,
ORD,FAT,2025-08-28,8,UA,1730,10,13,On time,
SAT,OKC,2025-11-10,11,WN,407,-4,-8,On time,
GRR,ORD,2025-10-05,10,OO,137,9,30,Delayed,
AUS,ONT,2025-03-25,3,WN,1196,-1,-16,On time,
SDF,DEN,2025-09-14,9,UA,1024,2,-19,On time,
ORD,EWR,2025-05-05,5,UA,719,322,330,Delayed,
SLC,GTF,2025-12-29,12,OO,463,10,9,On time,
MTJ,DFW,2025-07-07,7,AA,722,0,23,Delayed,
LAS,OGG,2025-09-04,9,HA,2695,-2,-11,On time,
SEA,ATL,2025-02-10,2,AS,2182,-6,-1,On time,
PSP,PHX,2025-11-02,11,OO,261,-9,-22,On time,
LAX,SBP,2025-06-12,6,OO,156,-2,-16,On time,
TUS,SLC,2025-07-22,7,OO,600,-12,-27,On time,
ATL,MIA,2025-09-18,9,AA,594,13,3,On time,
EWR,TPA,2025-08-12,8,UA,997,-2,-15,On time,
CVG,ORD,2025-02-24,2,YX,264,-14,-28,On time,
MCO,JFK,2025-01-29,1,DL,944,-4,3,On time,
SJU,TPA,2025-06-03,6,B6,1237,3,-12,On time,
JAX,ATL,2025-05-23,5,DL,270,-3,-10,On time,
SFO,DEN,2025-05-15,5,UA,967,17,10,On time,
SJC,PHX,2025-04-18,4,WN,621,2,6,On time,
DFW,EWR,2025-01-26,1,NK,1372,-2,-26,On time,
LAS,SBN,2025-04-13,4,G4,1594,31,-10,On time,
DTW,MSP,2025-09-18,9,DL,528,143,139,Delayed,
SEA,PDX,2025-05-09,5,OO,129,-10,-17,On time,
GJT,DEN,2025-11-18,11,UA,212,-9,-22,On time,
MCO,DCA,2025-12-11,12,DL,759,15,11,On time,
TYS,DCA,2025-11-16,11,OH,437,-8,-30,On time,
MCO,ISP,2025-01-30,1,F9,971,-9,-16,On time,
ATL,TPA,2025-09-11,9,WN,406,-4,-9,On time,
SAN,MIA,2025-09-02,9,AA,2267,-3,-27,On time,
SFO,DTW,2025-04-12,4,DL,2079,-5,-14,On time,
SFO,TPA,2025-04-07,4,UA,2393,-13,-23,On time,
TPA,PHL,2025-02-21,2,F9,920,23,0,On time,
HOU,DFW,2025-12-10,12,OH,247,-13,-5,On time,
PNS,FLL,2025-07-06,7,NK,525,-12,-7,On time,
JFK,SAV,2025-04-28,4,B6,718,-12,-27,On time,
COU,DFW,2025-12-06,12,MQ,490,28,19,Delayed,
PHX,ORD,2025-01-31,1,AA,1440,-3,15,Delayed,
SEA,EWR,2025-01-13,1,AS,2402,35,13,On time,
IND,IAD,2025-07-31,7,YX,476,266,274,Delayed,
BWI,MCI,2025-06-14,6,WN,967,143,133,Delayed,
ATL,MCO,2025-04-19,4,WN,404,-5,-14,On time,
LAX,ATL,2025-04-21,4,DL,1947,7,1,On time,
HOU,TYS,2025-10-05,10,G4,782,-7,-1,On time,
MDW,STL,2025-12-02,12,WN,251,0,-9,On time,
ONT,PDX,2025-04-01,4,AS,838,-13,-8,On time,
ACT,DFW,2025-03-13,3,OO,89,-10,-10,On time,
ORD,EWR,2025-01-19,1,UA,719,-1,-6,On time,
MSP,MOT,2025-12-25,12,OO,449,-10,-40,On time,
DTW,MBS,2025-11-12,11,OO,98,-5,-19,On time,
MSP,RSW,2025-12-12,12,DL,1416,8,24,Delayed,
SLC,DEN,2025-07-20,7,DL,391,-6,-19,On time,
TLH,ATL,2025-12-22,12,DL,223,-1,-11,On time,
XWA,MSP,2025-04-16,4,OO,553,17,13,On time,
DTW,MCO,2025-05-05,5,NK,957,-4,-20,On time,
SJU,MIA,2025-02-09,2,F9,1045,35,24,Delayed,
LAS,DFW,2025-09-27,9,AA,1055,-7,-30,On time,
SEA,FAI,2025-05-21,5,AS,1533,29,33,Delayed,
CLT,MSP,2025-10-04,10,AA,930,50,40,Delayed,
BOS,MCO,2025-05-28,5,B6,1121,-12,-15,On time,
CLT,TPA,2025-08-27,8,AA,507,-3,10,On time,
SNA,DEN,2025-04-22,4,UA,846,3,0,On time,
SFO,LAS,2025-08-26,8,AS,414,-9,-8,On time,
SMF,IAH,2025-04-07,4,UA,1609,-11,-21,On time,
DCA,DTW,2025-06-23,6,OH,405,132,103,Delayed,
CID,ORD,2025-07-08,7,MQ,196,13,9,On time,
DEN,SBP,2025-05-23,5,UA,931,-3,-1,On time,
LAX,CMH,2025-06-30,6,AA,1995,52,60,Delayed,
SAT,LAS,2025-01-01,1,WN,1069,-2,-7,On time,
CLT,AVP,2025-08-25,8,OH,509,-5,-14,On time,
MDW,GRR,2025-07-11,7,WN,137,34,35,Delayed,
MSY,BOS,2025-02-25,2,B6,1368,-16,-35,On time,
LEX,PGD,2025-05-23,5,G4,781,50,37,Delayed,
XNA,DFW,2025-04-19,4,MQ,280,7,22,Delayed,
CMH,FLL,2025-07-06,7,WN,973,93,81,Delayed,
IAH,ORD,2025-04-03,4,UA,925,-6,-29,On time,
SNA,SMF,2025-11-04,11,WN,404,-6,-10,On time,
PHX,DEN,2025-10-31,10,UA,602,-10,-23,On time,
BWI,BOS,2025-04-11,4,WN,369,182,182,Delayed,
PHX,MDW,2025-10-19,10,WN,1444,17,16,Delayed,
LAS,CVG,2025-12-22,12,F9,1678,4,33,Delayed,
DFW,LGA,2025-07-10,7,NK,1389,0,-4,On time,
BOS,LAS,2025-12-12,12,B6,2381,31,18,Delayed,
ALB,CLT,2025-11-29,11,AA,646,0,-23,On time,
DEN,SJC,2025-09-22,9,WN,948,-6,-8,On time,
DTW,CIU,2025-03-21,3,OO,284,-9,-24,On time,
CLE,DEN,2025-08-08,8,UA,1201,-1,-34,On time,
SLC,GTF,2025-08-21,8,OO,463,-9,-19,On time,
DTW,DFW,2025-12-21,12,DL,986,-3,-17,On time,
SYR,CLT,2025-07-10,7,AA,603,-4,-2,On time,
HSV,DFW,2025-06-15,6,MQ,603,115,108,Delayed,
PHL,MDW,2025-02-09,2,WN,668,-4,54,Delayed,
CMH,MDW,2025-09-15,9,WN,283,-5,-8,On time,
OKC,LAX,2025-03-25,3,OO,1187,-6,-38,On time,
SFO,SNA,2025-05-11,5,UA,372,-7,-14,On time,
BWI,MCO,2025-09-15,9,F9,787,-1,-13,On time,
PVD,ORD,2025-11-19,11,AA,849,-6,-8,On time,
MCO,SEA,2025-03-10,3,AS,2554,-5,-14,On time,
MDW,DEN,2025-09-24,9,WN,895,0,-12,On time,
DTW,MCI,2025-03-10,3,DL,629,-6,-22,On time,
SLC,DEN,2025-06-05,6,WN,391,-4,32,Delayed,
SJC,PHX,2025-05-15,5,AA,621,-3,-19,On time,
SJC,BUR,2025-05-11,5,WN,296,-6,-17,On time,
CMH,DCA,2025-04-26,4,OH,323,25,29,Delayed,
MCO,DFW,2025-05-19,5,AA,985,-1,0,On time,
AUS,DAL,2025-11-21,11,WN,189,136,139,Delayed,
BOS,CLE,2025-08-22,8,F9,563,-12,-37,On time,
CVG,IAH,2025-07-13,7,F9,871,10,-5,On time,
SAT,BNA,2025-05-26,5,WN,822,-2,-1,On time,
LAX,SMF,2025-12-12,12,WN,373,12,-1,On time,
LGA,CLE,2025-06-25,6,YX,419,1,-7,On time,
ATL,BNA,2025-07-04,7,DL,214,54,36,Delayed,
SAN,ORD,2025-02-21,2,UA,1723,-9,0,On time,
ABY,ATL,2025-12-12,12,OO,145,-4,-20,On time,
BOS,DFW,2025-05-22,5,DL,1562,80,77,Delayed,
DAL,MCO,2025-06-02,6,WN,973,0,-4,On time,
IAH,MEM,2025-02-10,2,OO,468,-7,-20,On time,
MCO,CMH,2025-09-01,9,WN,802,11,10,On time,
DEN,MEM,2025-07-03,7,WN,872,-3,-2,On time,
SLC,DTW,2025-09-01,9,NK,1481,-10,-5,On time,
JFK,ATL,2025-11-22,11,DL,760,-6,-29,On time,
DFW,PHX,2025-08-10,8,AA,868,-5,-16,On time,
ORD,DTW,2025-05-19,5,DL,235,4,9,On time,
FLL,EWR,2025-10-21,10,B6,1065,14,20,Delayed,
SBN,ORD,2025-09-02,9,OO,84,44,53,Delayed,
SEA,LAS,2025-05-23,5,AS,867,0,6,On time,
IAD,MSP,2025-11-21,11,OO,907,-7,-5,On time,
SFO,DEN,2025-12-05,12,WN,967,-5,-6,On time,
SJC,DFW,2025-07-07,7,AA,1438,-2,-3,On time,
SAV,JFK,2025-02-13,2,YX,718,-3,-14,On time,
LAS,ATL,2025-07-02,7,DL,1747,0,5,On time,
ECP,CLT,2025-06-01,6,AA,437,-4,0,On time,
DAL,BHM,2025-01-21,1,WN,587,-5,-9,On time,
TYS,LAS,2025-05-30,5,G4,1739,-8,-25,On time,
LIH,HNL,2025-03-13,3,HA,102,1,5,On time,
DEN,BWI,2025-10-07,10,WN,1491,22,9,On time,
SMF,SAN,2025-05-15,5,WN,480,-4,-16,On time,
LGA,BOS,2025-12-10,12,YX,184,-7,-25,On time,
TWF,SLC,2025-11-10,11,OO,175,-3,-3,On time,
KOA,SJC,2025-03-16,3,AS,2384,0,-16,On time,
ATL,SAT,2025-10-20,10,WN,874,7,-13,On time,
BWI,PVD,2025-12-16,12,WN,327,-6,10,On time,
GSO,ATL,2025-01-15,1,DL,306,-14,-15,On time,
ORD,OKC,2025-12-30,12,OO,693,44,65,Delayed,
SLC,LGB,2025-08-10,8,DL,588,2,-8,On time,
BWI,MCO,2025-04-24,4,WN,787,44,21,Delayed,
DEN,MEM,2025-10-14,10,UA,872,18,12,On time,
ATL,DCA,2025-05-26,5,AA,547,-3,-15,On time,
EUG,PDX,2025-09-17,9,OO,105,-2,7,On time,
SAN,DFW,2025-10-07,10,AA,1171,-7,-28,On time,
JFK,SAN,2025-10-04,10,B6,2446,-5,3,On time,
BOS,LAX,2025-09-22,9,DL,2611,-6,12,On time,
PSP,OAK,2025-10-26,10,WN,418,24,14,On time,
DEN,SJC,2025-04-06,4,UA,948,-1,-21,On time,
MCO,DEN,2025-01-05,1,F9,1546,26,34,Delayed,
LSE,ORD,2025-08-22,8,MQ,215,-8,-4,On time,
CLT,BDL,2025-10-26,10,AA,644,-2,-21,On time,
ONT,BNA,2025-04-04,4,WN,1751,-5,3,On time,
MCO,PHL,2025-10-23,10,F9,862,-14,-31,On time,
IAD,EWR,2025-03-18,3,YX,212,-7,16,Delayed,
ORD,MCO,2025-06-05,6,UA,1005,4,-3,On time,
HOU,DFW,2025-08-18,8,MQ,247,-7,-7,On time,
STS,BUR,2025-08-07,8,OO,387,22,7,On time,
HSV,CLT,2025-07-24,7,OH,333,-9,-7,On time,
BUR,SFO,2025-07-24,7,OO,326,98,90,Delayed,
SEA,ORD,2025-09-26,9,AS,1721,2,-18,On time,
MCO,LBE,2025-06-10,6,NK,823,-8,-18,On time,
CLT,RSW,2025-03-28,3,AA,600,-6,-11,On time,
LAX,DTW,2025-11-24,11,DL,1979,12,14,On time,
ATL,JAN,2025-09-10,9,DL,340,-6,-19,On time,
MIA,PHL,2025-03-22,3,AA,1013,80,68,Delayed,
DFW,MCO,2025-08-16,8,AA,985,11,29,Delayed,
MDW,HOU,2025-12-19,12,WN,937,16,-5,On time,
LAS,MSP,2025-05-28,5,DL,1299,-5,-9,On time,
DCA,PNS,2025-01-04,1,OH,816,4,-10,On time,
ATL,GNV,2025-12-14,12,DL,300,-10,-20,On time,
PDX,ATL,2025-10-23,10,DL,2172,-10,-18,On time,
ATL,IAD,2025-11-16,11,DL,534,-8,3,On time,
LGA,TPA,2025-04-28,4,DL,1010,-14,-27,On time,
ORD,SMF,2025-01-19,1,UA,1781,-6,-15,On time,
AMA,DAL,2025-08-13,8,WN,323,17,3,On time,
SFO,MRY,2025-03-29,3,OO,77,-5,-23,On time,
PGD,AVL,2025-10-03,10,G4,588,-11,-19,On time,
CLT,ATL,2025-08-05,8,DL,226,16,37,Delayed,
LGB,BNA,2025-11-06,11,WN,1785,-3,-7,On time,
ORD,TUL,2025-05-24,5,OO,585,-9,-21,On time,
MSP,BNA,2025-07-30,7,DL,695,17,15,Delayed,
ATL,DAL,2025-06-19,6,DL,721,42,25,Delayed,
ORD,DFW,2025-03-21,3,AA,802,-4,-4,On time,
BWI,DEN,2025-09-22,9,UA,1491,-8,-25,On time,
DEN,LGA,2025-04-15,4,UA,1620,11,-7,On time,
MSN,CLT,2025-07-10,7,OH,708,-1,-13,On time,
JFK,BUF,2025-11-09,11,B6,301,5,-9,On time,
MSY,DFW,2025-02-16,2,AA,447,6,-3,On time,
CLT,TPA,2025-03-05,3,AA,507,-4,-10,On time,
SFO,IAH,2025-05-16,5,UA,1635,-8,32,Delayed,
LAS,CMH,2025-12-16,12,WN,1771,-3,-1,On time,
ATL,AUS,2025-07-17,7,DL,813,12,33,Delayed,
MTJ,DEN,2025-03-17,3,UA,196,27,12,On time,
LAX,EWR,2025-05-02,5,AS,2454,59,82,Delayed,
CLT,VPS,2025-07-03,7,OH,460,16,0,On time,
LAX,STL,2025-01-09,1,AA,1592,11,19,Delayed,
PIT,AUS,2025-01-06,1,WN,1210,-3,10,On time,
CLT,CRW,2025-10-26,10,OH,221,-7,-25,On time,
SAN,PHL,2025-07-26,7,AA,2370,9,14,On time,
ATL,BDL,2025-09-04,9,DL,859,-1,4,On time,
MIA,SJU,2025-12-07,12,AA,1045,-2,3,On time,
DFW,SWO,2025-10-30,10,OO,225,-12,-23,On time,
ATL,LGA,2025-07-23,7,WN,762,3,-11,On time,
SAT,ATL,2025-01-25,1,DL,874,-3,2,On time,
IND,DEN,2025-05-25,5,WN,977,106,116,Delayed,
MSP,IAH,2025-09-12,9,DL,1034,2,-5,On time,
PSE,MCO,2025-06-29,6,B6,1179,68,60,Delayed,
RIC,CLT,2025-07-22,7,AA,257,-9,-27,On time,
DEN,ICT,2025-08-28,8,UA,420,-8,7,On time,
OMA,ORD,2025-02-06,2,YX,416,-9,-13,On time,
CVG,PHL,2025-08-02,8,OH,507,-3,1,On time,
ORD,LAS,2025-02-01,2,WN,1514,-8,-19,On time,
PWM,DFW,2025-06-26,6,AA,1622,1044,1023,Delayed,
FCA,SLC,2025-02-16,2,DL,531,296,327,Delayed,
PIT,CLT,2025-03-10,3,AA,366,9,14,On time,
PHX,MSP,2025-03-17,3,DL,1276,-3,-29,On time,
PIB,IAH,2025-07-07,7,OO,372,-4,-20,On time,
BWI,SEA,2025-08-06,8,AS,2335,15,2,On time,
TYR,DFW,2025-09-15,9,MQ,102,44,25,Delayed,
AUS,DEN,2025-07-13,7,WN,775,-5,-2,On time,
SFO,DFW,2025-04-28,4,AA,1464,12,22,Delayed,
SJC,DFW,2025-08-12,8,AA,1438,-2,4,On time,
DEN,IAD,2025-06-19,6,WN,1452,37,11,On time,
RIC,BWI,2025-04-22,4,WN,121,4,-4,On time,
DFW,LIT,2025-10-29,10,MQ,304,49,63,Delayed,
ABQ,DFW,2025-06-04,6,AA,569,15,-1,On time,
LAX,KOA,2025-09-07,9,AS,2504,-15,10,On time,
JFK,MIA,2025-09-28,9,DL,1089,13,10,On time,
CVG,ATL,2025-01-05,1,DL,373,2,3,On time,
SDF,MSP,2025-06-12,6,OO,604,0,5,On time,
GSO,LGA,2025-01-08,1,YX,461,-5,-4,On time,
JAN,DFW,2025-06-03,6,OH,408,-8,-20,On time,
ROC,ORD,2025-09-28,9,UA,528,-5,15,Delayed,
ILM,CLT,2025-05-28,5,AA,185,-8,27,Delayed,
DCA,PVD,2025-02-27,2,YX,356,-6,-25,On time,
SGF,CLT,2025-07-02,7,OH,708,-13,-17,On time,
BUR,DAL,2025-12-19,12,WN,1243,-1,-9,On time,
ATL,ORF,2025-11-16,11,DL,516,13,5,On time,
DTW,ORD,2025-01-22,1,OO,235,30,12,On time,
SEA,OMA,2025-12-22,12,AS,1368,-4,-30,On time,
RDU,DEN,2025-01-02,1,F9,1436,-10,-23,On time,
SJU,MIA,2025-06-30,6,AA,1045,-8,-23,On time,
RNO,PHX,2025-06-19,6,AA,601,12,6,On time,
IAD,MIA,2025-09-19,9,UA,922,-10,-16,On time,
DCA,ATL,2025-03-09,3,WN,547,0,9,On time,
SLC,BTM,2025-09-02,9,OO,357,-8,-19,On time,
BNA,ORD,2025-03-09,3,UA,409,4,-7,On time,
PSG,JNU,2025-03-20,3,AS,123,-17,-21,On time,
TPA,AUS,2025-01-20,1,WN,928,0,4,On time,
LAS,ORD,2025-03-31,3,UA,1514,3,-28,On time,
ORD,ROA,2025-07-10,7,OO,530,-2,5,On time,
OKC,DEN,2025-03-16,3,F9,495,-21,-12,On time,
IAD,JAX,2025-08-21,8,YX,631,-3,-23,On time,
EWR,DFW,2025-09-08,9,AA,1372,-9,-28,On time,
ANC,SEA,2025-08-03,8,AS,1448,-3,0,On time,
BNA,RDU,2025-09-06,9,WN,442,-4,-21,On time,
SEA,LAS,2025-11-21,11,DL,867,-8,-19,On time,
DEN,SAT,2025-11-08,11,UA,794,-1,-10,On time,
CMH,BWI,2025-07-13,7,WN,337,-10,-6,On time,
DEN,PSP,2025-02-22,2,OO,776,-6,-34,On time,
ATL,ICT,2025-10-10,10,DL,782,27,35,Delayed,
ATL,CLT,2025-04-09,4,OH,226,-9,-29,On time,
ATL,FWA,2025-08-29,8,OO,508,3,-6,On time,
ATL,AVL,2025-05-13,5,DL,164,-7,-12,On time,
GRR,DTW,2025-08-28,8,OO,120,-5,-4,On time,
PHL,BOS,2025-09-18,9,AA,280,-11,-20,On time,
CLT,LGA,2025-05-31,5,AA,544,3,-6,On time,
DFW,CMH,2025-08-05,8,AA,926,-1,-12,On time,
ONT,DFW,2025-08-02,8,AA,1188,-1,-5,On time,
BLV,VPS,2025-07-01,7,G4,587,25,19,Delayed,
MCO,FLL,2025-08-16,8,NK,177,-11,-21,On time,
SBP,LAX,2025-11-14,11,OO,155,-5,3,On time,
AUS,FLL,2025-07-08,7,NK,1105,-2,4,On time,
FLL,LEX,2025-07-13,7,G4,865,-1,23,Delayed,
MCO,MKE,2025-02-22,2,WN,1066,3,-7,On time,
IAH,SNA,2025-06-22,6,UA,1346,4,2,On time,
SEA,MKE,2025-06-24,6,AS,1694,-3,-18,On time,
ORD,IAD,2025-07-09,7,UA,588,11,14,On time,
DTW,LGA,2025-09-17,9,DL,502,5,47,Delayed,
PIE,LEX,2025-11-09,11,G4,707,-14,-13,On time,
BOS,PHX,2025-05-06,5,B6,2300,26,-13,On time,
BOS,LGA,2025-02-13,2,YX,184,-4,-2,On time,
MCO,SLC,2025-01-16,1,DL,1931,-6,-16,On time,
PDX,SEA,2025-05-28,5,OO,129,-6,9,On time,
PRC,LAX,2025-06-21,6,OO,346,-1,-9,On time,
DEN,SNA,2025-02-06,2,WN,846,0,5,On time,
LAS,ORD,2025-05-01,5,AA,1514,-14,-5,On time,
BWI,MCI,2025-03-25,3,WN,967,-6,-11,On time,
ATL,GSO,2025-05-13,5,DL,306,-3,-2,On time,
ATL,BOS,2025-05-02,5,DL,946,-4,-3,On time,
RDU,BWI,2025-06-29,6,WN,255,35,20,Delayed,
PLN,DTW,2025-09-25,9,OO,243,-10,-32,On time,
MIA,SJU,2025-04-07,4,AA,1045,9,12,On time,
LNK,DEN,2025-11-21,11,OO,423,12,11,On time,
EWR,MCO,2025-01-23,1,B6,937,-10,16,Delayed,
LAS,PHX,2025-08-09,8,AA,255,-6,-21,On time,
MCO,CMH,2025-09-12,9,WN,802,-6,7,On time,
LAS,DEN,2025-01-01,1,F9,628,-1,-8,On time,
LAS,ICT,2025-01-21,1,WN,986,-1,-18,On time,
PHL,MSP,2025-07-12,7,DL,981,402,380,Delayed,
SCC,ANC,2025-01-28,1,AS,626,-2,1,On time,
SEA,SAN,2025-01-31,1,AS,1050,2,1,On time,
DFW,MSP,2025-07-19,7,DL,852,-10,-11,On time,
IND,MSP,2025-04-04,4,DL,503,19,6,On time,
DTW,SEA,2025-12-08,12,AS,1927,-8,12,On time,
SEA,BOI,2025-03-19,3,AS,399,84,99,Delayed,
RSW,ATL,2025-04-01,4,DL,515,0,-17,On time,
AUS,DCA,2025-10-03,10,WN,1315,38,35,Delayed,
SAT,IAH,2025-10-16,10,UA,191,20,31,Delayed,
MIA,EYW,2025-06-08,6,MQ,126,-9,-5,On time,
DEN,IAH,2025-10-09,10,F9,861,-10,-14,On time,
SNA,SLC,2025-08-12,8,DL,588,-6,-12,On time,
MDW,SAV,2025-02-19,2,WN,758,-2,-7,On time,
MKE,MCO,2025-10-19,10,WN,1066,0,9,On time,
BIL,MSP,2025-10-30,10,DL,748,-13,-25,On time,
DFW,SAF,2025-06-03,6,OO,551,2,48,Delayed,
ORD,MSP,2025-03-30,3,UA,334,-4,14,On time,
DEN,FSD,2025-06-24,6,OO,483,-4,-16,On time,
PHX,LAX,2025-11-29,11,OO,370,-9,-12,On time,
SLC,CMH,2025-03-08,3,DL,1528,-8,6,On time,
LAS,HOU,2025-12-07,12,WN,1235,-7,-19,On time,
JAX,IAH,2025-10-20,10,UA,816,-2,-16,On time,
CLE,MSP,2025-08-07,8,DL,622,-5,-19,On time,
RDU,SLC,2025-07-18,7,DL,1824,101,100,Delayed,
DFW,XNA,2025-12-05,12,MQ,280,-1,16,Delayed,
ATL,LIT,2025-04-20,4,DL,453,-9,-19,On time,
ANC,SEA,2025-03-24,3,AS,1448,-11,-13,On time,
CVG,MSP,2025-11-10,11,DL,596,-1,-10,On time,
DAL,STL,2025-10-28,10,WN,546,14,1,On time,
SIT,KTN,2025-07-14,7,AS,183,-10,-17,On time,
BNA,MIA,2025-12-21,12,MQ,806,-3,-1,On time,
STL,SRQ,2025-07-02,7,WN,903,1,-2,On time,
PDX,IAH,2025-01-18,1,UA,1825,-7,-34,On time,
MRY,LAX,2025-04-18,4,OO,266,-1,4,On time,
MCO,EWR,2025-08-03,8,NK,937,34,22,Delayed,
SEA,JFK,2025-11-17,11,DL,2422,10,23,Delayed,
BDL,DFW,2025-11-19,11,AA,1471,-6,5,On time,
MBS,DTW,2025-05-06,5,OO,98,-12,-6,On time,
MCI,DEN,2025-08-04,8,UA,533,-7,-19,On time,
PHX,SLC,2025-09-15,9,WN,507,-2,-15,On time,
BWI,PVD,2025-12-05,12,WN,327,49,62,Delayed,
RNO,PHX,2025-06-14,6,WN,601,4,-6,On time,
SDF,PHX,2025-12-05,12,WN,1506,2,-19,On time,
ICT,ATL,2025-12-17,12,DL,782,-16,-31,On time,
HOU,CRP,2025-07-21,7,WN,187,3,-11,On time,
EUG,SLC,2025-05-07,5,OO,618,-8,-19,On time,
SFO,BOS,2025-10-09,10,AS,2704,-1,-5,On time,
SLC,PHX,2025-11-30,11,F9,507,-2,-6,On time,
DFW,DTW,2025-01-07,1,DL,986,-1,-13,On time,
BWI,CMH,2025-01-02,1,WN,337,14,32,Delayed,
CMH,MSP,2025-07-01,7,DL,626,-4,-19,On time,
SJU,MCO,2025-04-30,4,B6,1189,3,-15,On time,
BOS,MSY,2025-05-07,5,B6,1368,-4,-33,On time,
BNA,SAN,2025-11-09,11,WN,1751,44,68,Delayed,
LGA,IND,2025-07-22,7,YX,660,-5,-24,On time,
ATL,DEN,2025-10-25,10,DL,1199,-3,-21,On time,
DFW,XNA,2025-01-03,1,MQ,280,0,-9,On time,
EYW,PHL,2025-04-24,4,AA,1121,33,12,On time,
PHX,BNA,2025-08-17,8,WN,1449,5,-3,On time,
DAL,MEM,2025-08-03,8,WN,423,18,9,On time,
SAN,DFW,2025-08-15,8,AA,1171,3,3,On time,
MIA,DEN,2025-05-31,5,WN,1709,31,26,Delayed,
TPA,CLT,2025-07-16,7,AA,507,-11,-21,On time,
SBP,DFW,2025-11-11,11,AA,1360,-3,-17,On time,
DEN,RIC,2025-06-22,6,WN,1482,-5,33,Delayed,
HOU,JAN,2025-02-20,2,WN,359,42,37,Delayed,
SEA,SJC,2025-05-18,5,AS,696,31,18,Delayed,
ORD,CMH,2025-10-05,10,MQ,296,-7,-4,On time,
DTW,ORD,2025-06-19,6,DL,235,12,12,On time,
DFW,IAH,2025-01-06,1,MQ,224,12,0,On time,
DEN,CPR,2025-12-09,12,OO,230,-3,-3,On time,
ORD,CLE,2025-07-09,7,OO,316,-5,-1,On time,
SEA,LAX,2025-10-19,10,DL,954,-8,-14,On time,
PNS,ORD,2025-11-25,11,MQ,794,13,5,On time,
IAH,ORD,2025-11-12,11,MQ,925,-5,53,Delayed,
AZA,BIL,2025-01-03,1,G4,878,-7,-14,On time,
EWR,LAX,2025-12-24,12,UA,2454,20,6,On time,
IND,PIE,2025-05-23,5,G4,840,94,93,Delayed,
LAS,DAL,2025-12-30,12,WN,1067,18,-3,On time,
SDF,BWI,2025-01-04,1,WN,495,-5,-18,On time,
PIT,ATL,2025-09-02,9,DL,526,-9,-12,On time,
LGA,ORD,2025-01-30,1,UA,733,48,70,Delayed,
DEC,ORD,2025-06-29,6,OO,156,-5,40,Delayed,
AZO,ORD,2025-09-13,9,MQ,122,163,218,Delayed,
JFK,DFW,2025-09-02,9,DL,1391,-2,-9,On time,
PHX,SMF,2025-01-21,1,AA,647,-2,-5,On time,
CLT,TPA,2025-07-05,7,NK,507,-12,-20,On time,
BWI,CMH,2025-07-22,7,WN,337,-5,-14,On time,
ATL,IAH,2025-11-15,11,DL,689,-5,-16,On time,
RNO,LAX,2025-04-07,4,OO,391,-1,-8,On time,
LGA,ORD,2025-08-14,8,DL,733,8,7,On time,
LAS,LBB,2025-12-30,12,WN,775,13,21,Delayed,
ABE,CLT,2025-12-26,12,OH,481,-8,-22,On time,
CLT,GSP,2025-02-20,2,AA,75,-6,-7,On time,
ORD,EWR,2025-02-16,2,MQ,719,91,79,Delayed,
LAX,MCO,2025-06-03,6,DL,2218,124,110,Delayed,
BOS,ORD,2025-08-18,8,UA,867,2,4,On time,
OAK,BUR,2025-06-23,6,WN,325,-11,-23,On time,
MDW,FLL,2025-10-06,10,WN,1167,-5,-8,On time,
OAK,PDX,2025-02-02,2,WN,543,18,1,On time,
DEN,HNL,2025-06-25,6,UA,3365,20,49,Delayed,
GJT,DEN,2025-09-05,9,UA,212,-3,19,Delayed,
RDU,DFW,2025-01-31,1,AA,1061,-6,1,On time,
SAN,PHX,2025-11-13,11,WN,304,35,18,Delayed,
FAI,SEA,2025-08-19,8,AS,1533,66,60,Delayed,
LAS,DEN,2025-10-01,10,UA,628,-9,-31,On time,
ORD,MCO,2025-08-19,8,UA,1005,-1,-5,On time,
LAS,BNA,2025-02-18,2,WN,1587,-4,-22,On time,
MCI,LGA,2025-05-26,5,WN,1107,3,-18,On time,
DFW,EWR,2025-09-03,9,UA,1372,-12,-22,On time,
MIA,JFK,2025-01-01,1,DL,1089,-2,-21,On time,
DTW,GSP,2025-09-06,9,OO,508,-8,-2,On time,
SFB,CVG,2025-08-07,8,G4,735,-9,-2,On time,
EWR,SJU,2025-06-16,6,UA,1608,31,27,Delayed,
SNA,PHX,2025-06-21,6,AA,338,-2,7,On time,
DEN,DTW,2025-02-07,2,DL,1123,-6,-5,On time,
ORD,OKC,2025-10-08,10,OO,693,-5,-20,On time,
HNL,SEA,2025-01-30,1,DL,2677,360,298,Delayed,
PHL,PIT,2025-05-15,5,AA,268,-5,7,On time,
PHX,MRY,2025-06-28,6,OO,598,0,-8,On time,
MEM,CLT,2025-11-16,11,AA,511,-10,-22,On time,
STL,MSP,2025-10-22,10,DL,448,-15,-14,On time,
SBP,PHX,2025-11-26,11,MQ,509,23,13,On time,
CAK,CLT,2025-11-30,11,OH,394,-7,-10,On time,
DCA,PWM,2025-06-22,6,YX,482,-6,17,Delayed,
LAX,SEA,2025-06-27,6,DL,954,-5,-19,On time,
PDX,LAX,2025-08-19,8,AS,833,-10,-19,On time,
ATL,MSN,2025-10-08,10,DL,707,2,-5,On time,
ATL,STL,2025-10-09,10,DL,484,-4,-5,On time,
AUS,SLC,2025-03-07,3,DL,1086,-8,-10,On time,
SLC,PDX,2025-11-08,11,DL,630,-5,-1,On time,
RSW,CVG,2025-04-11,4,F9,879,-5,-17,On time,
KOA,HNL,2025-12-21,12,HA,163,22,20,Delayed,
ORD,FAR,2025-08-25,8,OO,557,-2,-7,On time,
BGR,EWR,2025-08-28,8,YX,393,106,106,Delayed,
COS,DEN,2025-12-20,12,WN,73,6,1,On time,
SLC,ORD,2025-12-19,12,UA,1250,-8,-18,On time,
MCO,OMA,2025-11-06,11,WN,1211,50,39,Delayed,
MCO,BNA,2025-10-20,10,WN,616,64,61,Delayed,
LAS,STL,2025-01-12,1,WN,1371,-5,-29,On time,
ATL,LAX,2025-06-23,6,DL,1947,-1,14,On time,
PHX,MSP,2025-02-21,2,DL,1276,-2,-18,On time,
STL,PHL,2025-06-15,6,AA,814,30,34,Delayed,
MSP,GFK,2025-10-01,10,OO,284,-3,-13,On time,
LAS,LRD,2025-08-07,8,G4,1092,10,0,On time,
LAX,HNL,2025-12-23,12,UA,2556,-5,-31,On time,
DFW,PHL,2025-03-08,3,AA,1303,-1,9,On time,
ATL,BWI,2025-12-18,12,WN,577,0,-12,On time,
MCO,EWR,2025-07-25,7,UA,937,-4,-9,On time,
GRR,AUS,2025-07-28,7,G4,1103,-8,-12,On time,
GTF,DEN,2025-07-04,7,UA,623,20,10,On time,
LAX,PDX,2025-01-16,1,AS,834,-14,-22,On time,
LGB,ABQ,2025-03-26,3,WN,664,-4,-8,On time,
SAN,BOS,2025-07-10,7,DL,2588,-2,-9,On time,
LAS,SEA,2025-01-28,1,DL,867,-6,-29,On time,
LAX,MDW,2025-03-19,3,WN,1750,-6,-29,On time,
RAP,ORD,2025-06-20,6,MQ,779,-1,0,On time,
BWI,FLL,2025-12-29,12,WN,925,-1,-13,On time,
DCA,EYW,2025-09-02,9,YX,1023,-6,-24,On time,
MCO,CLT,2025-08-19,8,AA,468,0,-4,On time,
SAN,SEA,2025-12-17,12,DL,1050,-1,11,On time,
ORD,DFW,2025-07-22,7,AA,802,26,6,On time,
EWR,CLT,2025-03-27,3,AA,529,-2,0,On time,
IDA,SLC,2025-02-10,2,OO,188,-6,-10,On time,
PIT,LAX,2025-12-14,12,AA,2136,6,-19,On time,
DAL,DCA,2025-12-11,12,WN,1184,84,71,Delayed,
EWR,SAN,2025-02-15,2,UA,2425,-1,13,On time,
ATL,SBN,2025-12-11,12,OO,566,41,39,Delayed,
DFW,BMI,2025-08-07,8,MQ,690,-3,6,On time,
PBI,EWR,2025-10-08,10,UA,1024,-14,-27,On time,
BOI,SMF,2025-12-06,12,WN,437,-4,-11,On time,
DEN,BNA,2025-07-04,7,UA,1013,0,27,Delayed,
ABQ,LAS,2025-04-02,4,WN,486,33,27,Delayed,
CLT,ROC,2025-01-21,1,AA,573,47,112,Delayed,
MSP,BIS,2025-03-29,3,DL,386,595,577,Delayed,
ATL,CLT,2025-05-27,5,DL,226,-4,-10,On time,
BOS,LAX,2025-01-11,1,DL,2611,-1,-10,On time,
LGA,DEN,2025-05-15,5,WN,1620,64,69,Delayed,
ATL,CLT,2025-02-11,2,DL,226,-1,-8,On time,
CLT,BHM,2025-04-29,4,OH,350,-4,-11,On time,
TPA,JFK,2025-05-22,5,DL,1005,0,-19,On time,
LAS,BNA,2025-02-17,2,WN,1587,-3,-30,On time,
ATL,HOU,2025-07-18,7,WN,696,0,-16,On time,
SDF,DCA,2025-01-09,1,OH,474,78,63,Delayed,
JFK,PDX,2025-02-02,2,DL,2454,42,159,Delayed,
BOS,TPA,2025-05-01,5,B6,1185,-10,-33,On time,
DFW,CHA,2025-07-05,7,OH,695,37,32,Delayed,
PHL,RSW,2025-07-09,7,AA,993,-7,-22,On time,
SLC,GTF,2025-09-10,9,OO,463,-10,-21,On time,
ATL,BWI,2025-07-25,7,WN,577,10,-1,On time,
STL,PHL,2025-07-25,7,WN,814,-1,-7,On time,
RKS,DEN,2025-06-02,6,OO,260,-4,-6,On time,
PHL,JAX,2025-12-09,12,OH,742,-5,-11,On time,
SAN,SFO,2025-08-29,8,UA,447,36,39,Delayed,
LAS,PHX,2025-05-02,5,WN,255,-3,2,On time,
BDL,RSW,2025-11-16,11,B6,1180,-6,-23,On time,
DFW,ANC,2025-08-28,8,AA,3043,255,241,Delayed,
DFW,DEN,2025-10-01,10,AA,641,0,-9,On time,
ATL,HOU,2025-12-30,12,WN,696,97,78,Delayed,
BDL,TPA,2025-09-04,9,WN,1111,-4,-7,On time,
ATL,PNS,2025-01-01,1,DL,271,-5,-9,On time,
BWI,CLT,2025-02-05,2,AA,361,0,-25,On time,
CLT,LFT,2025-03-19,3,OH,729,29,20,Delayed,
BZN,AZA,2025-10-08,10,G4,861,-9,-14,On time,
DRO,DEN,2025-01-08,1,OO,251,4,-3,On time,
IAH,MEM,2025-05-24,5,UA,468,-1,-22,On time,
LAS,SAN,2025-12-11,12,WN,258,6,-6,On time,
BOS,BWI,2025-09-12,9,YX,369,-4,-14,On time,
MIA,DFW,2025-01-16,1,AA,1121,12,-3,On time,
IAD,TPA,2025-06-24,6,UA,811,14,-6,On time,
BUR,SMF,2025-02-25,2,WN,358,-6,-23,On time,
SEA,BOI,2025-04-01,4,OO,399,-3,-12,On time,
FLL,AUS,2025-06-11,6,WN,1105,-3,-15,On time,
PBI,ISP,2025-11-17,11,B6,1052,-10,-12,On time,
LGA,BOS,2025-04-09,4,YX,184,7,-13,On time,
PHL,RSW,2025-10-11,10,F9,993,-3,29,Delayed,
SLC,DEN,2025-07-16,7,WN,391,-3,-13,On time,
SAV,DCA,2025-07-10,7,OH,519,-8,-5,On time,
ATL,SRQ,2025-02-19,2,DL,444,-4,-3,On time,
IAD,BOS,2025-11-18,11,UA,412,0,-4,On time,
BDL,ATL,2025-11-02,11,DL,859,0,-4,On time,
DFW,EWR,2025-12-04,12,AA,1372,1,-35,On time,
DCA,MVY,2025-06-24,6,YX,383,-5,-11,On time,
DCA,DFW,2025-04-21,4,AA,1192,-2,-18,On time,
MIA,EYW,2025-06-07,6,YX,126,4,-10,On time,
CLE,BNA,2025-06-15,6,NK,448,-10,-13,On time,
MSP,SMF,2025-12-06,12,DL,1517,-1,-15,On time,
IAH,LAX,2025-07-15,7,UA,1379,-7,-10,On time,
GRR,ORD,2025-08-23,8,UA,137,-17,-37,On time,
DTW,BUF,2025-12-12,12,OO,241,52,42,Delayed,
SMF,SFO,2025-10-12,10,OO,86,-6,30,Delayed,
DTW,FLL,2025-02-12,2,NK,1127,-2,-9,On time,
AUS,ATL,2025-02-22,2,DL,813,-1,-15,On time,
JFK,AUS,2025-11-18,11,DL,1521,-10,-33,On time,
ORD,TUS,2025-09-16,9,AA,1437,-2,-8,On time,
TLH,CLT,2025-03-11,3,OH,386,-8,8,On time,
DFW,FCA,2025-08-05,8,AA,1390,26,11,On time,
FWA,ORD,2025-05-07,5,MQ,157,13,20,Delayed,
PHX,SMF,2025-10-21,10,WN,647,3,-7,On time,
JFK,ROC,2025-06-06,6,B6,264,82,65,Delayed,
BZN,BNA,2025-05-28,5,G4,1435,-10,-23,On time,
SEA,CVG,2025-05-04,5,AS,1965,-4,12,On time,
CLT,SFO,2025-12-29,12,AA,2296,18,-10,On time,
CLE,ORD,2025-10-16,10,OO,316,21,31,Delayed,
MDW,MSP,2025-05-16,5,WN,349,-3,-11,On time,
MDW,LGA,2025-09-19,9,WN,725,-1,0,On time,
LAX,LAS,2025-12-24,12,UA,236,-5,-16,On time,
PSP,PDX,2025-02-28,2,AS,873,-3,-8,On time,
ATL,MYR,2025-03-14,3,DL,317,-5,-10,On time,
DCA,ATL,2025-10-22,10,DL,547,-9,-22,On time,
SFO,SEA,2025-06-25,6,AS,679,-8,18,Delayed,
DEN,DIK,2025-12-07,12,OO,488,-9,-8,On time,
ORD,FAR,2025-05-09,5,OO,557,-6,-19,On time,
ROC,ORD,2025-10-20,10,YX,528,11,18,Delayed,
BDL,SJU,2025-02-16,2,B6,1666,247,262,Delayed,
AUS,DEN,2025-10-21,10,UA,775,-6,-14,On time,
JAX,MIA,2025-12-20,12,MQ,335,5,1,On time,
ATL,SLC,2025-04-29,4,DL,1590,-4,-4,On time,
SAN,PHX,2025-03-06,3,WN,304,-7,-3,On time,
AUS,DCA,2025-06-10,6,WN,1315,-2,-4,On time,
BNA,DTW,2025-02-24,2,WN,456,-6,-15,On time,
SFO,BOS,2025-07-30,7,B6,2704,-6,-10,On time,
MCO,PIT,2025-12-01,12,F9,834,-8,-19,On time,
EWR,SRQ,2025-04-15,4,UA,1034,-2,-11,On time,
MIA,TPA,2025-09-05,9,AA,204,12,3,On time,
MAF,AUS,2025-07-14,7,OO,294,714,717,Delayed,
MSP,SEA,2025-12-26,12,DL,1399,5,3,On time,
DFW,LGA,2025-10-26,10,AA,1389,33,24,Delayed,
MAF,DFW,2025-12-26,12,MQ,309,-10,-13,On time,
DCA,ALB,2025-03-12,3,OH,318,-11,-40,On time,
EWR,BQN,2025-09-21,9,UA,1585,30,30,Delayed,
SAN,PHX,2025-08-23,8,WN,304,-4,-11,On time,
HOU,FLL,2025-05-25,5,WN,957,-3,-10,On time,
SYR,EWR,2025-08-18,8,YX,194,-5,11,On time,
AUS,HOU,2025-07-27,7,WN,148,58,45,Delayed,
BWI,RSW,2025-06-13,6,WN,919,-8,-27,On time,
ORD,DSM,2025-07-15,7,OO,299,4,5,On time,
LAX,JFK,2025-08-13,8,DL,2475,-2,-10,On time,
SBN,ORD,2025-09-25,9,OO,84,-10,10,On time,
SJU,MCO,2025-01-10,1,F9,1189,-7,0,On time,
DFW,ELP,2025-10-31,10,OO,551,-9,-17,On time,
TPA,ATL,2025-02-09,2,DL,406,-3,-11,On time,
MIA,MDW,2025-09-07,9,WN,1182,23,21,Delayed,
LAS,IAD,2025-10-03,10,UA,2065,-8,22,Delayed,
SFO,PHX,2025-02-18,2,WN,651,81,60,Delayed,
CLT,RSW,2025-11-08,11,AA,600,79,73,Delayed,
RDU,MIA,2025-04-15,4,AA,700,-5,-9,On time,
LAX,ACV,2025-10-14,10,OO,577,-4,-13,On time,
SMF,LGB,2025-04-27,4,WN,387,-5,-13,On time,
MCO,ORD,2025-06-11,6,AA,1005,11,5,On time,
DEN,HLN,2025-06-14,6,OO,594,16,20,Delayed,
FSD,LAX,2025-05-26,5,G4,1340,38,9,On time,
MSP,JFK,2025-08-30,8,DL,1029,-4,-13,On time,
LAX,IAH,2025-09-27,9,OO,1379,-9,-3,On time,
MKE,ORD,2025-04-19,4,OO,67,-8,1,On time,
IAD,SEA,2025-06-16,6,UA,2306,20,7,On time,
BGR,EWR,2025-10-24,10,YX,393,10,58,Delayed,
SFB,IND,2025-05-25,5,G4,807,369,359,Delayed,
DEN,TUL,2025-05-24,5,WN,541,12,2,On time,
HOU,PHX,2025-07-14,7,WN,1020,-3,-19,On time,
TPA,DTW,2025-03-04,3,NK,983,6,-17,On time,
PDX,ATL,2025-01-17,1,DL,2172,14,-6,On time,
MLB,PIT,2025-02-02,2,G4,854,5,7,On time,
JFK,DEN,2025-05-27,5,DL,1626,91,86,Delayed,
MIA,CLT,2025-05-29,5,AA,650,4,8,On time,
JFK,CLT,2025-03-12,3,AA,541,-5,-19,On time,
TLH,MIA,2025-11-02,11,MQ,402,-8,-4,On time,
ORD,FAR,2025-09-21,9,MQ,557,27,16,Delayed,
SEA,AUS,2025-03-29,3,DL,1770,-4,-11,On time,
MSP,SBN,2025-09-11,9,OO,411,-4,6,On time,
LGA,ATL,2025-09-22,9,YX,762,-10,-21,On time,
HNL,ITO,2025-04-13,4,WN,216,-8,-14,On time,
SBP,DEN,2025-05-22,5,OO,931,-9,-22,On time,
SNA,SLC,2025-04-18,4,DL,588,5,11,On time,
PHX,STL,2025-03-06,3,WN,1262,10,-17,On time,
SFO,LAX,2025-12-21,12,DL,337,63,48,Delayed,
ACT,DFW,2025-08-18,8,OO,90,-7,0,On time,
KOA,HNL,2025-08-09,8,HA,163,-2,-5,On time,
ATL,ECP,2025-09-02,9,DL,240,-2,-14,On time,
PIT,ORD,2025-07-15,7,OO,413,-2,-9,On time,
BOS,SJU,2025-08-19,8,B6,1674,-9,-30,On time,
SAN,SJC,2025-02-24,2,WN,417,-5,-22,On time,
DTW,CLT,2025-01-05,1,DL,500,-4,-2,On time,
MAF,DAL,2025-02-10,2,WN,319,-14,-33,On time,
PVD,DTW,2025-11-25,11,OO,615,-8,-6,On time,
DLH,ORD,2025-07-07,7,OO,397,71,128,Delayed,
MDW,ATL,2025-09-19,9,DL,591,-7,-9,On time,
SLC,STL,2025-09-13,9,DL,1156,0,7,On time,
BZN,LAS,2025-04-12,4,WN,701,1,-3,On time,
LGB,LAS,2025-03-30,3,WN,231,-8,-14,On time,
LAS,SNA,2025-06-05,6,WN,226,178,184,Delayed,
SJU,EWR,2025-01-11,1,UA,1608,-8,-7,On time,
PDX,PSP,2025-05-06,5,OO,873,60,45,Delayed,
LAS,IAH,2025-01-17,1,NK,1222,-17,-28,On time,
SMF,BUR,2025-12-11,12,WN,358,5,-3,On time,
DEN,MKE,2025-10-02,10,WN,896,1,2,On time,
BUR,PHX,2025-03-11,3,WN,369,0,-14,On time,
SFO,OGG,2025-10-02,10,HA,2338,3,4,On time,
DFW,XNA,2025-11-19,11,MQ,280,-7,-12,On time,
DEN,SLC,2025-02-18,2,WN,391,25,30,Delayed,
DAL,ATL,2025-09-04,9,DL,721,-12,-18,On time,
AUS,IAH,2025-09-06,9,UA,140,-7,-18,On time,
EWR,LAX,2025-11-20,11,UA,2454,-5,4,On time,
DCA,CLT,2025-03-17,3,AA,331,112,95,Delayed,
AUS,JFK,2025-05-31,5,DL,1521,17,0,On time,
SRQ,ORD,2025-02-19,2,AA,1050,74,50,Delayed,
JAX,AUS,2025-11-25,11,OO,953,251,230,Delayed,
JFK,FLL,2025-08-24,8,DL,1069,2,5,On time,
SFO,BWI,2025-07-21,7,UA,2457,49,22,Delayed,
COS,DEN,2025-12-11,12,OO,73,-10,-26,On time,
SEA,HOU,2025-07-02,7,WN,1894,4,-13,On time,
SMF,SAN,2025-01-11,1,OO,480,-11,-28,On time,
LAX,DCA,2025-09-13,9,AS,2311,-2,-20,On time,
BDL,DTW,2025-07-17,7,DL,549,-5,-21,On time,
ATL,HPN,2025-03-19,3,DL,780,-1,-8,On time,
SFO,HNL,2025-01-08,1,UA,2398,-1,-51,On time,
SJU,JFK,2025-03-05,3,DL,1598,0,-20,On time,
MSP,CLE,2025-08-08,8,DL,622,-10,-11,On time,
TPA,BUF,2025-06-06,6,WN,1053,-2,-2,On time,
MSY,MCI,2025-10-16,10,WN,690,30,18,Delayed,
STL,ORD,2025-11-03,11,YX,258,-7,-10,On time,
SNA,SMF,2025-08-17,8,WN,404,-7,-9,On time,
SEA,SFO,2025-09-17,9,AS,679,41,40,Delayed,
FLL,CLT,2025-04-08,4,AA,632,-7,-31,On time,
ONT,OAK,2025-03-12,3,WN,362,-8,-13,On time,
IAH,MCO,2025-10-18,10,UA,854,21,-8,On time,
BHM,MCO,2025-09-05,9,WN,479,1,2,On time,
BWI,CHS,2025-08-01,8,WN,472,59,43,Delayed,
BUR,LAS,2025-05-25,5,WN,223,-4,0,On time,
SMF,LAS,2025-10-06,10,WN,397,-5,-16,On time,
SEA,DFW,2025-09-20,9,AS,1660,8,-4,On time,
SEA,GEG,2025-01-02,1,AS,224,-6,-10,On time,
HOU,DAL,2025-02-17,2,WN,239,-7,-16,On time,
DEN,BIL,2025-10-26,10,UA,455,41,26,Delayed,
ASE,DEN,2025-04-25,4,OO,125,98,82,Delayed,
DFW,TPA,2025-03-22,3,AA,929,21,11,On time,
ORD,XNA,2025-08-01,8,MQ,522,-3,3,On time,
LAX,BZN,2025-10-27,10,UA,902,-9,-25,On time,
LAX,JFK,2025-08-25,8,DL,2475,1,-32,On time,
DFW,COS,2025-10-31,10,MQ,592,-2,-2,On time,
FLL,MSY,2025-11-04,11,WN,673,-7,-23,On time,
RDU,ORD,2025-06-07,6,UA,646,-6,-13,On time,
MSP,TPA,2025-06-15,6,DL,1306,0,8,On time,
IND,ORD,2025-03-26,3,YX,177,-6,-2,On time,
DCA,DAL,2025-11-17,11,WN,1184,-10,-9,On time,
LAX,MIA,2025-10-12,10,DL,2342,-4,-10,On time,
SEA,RNO,2025-07-30,7,OO,564,0,3,On time,
JFK,DCA,2025-01-04,1,YX,213,-9,-14,On time,
HNL,SLC,2025-01-11,1,DL,2994,5,8,On time,
PVD,TPA,2025-08-30,8,WN,1136,-1,-9,On time,
LAX,EUG,2025-02-25,2,OO,748,1,3,On time,
PDX,PHX,2025-04-18,4,WN,1009,-4,-7,On time,
SAT,HOU,2025-12-14,12,WN,192,8,1,On time,
SAN,BOS,2025-04-03,4,B6,2588,112,78,Delayed,
BNA,CLE,2025-11-05,11,WN,448,-6,-14,On time,
ORD,MKE,2025-09-20,9,OO,67,-7,-20,On time,
CLT,CHS,2025-08-12,8,AA,168,-1,-16,On time,
PVD,PHL,2025-02-24,2,OH,237,-7,-3,On time,
DTW,SDF,2025-11-04,11,OO,306,-3,-3,On time,
IAH,DFW,2025-06-27,6,AA,224,-7,-8,On time,
DEN,DRO,2025-06-26,6,OO,251,-6,-9,On time,
BNA,SRQ,2025-04-19,4,WN,648,-4,-16,On time,
ATL,IAH,2025-05-24,5,DL,689,-7,-10,On time,
PVD,DCA,2025-03-01,3,OH,356,-9,-6,On time,
SEA,SFO,2025-03-26,3,OO,679,-4,10,On time,
HYA,LGA,2025-07-24,7,YX,197,-12,-34,On time,
DFW,ATL,2025-07-06,7,DL,731,-10,-18,On time,
MIA,TPA,2025-07-21,7,AA,204,0,2,On time,
LAX,MIA,2025-12-28,12,AA,2342,-2,34,Delayed,
AUS,BOS,2025-02-11,2,DL,1698,-11,-9,On time,
ATL,MKE,2025-05-26,5,DL,669,-6,-11,On time,
BWI,BDL,2025-05-07,5,WN,283,-3,-19,On time,
DCA,MSN,2025-09-01,9,YX,707,-6,-16,On time,
HNL,OGG,2025-05-29,5,HA,100,37,37,Delayed,
AVL,BOS,2025-12-15,12,G4,783,9,8,On time,
BZN,SEA,2025-12-30,12,AS,543,26,17,Delayed,
BWI,BOS,2025-06-24,6,YX,369,-5,-22,On time,
ATL,ORD,2025-11-22,11,DL,606,-4,-7,On time,
BDL,FLL,2025-08-03,8,B6,1173,108,104,Delayed,
CLT,ORF,2025-09-17,9,AA,290,-5,-11,On time,
LGA,DFW,2025-04-01,4,AA,1389,-5,-16,On time,
KOA,PDX,2025-11-08,11,AS,2607,3,-25,On time,
FLL,BOS,2025-07-18,7,NK,1237,-2,5,On time,
SEA,ONT,2025-11-16,11,AS,956,23,28,Delayed,
SFO,SEA,2025-03-22,3,DL,679,0,-5,On time,
PHL,BGR,2025-08-08,8,AA,473,-5,-8,On time,
BOS,IAH,2025-07-28,7,UA,1597,-2,-12,On time,
ORD,CVG,2025-10-21,10,YX,264,-6,-31,On time,
HOU,LGA,2025-12-08,12,WN,1428,0,-29,On time,
CLE,BNA,2025-04-21,4,WN,448,24,12,On time,
BWI,CVG,2025-11-25,11,WN,430,18,8,On time,
LAS,LBB,2025-01-25,1,WN,775,-9,-9,On time,
DFW,TRI,2025-11-30,11,MQ,868,-7,-21,On time,
HNL,LIH,2025-03-08,3,HA,102,-3,-4,On time,
CMH,LGA,2025-11-11,11,YX,479,-4,17,Delayed,
BWI,CLE,2025-01-28,1,WN,314,9,14,On time,
PHX,RDM,2025-07-28,7,MQ,893,-9,-15,On time,
LAS,SMF,2025-03-02,3,WN,397,42,36,Delayed,
ORD,CLT,2025-09-12,9,AA,599,-6,-21,On time,
DEN,SFO,2025-06-19,6,UA,967,-6,1,On time,
CLT,JFK,2025-08-29,8,AA,542,-3,2,On time,
LGA,PWM,2025-10-28,10,YX,269,-4,19,Delayed,
ACY,MYR,2025-08-24,8,NK,466,3,-1,On time,
DCA,ATL,2025-04-29,4,WN,547,-5,-26,On time,
SEA,SLC,2025-08-03,8,AS,689,57,65,Delayed,
STL,EWR,2025-12-07,12,YX,872,-5,-28,On time,
SRQ,DFW,2025-03-14,3,AA,945,-1,-10,On time,
LAX,SMF,2025-07-14,7,WN,373,1,-8,On time,
CLT,ECP,2025-05-16,5,AA,437,30,39,Delayed,
HNL,LAX,2025-03-04,3,UA,2556,-8,-35,On time,
LGA,HOU,2025-07-23,7,WN,1428,-2,-38,On time,
DEN,GRR,2025-11-24,11,WN,1015,75,70,Delayed,
ATL,OKC,2025-05-23,5,DL,761,-6,-7,On time,
GSO,DCA,2025-11-14,11,YX,248,-8,-19,On time,
SEA,FLL,2025-05-09,5,AS,2717,-2,-8,On time,
TYS,ATL,2025-03-03,3,DL,152,-14,-4,On time,
SRQ,BWI,2025-06-04,6,WN,880,-2,-23,On time,
DCA,LGA,2025-01-07,1,YX,214,197,224,Delayed,
LGB,DEN,2025-01-25,1,WN,854,28,22,Delayed,
BOS,ATL,2025-02-17,2,DL,946,16,3,On time,
ABQ,DAL,2025-02-25,2,WN,580,-6,-14,On time,
LGA,DCA,2025-07-24,7,YX,214,-7,-19,On time,
DEN,MSO,2025-06-29,6,UA,679,92,81,Delayed,
DCA,TPA,2025-02-11,2,WN,814,-4,2,On time,
STL,ECP,2025-05-10,5,WN,634,11,13,On time,
LGA,MSP,2025-02-23,2,YX,1020,-7,-26,On time,
OAK,BLI,2025-06-16,6,G4,764,28,32,Delayed,
DFW,MIA,2025-12-06,12,AA,1121,-1,-15,On time,
FLL,LAX,2025-02-02,2,B6,2343,-2,-33,On time,
PIT,ORD,2025-06-01,6,YX,413,-8,-24,On time,
CLE,DCA,2025-08-23,8,OH,310,48,26,Delayed,
DAY,ORD,2025-06-06,6,OH,240,22,15,Delayed,
BOS,PHL,2025-10-29,10,AA,280,-4,-16,On time,
SLC,LAX,2025-03-27,3,OO,590,22,-6,On time,
OAK,BOI,2025-01-14,1,WN,512,-5,-11,On time,
LGA,STL,2025-12-17,12,YX,888,-3,-14,On time,
DAL,LIT,2025-03-25,3,WN,296,50,48,Delayed,
SJU,MIA,2025-08-31,8,F9,1045,-9,-23,On time,
ATL,DAB,2025-03-07,3,DL,366,-7,-13,On time,
SMF,LGB,2025-07-06,7,WN,387,63,76,Delayed,
EWR,ATL,2025-11-16,11,DL,746,-3,-29,On time,
DFW,EGE,2025-02-27,2,AA,721,-7,-3,On time,
DEN,LGA,2025-03-05,3,UA,1620,33,60,Delayed,
PHL,CMH,2025-06-11,6,AA,406,-1,-4,On time,
SLC,MSP,2025-11-25,11,DL,991,-6,-10,On time,
DEN,BUF,2025-02-27,2,WN,1359,6,-1,On time,
DAL,LGA,2025-12-18,12,WN,1381,-1,6,On time,
SBA,PHX,2025-07-21,7,AA,455,15,6,On time,
RSW,JFK,2025-09-30,9,B6,1074,-16,-36,On time,
CLT,SRQ,2025-06-17,6,AA,547,-5,-14,On time,
BNA,SAN,2025-05-21,5,WN,1751,29,11,On time,
SEA,GEG,2025-06-16,6,OO,224,1,-6,On time,
MCO,ATL,2025-02-25,2,DL,404,-4,1,On time,
DFW,ASE,2025-03-15,3,OO,701,48,36,Delayed,
LGA,BUF,2025-06-20,6,YX,292,-2,-8,On time,
ORD,IAH,2025-06-04,6,UA,925,-2,35,Delayed,
LGA,MCO,2025-03-01,3,AA,950,-13,-14,On time,
DFW,EWR,2025-09-05,9,AA,1372,135,106,Delayed,
STL,DFW,2025-12-28,12,AA,550,21,23,Delayed,
DTW,FLL,2025-08-28,8,DL,1127,-1,-21,On time,
PDX,ATL,2025-07-04,7,DL,2172,48,52,Delayed,
ORD,TYS,2025-11-17,11,OO,475,-6,-15,On time,
IAD,MSP,2025-02-11,2,OO,908,-2,16,Delayed,
SEA,MCO,2025-06-13,6,DL,2554,-1,5,On time,
DAL,MDW,2025-06-07,6,WN,793,-1,-8,On time,
MDW,SAN,2025-02-26,2,WN,1728,-4,-32,On time,
LGA,MDW,2025-07-10,7,WN,725,3,-11,On time,
GJT,DEN,2025-02-25,2,UA,212,-10,-7,On time,
DCA,BNA,2025-03-31,3,OH,562,-9,-17,On time,
PNS,HOU,2025-07-27,7,WN,488,-6,-18,On time,
CLE,MCO,2025-02-27,2,F9,895,33,18,Delayed,
OKC,LGA,2025-07-30,7,YX,1341,180,182,Delayed,
MSY,IAH,2025-09-06,9,NK,305,-10,-29,On time,
IAH,LAS,2025-04-14,4,UA,1222,-10,-31,On time,
SAN,SFO,2025-08-13,8,UA,447,17,15,Delayed,
BOS,DFW,2025-10-19,10,AA,1562,-4,-16,On time,
ATL,MIA,2025-04-17,4,AA,594,17,3,On time,
PHL,CLT,2025-11-25,11,AA,449,-10,-10,On time,
SFO,MIA,2025-11-01,11,AA,2585,51,50,Delayed,
LAX,SJC,2025-02-04,2,WN,308,-7,-13,On time,
LEX,FLL,2025-02-16,2,G4,865,49,92,Delayed,
SFB,FAR,2025-06-09,6,G4,1508,-19,-17,On time,
STL,MSP,2025-10-12,10,WN,448,8,3,On time,
LGA,DCA,2025-11-30,11,YX,214,74,63,Delayed,
RSW,ATL,2025-11-11,11,DL,515,-4,-13,On time,
MIA,TYS,2025-09-09,9,MQ,724,-8,3,On time,
DCA,ATL,2025-07-17,7,OH,547,-5,-16,On time,
LAX,AUS,2025-10-10,10,UA,1242,-5,-6,On time,
FLL,PDX,2025-01-03,1,AS,2694,-2,12,On time,
PIA,DFW,2025-08-28,8,OH,672,20,27,Delayed,
SLC,PIT,2025-07-23,7,DL,1660,-7,-4,On time,
IND,ATL,2025-10-29,10,DL,432,41,29,Delayed,
LAS,DFW,2025-05-18,5,F9,1055,-7,-10,On time,
SJC,SNA,2025-06-16,6,WN,342,32,14,On time,
DFW,ORD,2025-09-30,9,AA,802,-5,-23,On time,
LGA,DCA,2025-04-05,4,YX,214,-5,-26,On time,
HPN,PBI,2025-11-09,11,B6,1056,17,48,Delayed,
PNS,ATL,2025-10-04,10,DL,272,-11,10,On time,
AUS,DEN,2025-11-13,11,WN,775,33,21,Delayed,
DFW,LFT,2025-08-09,8,OH,351,-9,-13,On time,
MIA,EWR,2025-06-23,6,UA,1085,-5,-20,On time,
DFW,DSM,2025-06-23,6,MQ,624,51,44,Delayed,
SLC,JFK,2025-05-15,5,B6,1990,1,-10,On time,
CLT,MLB,2025-07-19,7,OH,490,66,57,Delayed,
MSP,BDL,2025-12-03,12,DL,1050,-4,-6,On time,
CLT,DTW,2025-03-07,3,AA,500,-5,-2,On time,
MSP,RDU,2025-02-04,2,DL,980,-10,-20,On time,
ABQ,IAH,2025-03-11,3,UA,744,-6,-13,On time,
HOU,MAF,2025-05-03,5,WN,441,-5,-10,On time,
DEN,SEA,2025-12-25,12,WN,1024,-4,-5,On time,
DFW,HOU,2025-05-14,5,OH,247,0,-4,On time,
HOU,MDW,2025-02-24,2,WN,937,-3,-5,On time,
LGA,BUF,2025-12-15,12,YX,292,7,13,On time,
PDX,SJC,2025-11-04,11,OO,569,-6,-2,On time,
TUL,DFW,2025-10-01,10,OH,237,-3,-14,On time,
LAS,MSY,2025-12-28,12,WN,1500,-2,-19,On time,
DCA,PVD,2025-09-23,9,WN,356,2,6,On time,
SFO,PHX,2025-12-22,12,OO,651,244,230,Delayed,
MSP,MSN,2025-09-10,9,OO,228,-5,-5,On time,
MKE,DAL,2025-02-14,2,WN,850,2,-13,On time,
DEN,LAX,2025-11-28,11,WN,862,24,3,On time,
DEN,GUC,2025-10-06,10,OO,152,-10,-21,On time,
EAR,DEN,2025-06-27,6,OO,305,-8,-11,On time,
MCI,BOS,2025-12-09,12,DL,1256,-6,-7,On time,
SLC,CLT,2025-12-26,12,AA,1727,-10,-30,On time,
TUS,ORD,2025-06-24,6,AA,1437,18,6,On time,
JAX,BNA,2025-01-26,1,WN,483,-11,-18,On time,
SEA,MSP,2025-08-13,8,DL,1399,0,3,On time,
FAR,DFW,2025-04-02,4,MQ,968,18,28,Delayed,
GSO,ORD,2025-03-30,3,MQ,589,3,-11,On time,
STL,MSP,2025-09-06,9,WN,448,-12,-20,On time,
DCA,BTV,2025-03-28,3,OH,437,211,200,Delayed,
CLT,VPS,2025-08-25,8,AA,460,3,-7,On time,
IAD,IAH,2025-10-31,10,UA,1190,6,-8,On time,
ATL,BWI,2025-08-31,8,WN,577,0,-12,On time,
CAK,SRQ,2025-04-19,4,G4,934,6,-2,On time,
CVG,ATL,2025-12-27,12,DL,373,-11,-32,On time,
MCO,BOS,2025-10-22,10,B6,1121,69,67,Delayed,
AUS,FLL,2025-11-07,11,NK,1105,-5,-5,On time,
PHX,SFO,2025-12-28,12,AA,651,54,32,Delayed,
IND,LGA,2025-10-15,10,YX,660,12,8,On time,
MSP,CID,2025-02-05,2,OO,220,-2,28,Delayed,
JFK,LAX,2025-11-02,11,B6,2475,-14,-61,On time,
MSP,ATL,2025-06-06,6,DL,907,-3,-18,On time,
CLT,LGA,2025-12-06,12,AA,544,75,50,Delayed,
SMF,PHX,2025-12-27,12,WN,647,14,8,On time,
LGA,CHS,2025-07-29,7,YX,641,2,36,Delayed,
BOS,PDX,2025-05-24,5,AS,2537,7,-17,On time,
JFK,AUS,2025-02-06,2,AA,1521,-1,9,On time,
ABQ,BUR,2025-12-23,12,WN,672,17,-1,On time,
ORD,MSY,2025-07-31,7,OO,837,76,52,Delayed,
DEN,OMA,2025-10-27,10,OO,472,0,3,On time,
OAK,SLC,2025-04-25,4,OO,588,-4,-22,On time,
SAN,JFK,2025-10-18,10,AS,2446,-3,-25,On time,
LAS,BLI,2025-07-07,7,G4,954,-13,-15,On time,
OMA,BNA,2025-11-15,11,WN,612,-9,-30,On time,
SFB,AVL,2025-03-05,3,G4,465,79,67,Delayed,
CVG,TPA,2025-08-11,8,F9,773,-5,-15,On time,
ATL,DSM,2025-10-23,10,DL,743,-10,-9,On time,
LAS,DTW,2025-12-08,12,DL,1749,-2,-4,On time,
ATL,STL,2025-12-19,12,WN,484,7,-2,On time,
ORD,EWR,2025-04-25,4,UA,719,3,-3,On time,
LGA,MCO,2025-11-26,11,AA,950,3,2,On time,
DFW,LGA,2025-08-25,8,AA,1389,7,-9,On time,
SJC,PHX,2025-07-01,7,WN,621,17,8,On time,
PHX,SFO,2025-12-29,12,UA,651,-3,5,On time,
MRY,SFO,2025-04-03,4,OO,77,-8,7,On time,
ORD,AVL,2025-03-25,3,OO,536,-7,-2,On time,
SFO,ORD,2025-05-25,5,AS,1846,1,-3,On time,
TYS,MIA,2025-02-03,2,MQ,724,-4,-20,On time,
EUG,PHX,2025-10-20,10,AA,952,-6,-25,On time,
IAH,OKC,2025-09-03,9,OO,395,-6,-14,On time,
MCO,ATL,2025-01-05,1,NK,404,-2,-8,On time,
HNL,KOA,2025-07-17,7,HA,163,6,2,On time,
LAS,SMF,2025-04-21,4,WN,397,43,37,Delayed,
DCA,ATL,2025-04-17,4,DL,547,49,42,Delayed,
FLL,CMH,2025-04-11,4,WN,973,1,-18,On time,
EWR,STT,2025-12-17,12,UA,1634,-4,-12,On time,
SAV,EWR,2025-03-22,3,UA,708,-7,-6,On time,
SDF,LGA,2025-01-28,1,YX,659,-7,-5,On time,
DCA,SDF,2025-07-07,7,OH,474,-7,6,On time,
SEA,MCI,2025-06-09,6,AS,1489,2,-2,On time,
LAX,DEN,2025-01-30,1,WN,862,0,22,Delayed,
SFO,CLE,2025-12-30,12,UA,2161,-4,-17,On time,
ROC,CLT,2025-12-14,12,AA,573,995,981,Delayed,
MCO,IAD,2025-02-03,2,UA,758,-6,-7,On time,
CMH,DTW,2025-09-04,9,YX,155,-1,-5,On time,
MSP,ATL,2025-07-03,7,DL,907,-5,-15,On time,
DFW,SAN,2025-07-27,7,AA,1171,13,0,On time,
MIA,JAX,2025-10-24,10,AA,335,-3,-7,On time,
MIA,JFK,2025-03-05,3,AA,1089,125,145,Delayed,
GRK,DFW,2025-04-04,4,MQ,134,-9,-19,On time,
ORD,SDF,2025-10-15,10,MQ,286,-4,-3,On time,
ORD,EWR,2025-07-20,7,MQ,719,-3,-25,On time,
ANC,SCC,2025-03-03,3,AS,626,-8,-23,On time,
ORD,MDT,2025-09-29,9,MQ,594,-7,-21,On time,
PDX,DEN,2025-03-29,3,WN,991,-3,-15,On time,
FAR,MSP,2025-07-03,7,OO,223,-4,-14,On time,
MCO,ORF,2025-05-01,5,NK,655,-2,-7,On time,
LAS,MEM,2025-10-29,10,NK,1416,-6,-1,On time,
AVL,MDW,2025-07-25,7,G4,521,12,27,Delayed,
STL,MCO,2025-02-21,2,WN,882,-1,-16,On time,
DEN,MSP,2025-02-02,2,UA,680,4,-12,On time,
SFO,MSP,2025-04-09,4,DL,1589,-10,-30,On time,
ORD,TUS,2025-03-26,3,AA,1437,-7,-26,On time,
DFW,CVG,2025-07-27,7,AA,812,44,30,Delayed,
DTW,IAD,2025-12-18,12,OO,383,-5,-4,On time,
JST,IAD,2025-09-10,9,OO,119,5,-3,On time,
LIH,HNL,2025-08-03,8,HA,102,-6,-11,On time,
MSY,DCA,2025-11-28,11,WN,969,0,-10,On time,
DFW,SJU,2025-12-16,12,AA,2165,-1,-15,On time,
BDL,ORD,2025-03-03,3,AA,783,-7,0,On time,
IAH,ICT,2025-09-27,9,OO,542,-5,-10,On time,
SEA,MSP,2025-10-17,10,AS,1399,-6,-15,On time,
DEN,OKC,2025-06-26,6,WN,495,8,2,On time,
MCO,MSY,2025-09-24,9,NK,551,-10,-22,On time,
DEN,STL,2025-11-29,11,UA,770,17,20,Delayed,
DCA,MDW,2025-01-11,1,WN,601,1,-20,On time,
DCA,HOU,2025-10-23,10,WN,1218,-5,3,On time,
DEN,CYS,2025-08-07,8,OO,90,581,568,Delayed,
DDC,DEN,2025-05-07,5,OO,292,61,46,Delayed,
LGA,DTW,2025-05-06,5,YX,502,-8,-41,On time,
LAS,EUG,2025-09-04,9,G4,700,-2,-2,On time,
PVD,MCO,2025-02-21,2,WN,1072,-4,-7,On time,
CDV,ANC,2025-06-30,6,AS,160,0,-5,On time,
MSY,FLL,2025-10-05,10,NK,673,-7,-4,On time,
LAX,TUS,2025-10-16,10,OO,451,98,101,Delayed,
GEG,SEA,2025-05-22,5,AS,224,35,33,Delayed,
PHX,MDW,2025-02-02,2,WN,1444,-5,-20,On time,
ATL,RSW,2025-09-01,9,DL,515,-8,-13,On time,
DEN,LAX,2025-06-10,6,OO,862,-10,-16,On time,
DEN,AUS,2025-03-31,3,WN,775,8,11,On time,
LAS,OKC,2025-06-14,6,WN,986,5,-10,On time,
CLT,SYR,2025-08-18,8,AA,603,94,82,Delayed,
DEN,CLE,2025-06-17,6,UA,1201,222,229,Delayed,
BOS,ORD,2025-07-24,7,UA,867,-4,-1,On time,
ATL,LGA,2025-08-01,8,WN,762,0,-5,On time,
MIA,IAH,2025-06-25,6,UA,964,1,20,Delayed,
MCO,PIT,2025-10-04,10,WN,834,14,5,On time,
MCO,EWR,2025-03-30,3,UA,937,22,107,Delayed,
PHX,PHL,2025-03-16,3,AA,2075,44,37,Delayed,
ATL,SFO,2025-05-31,5,F9,2139,-11,-57,On time,
SYR,DTW,2025-08-02,8,OO,374,-4,-9,On time,
ORD,SYR,2025-04-07,4,YX,607,-6,-15,On time,
BDL,BWI,2025-12-18,12,WN,283,9,-15,On time,
LAS,PHX,2025-02-11,2,WN,255,7,-9,On time,
ORD,FSD,2025-06-26,6,UA,462,95,144,Delayed,
SLC,JFK,2025-04-16,4,DL,1990,-1,-18,On time,
ALB,MDW,2025-06-20,6,WN,717,-3,-7,On time,
LAX,BNA,2025-11-19,11,AA,1798,-8,-21,On time,
PHL,DFW,2025-06-22,6,F9,1303,25,-2,On time,
MIA,MCO,2025-03-25,3,AA,192,55,64,Delayed,
SEA,BOI,2025-09-07,9,OO,399,-17,-29,On time,
LAX,SAF,2025-10-09,10,OO,710,-9,-14,On time,
IAH,SLC,2025-09-05,9,DL,1195,-12,-13,On time,
SLC,TWF,2025-11-21,11,OO,175,-9,-24,On time,
SLC,LGB,2025-09-27,9,DL,588,1,-10,On time,
DEN,ASE,2025-10-29,10,OO,125,-4,-7,On time,
GJT,SLC,2025-12-09,12,OO,217,-10,0,On time,
LAS,TPA,2025-02-23,2,NK,1984,-7,11,On time,
ATL,BDL,2025-08-22,8,DL,859,-4,-16,On time,
PRC,LAX,2025-11-24,11,OO,346,21,0,On time,
PGD,PSM,2025-12-23,12,G4,1279,-3,16,Delayed,
DCA,STL,2025-10-23,10,AA,719,13,11,On time,
MSY,IAD,2025-04-25,4,UA,955,-10,3,On time,
BOS,ORD,2025-08-12,8,DL,867,267,282,Delayed,
PHX,DFW,2025-01-01,1,AA,868,-3,2,On time,
DCA,DTW,2025-07-21,7,OH,405,1,-4,On time,
SLC,DEN,2025-07-03,7,F9,391,-11,-5,On time,
XWA,DEN,2025-08-17,8,OO,582,-10,5,On time,
FLL,EWR,2025-12-20,12,UA,1065,7,-4,On time,
BNA,FLL,2025-12-16,12,NK,793,22,0,On time,
ORD,MSY,2025-07-28,7,UA,837,21,28,Delayed,
AVL,SFB,2025-01-17,1,G4,465,-13,-25,On time,
ORD,BOS,2025-05-11,5,AA,867,-3,-16,On time,
ATL,HOU,2025-12-01,12,WN,696,-1,20,Delayed,
CWA,ORD,2025-07-03,7,MQ,213,-12,-9,On time,
TPA,JFK,2025-02-27,2,DL,1005,-3,0,On time,
BNA,TPA,2025-10-09,10,WN,612,42,46,Delayed,
SAN,SFO,2025-04-28,4,OO,447,15,14,On time,
MCI,ORD,2025-03-03,3,UA,403,-9,-5,On time,
BNA,JAN,2025-09-17,9,WN,327,11,-1,On time,
JAX,MIA,2025-09-06,9,MQ,335,157,158,Delayed,
ORD,LEX,2025-06-10,6,OO,323,-5,-15,On time,
DTW,LGA,2025-02-18,2,DL,502,-6,-25,On time,
BOS,LAS,2025-01-05,1,DL,2381,-5,-10,On time,
DEN,MCI,2025-05-13,5,UA,533,-5,-7,On time,
PHX,DEN,2025-04-10,4,WN,602,-4,-5,On time,
HOU,LAX,2025-10-16,10,WN,1390,4,4,On time,
CMH,PHL,2025-06-18,6,YX,406,-9,-11,On time,
LAS,EWR,2025-10-30,10,UA,2227,84,76,Delayed,
BOS,IAH,2025-10-16,10,UA,1597,-6,-17,On time,
MIA,ORD,2025-03-21,3,AA,1197,-4,-23,On time,
MHK,DFW,2025-07-28,7,OO,431,-6,-14,On time,
DEN,PHX,2025-08-25,8,AA,602,48,63,Delayed,
BOS,DTW,2025-12-12,12,DL,632,-6,-23,On time,
ATL,TLH,2025-10-25,10,DL,223,-9,-3,On time,
BOS,PIT,2025-11-03,11,B6,496,-5,-13,On time,
DFW,AMA,2025-11-05,11,MQ,312,-6,-22,On time,
BNA,FLL,2025-01-15,1,WN,793,-1,-16,On time,
CLE,LGA,2025-07-02,7,YX,419,-4,14,On time,
BDL,DTW,2025-08-29,8,DL,549,-5,-14,On time,
HNL,OGG,2025-09-15,9,HA,101,0,-3,On time,
RNO,BUR,2025-11-25,11,WN,374,61,51,Delayed,
GSP,MIA,2025-01-25,1,MQ,637,-3,-12,On time,
SEA,ORD,2025-06-05,6,UA,1721,-8,21,Delayed,
RSW,DCA,2025-03-11,3,MQ,892,8,13,On time,
BNA,PDX,2025-06-14,6,WN,1973,3,10,On time,
KOA,HNL,2025-10-11,10,WN,163,-6,-16,On time,
ORD,ALB,2025-09-25,9,UA,723,0,-14,On time,
MSP,FAR,2025-04-12,4,OO,223,-6,-16,On time,
MCO,BNA,2025-09-29,9,F9,616,-13,-22,On time,
MAF,DFW,2025-08-22,8,MQ,309,-5,-4,On time,
VPS,BLV,2025-07-27,7,G4,587,1,-7,On time,
SFO,SLC,2025-01-22,1,DL,599,-2,-7,On time,
DFW,CVG,2025-06-23,6,F9,812,-9,-20,On time,
DCA,CMH,2025-02-27,2,MQ,323,-4,-3,On time,
DTW,BUF,2025-10-05,10,DL,241,7,4,On time,
SFO,EWR,2025-09-08,9,UA,2565,9,5,On time,
ATL,PIT,2025-02-13,2,DL,526,-2,-11,On time,
DFW,ORD,2025-10-31,10,AA,802,10,-7,On time,
PVD,DCA,2025-09-10,9,AA,356,-6,12,On time,
LAX,SAN,2025-01-07,1,OO,109,12,3,On time,
BWI,HOU,2025-08-05,8,WN,1246,-6,-21,On time,
DTW,IAD,2025-04-22,4,OO,383,-4,-5,On time,
ORD,RDU,2025-10-21,10,AA,646,-5,-21,On time,
DCA,IAH,2025-04-04,4,UA,1208,13,6,On time,
PBI,HPN,2025-01-06,1,B6,1056,-8,-29,On time,
DCA,LGA,2025-10-13,10,YX,214,167,251,Delayed,
BLV,FLL,2025-06-23,6,G4,1028,-4,-13,On time,
ATL,RSW,2025-11-02,11,DL,515,3,22,Delayed,
ORD,ECP,2025-07-19,7,YX,810,-2,-11,On time,
KOA,HNL,2025-06-03,6,HA,163,-8,-9,On time,
SEA,GEG,2025-05-05,5,OO,224,14,-2,On time,
PDX,SJC,2025-01-03,1,WN,569,14,20,Delayed,
PIE,BMI,2025-04-21,4,G4,936,-4,-15,On time,
SJU,ORD,2025-01-06,1,AA,2072,165,139,Delayed,
DEN,TPA,2025-04-23,4,UA,1506,0,-2,On time,
SMF,PSP,2025-10-06,10,WN,439,4,2,On time,
LAX,EWR,2025-09-17,9,UA,2454,-5,-14,On time,
DFW,BMI,2025-08-31,8,MQ,690,13,13,On time,
SJC,SAN,2025-11-30,11,WN,417,46,53,Delayed,
SAN,HNL,2025-09-20,9,HA,2614,31,28,Delayed,
DEN,OMA,2025-05-19,5,WN,472,54,41,Delayed,
SAN,FAT,2025-04-11,4,OO,314,42,29,Delayed,
DTW,BOS,2025-07-10,7,DL,632,6,-12,On time,
TUS,PHX,2025-02-24,2,OO,110,-5,-9,On time,
MSN,DCA,2025-12-04,12,OH,707,-11,-32,On time,
TUS,DFW,2025-02-03,2,AA,813,-4,-19,On time,
MSP,SFO,2025-03-05,3,DL,1589,76,125,Delayed,
MIA,BNA,2025-03-17,3,AA,806,34,41,Delayed,
SLC,GEG,2025-03-28,3,DL,546,7,-14,On time,
ORD,LAX,2025-11-30,11,NK,1744,175,166,Delayed,
DEN,OMA,2025-04-28,4,WN,472,-2,-24,On time,
DAL,BNA,2025-01-17,1,WN,623,7,-1,On time,
CLT,LGA,2025-11-16,11,YX,544,30,79,Delayed,
ORD,IAH,2025-10-23,10,UA,925,14,0,On time,
KOA,HNL,2025-03-05,3,HA,163,-4,-7,On time,
SAN,MSP,2025-03-25,3,DL,1532,-5,0,On time,
DFW,PBI,2025-03-06,3,AA,1102,-6,-22,On time,
BNA,FLL,2025-04-10,4,WN,793,26,53,Delayed,
GRR,ATL,2025-05-01,5,DL,640,-6,-14,On time,
ITO,HNL,2025-11-15,11,HA,216,-3,0,On time,
DFW,LGA,2025-02-04,2,AA,1389,18,8,On time,
OGG,KOA,2025-12-01,12,HA,84,3,11,On time,
CLE,IAD,2025-09-26,9,UA,287,133,119,Delayed,
RIC,LGA,2025-06-10,6,YX,292,74,67,Delayed,
MDW,HOU,2025-01-03,1,WN,937,12,-13,On time,
ANC,SEA,2025-11-15,11,DL,1448,-13,-44,On time,
SHV,DFW,2025-09-02,9,OO,190,-8,-12,On time,
FLL,CMH,2025-03-21,3,NK,973,-7,-3,On time,
ATL,DFW,2025-11-08,11,AA,731,-5,-6,On time,
IND,DCA,2025-03-24,3,OH,500,-12,-20,On time,
MCO,DFW,2025-05-13,5,AA,985,-6,-11,On time,
ATL,LGA,2025-06-14,6,WN,762,-1,-15,On time,
BRW,ANC,2025-07-11,7,AS,725,-5,0,On time,
FLL,SEA,2025-12-01,12,AS,2717,-4,-4,On time,
SJC,PHX,2025-11-27,11,WN,621,0,-10,On time,
DEN,XNA,2025-10-15,10,UA,616,4,-9,On time,
PHX,BWI,2025-11-29,11,WN,1999,22,-3,On time,
BUR,LAS,2025-09-30,9,WN,223,-6,-9,On time,
SMF,PHX,2025-05-21,5,OO,647,-2,-12,On time,
DFW,HNL,2025-08-02,8,AA,3784,-4,14,On time,
MCO,BNA,2025-10-07,10,WN,616,256,257,Delayed,
TUL,ORD,2025-11-09,11,OO,585,38,56,Delayed,
STS,SNA,2025-01-01,1,OO,433,-9,3,On time,
SEA,ABQ,2025-04-01,4,AS,1180,-9,-8,On time,
DEN,BOS,2025-09-29,9,UA,1754,-6,-12,On time,
LAX,SEA,2025-05-10,5,AS,954,-9,-14,On time,
SLC,DFW,2025-03-21,3,AA,989,-7,-21,On time,
BOS,ATL,2025-06-14,6,DL,946,-7,-20,On time,
LGA,IAH,2025-09-24,9,NK,1416,0,-15,On time,
ATL,SEA,2025-10-20,10,DL,2182,12,25,Delayed,
LAS,MDW,2025-07-22,7,WN,1521,98,103,Delayed,
ATL,DAB,2025-04-17,4,DL,366,-5,-13,On time,
SMF,OGG,2025-07-21,7,HA,2403,-3,-2,On time,
RST,ORD,2025-09-21,9,OO,268,308,297,Delayed,
ELP,AUS,2025-09-15,9,WN,528,-4,-11,On time,
PHL,PHX,2025-12-21,12,AA,2076,0,7,On time,
ATL,TLH,2025-07-20,7,DL,223,-5,-2,On time,
SAN,HNL,2025-12-13,12,HA,2614,32,3,On time,
IAD,CLT,2025-12-17,12,OH,322,-4,-19,On time,
RNO,DFW,2025-03-17,3,AA,1345,85,74,Delayed,
DAL,ECP,2025-12-23,12,WN,674,-4,-10,On time,
DEN,GUC,2025-11-10,11,OO,152,-3,-10,On time,
HNL,EWR,2025-04-06,4,UA,4962,2,-5,On time,
IAH,OKC,2025-05-16,5,OO,395,-5,-26,On time,
BUR,BNA,2025-04-12,4,WN,1791,8,6,On time,
CLT,GSO,2025-03-21,3,OH,83,11,3,On time,
LAS,SEA,2025-05-27,5,AS,867,-3,-14,On time,
MDW,DAL,2025-11-21,11,WN,793,-3,-15,On time,
PVD,MCO,2025-04-02,4,B6,1072,-13,-40,On time,
DFW,EWR,2025-10-12,10,UA,1372,130,133,Delayed,
PHX,ONT,2025-07-05,7,OO,325,-6,-13,On time,
BNA,MCO,2025-08-29,8,NK,616,-2,-20,On time,
IAH,MSY,2025-05-21,5,UA,305,-6,-12,On time,
CLT,BWI,2025-01-09,1,WN,361,-3,-8,On time,
IAH,ATL,2025-12-12,12,DL,689,6,-8,On time,
MCO,DCA,2025-06-05,6,AA,759,15,22,Delayed,
PHX,TUS,2025-02-22,2,OO,110,1,8,On time,
RDU,FLL,2025-07-07,7,NK,680,3,-6,On time,
PHL,SJU,2025-07-20,7,F9,1576,12,22,Delayed,
PIT,RDU,2025-10-20,10,YX,328,-2,-10,On time,
PHX,MSY,2025-09-06,9,WN,1301,-1,-31,On time,
LGA,CLE,2025-03-02,3,YX,419,20,12,On time,
DTW,MKE,2025-11-12,11,OO,237,23,12,On time,
BDL,MCO,2025-05-21,5,B6,1050,-5,-4,On time,
EWR,BOS,2025-07-03,7,UA,200,-2,-11,On time,
BOI,DEN,2025-11-02,11,WN,649,-5,-32,On time,
JFK,PHX,2025-08-15,8,DL,2153,15,-31,On time,
ATW,ORD,2025-03-17,3,MQ,160,7,-1,On time,
IAH,MSY,2025-10-04,10,UA,305,0,-7,On time,
CLT,IAH,2025-12-19,12,F9,912,138,114,Delayed,
CRW,ATL,2025-02-16,2,OO,363,-6,-6,On time,
DCA,BNA,2025-04-21,4,YX,562,-6,-8,On time,
MIA,DEN,2025-03-08,3,UA,1709,34,16,Delayed,
SAT,JFK,2025-02-06,2,DL,1587,33,31,Delayed,
IAD,DEN,2025-05-09,5,UA,1452,20,1,On time,
OGG,HNL,2025-05-30,5,WN,100,0,3,On time,
DFW,PHX,2025-01-22,1,AA,868,-2,7,On time,
PIT,DFW,2025-07-21,7,AA,1067,16,-6,On time,
DTW,JAX,2025-06-13,6,DL,813,-2,-2,On time,
HOU,MEM,2025-11-26,11,WN,484,-3,-17,On time,
JAN,ATL,2025-12-22,12,DL,340,0,-19,On time,
PIT,DEN,2025-03-06,3,UA,1290,-4,15,Delayed,
JAC,EWR,2025-01-21,1,UA,1874,-6,-32,On time,
CLT,RSW,2025-04-13,4,AA,600,-2,1,On time,
BUR,LAS,2025-07-11,7,WN,223,-6,-8,On time,
JAX,DEN,2025-08-20,8,WN,1446,3,-16,On time,
PHX,EWR,2025-09-28,9,UA,2133,1,18,Delayed,
ORD,BOS,2025-10-23,10,DL,867,7,11,On time,
TUS,PDX,2025-04-20,4,OO,1119,-6,-5,On time,
EWR,CHS,2025-11-14,11,UA,628,-8,-24,On time,
SJC,DEN,2025-08-23,8,UA,948,-11,18,Delayed,
PDX,LAX,2025-12-08,12,AS,833,15,16,Delayed,
MCO,ALB,2025-03-04,3,WN,1073,0,-1,On time,
DCA,MSY,2025-09-29,9,AA,969,11,8,On time,
ORD,ICT,2025-08-05,8,OO,588,-10,-34,On time,
DEN,JFK,2025-04-17,4,B6,1626,-10,-25,On time,
SLC,MSO,2025-05-16,5,OO,436,3,-2,On time,
PHX,LGB,2025-11-28,11,WN,355,-7,-15,On time,
PDX,LAX,2025-07-30,7,AS,833,16,16,Delayed,
SAV,BNA,2025-07-25,7,WN,417,-9,-18,On time,
MCO,ORD,2025-03-29,3,AA,1005,-2,-19,On time,
LAX,EWR,2025-11-29,11,UA,2454,28,6,On time,
HNL,IAH,2025-08-17,8,UA,3904,15,15,Delayed,
CLT,HHH,2025-09-21,9,MQ,206,0,-5,On time,
MHT,DCA,2025-03-10,3,OH,406,-7,-19,On time,
SMF,SAN,2025-11-04,11,OO,480,-10,-9,On time,
SFO,KOA,2025-04-26,4,UA,2367,-2,-18,On time,
EWR,RDU,2025-11-10,11,UA,416,24,38,Delayed,
SNA,PVU,2025-02-08,2,G4,565,14,0,On time,
LAS,ICT,2025-01-17,1,WN,986,-4,-20,On time,
LAS,PHX,2025-11-04,11,WN,255,-3,-15,On time,
DAL,SAN,2025-07-09,7,WN,1182,28,18,Delayed,
MIA,SJU,2025-11-06,11,AA,1045,4,-5,On time,
MDW,GRR,2025-05-07,5,WN,137,-2,-14,On time,
MLI,CLT,2025-01-30,1,OH,674,-10,-7,On time,
MSP,LGA,2025-07-30,7,YX,1020,-9,-27,On time,
DFW,FLL,2025-06-23,6,AA,1119,3,-1,On time,
SFO,JAC,2025-07-19,7,OO,737,16,17,Delayed,
FLL,BOS,2025-12-20,12,B6,1237,19,2,On time,
ICT,VPS,2025-06-19,6,G4,796,-11,-23,On time,
PDX,LAS,2025-01-16,1,F9,763,-12,-14,On time,
ORD,DCA,2025-03-22,3,AA,612,-2,-12,On time,
AVP,CLT,2025-03-04,3,OH,509,-13,-28,On time,
DEN,PHL,2025-01-26,1,AA,1558,11,-15,On time,
CLT,RDU,2025-04-23,4,AA,130,9,1,On time,
JFK,LAX,2025-06-22,6,DL,2475,-8,20,Delayed,
LEX,DCA,2025-05-07,5,YX,414,-4,-18,On time,
ACV,SFO,2025-10-14,10,OO,250,69,70,Delayed,
BOS,CHS,2025-04-26,4,DL,818,-2,0,On time,
PWM,BWI,2025-02-22,2,WN,452,1,11,On time,
PHL,BOS,2025-03-02,3,B6,280,-11,-30,On time,
BWI,BNA,2025-12-19,12,WN,587,-2,-1,On time,
CLT,EWN,2025-03-30,3,OH,221,142,170,Delayed,
JFK,SJU,2025-11-13,11,B6,1598,37,28,Delayed,
DAL,LGA,2025-10-06,10,WN,1381,18,13,On time,
PIT,DEN,2025-09-11,9,WN,1290,-5,-18,On time,
PHX,LAX,2025-09-14,9,F9,370,-6,-11,On time,
MSP,TPA,2025-01-06,1,DL,1306,1,-1,On time,
DTW,RIC,2025-07-20,7,OO,455,16,8,On time,
CLT,CRW,2025-05-15,5,OH,221,4,4,On time,
MSP,DEN,2025-01-19,1,UA,680,5,-13,On time,
ORD,BZN,2025-06-28,6,UA,1185,19,24,Delayed,
PHX,BHM,2025-05-29,5,WN,1455,-3,-19,On time,
RNO,BUR,2025-09-07,9,WN,374,-7,-19,On time,
LIT,ATL,2025-12-01,12,DL,453,75,97,Delayed,
MSP,ORD,2025-08-18,8,YX,334,-2,42,Delayed,
EWR,DFW,2025-07-17,7,UA,1372,-3,-23,On time,
ATL,AUS,2025-08-21,8,DL,813,-2,0,On time,
ACV,SFO,2025-10-31,10,OO,250,-6,4,On time,
BMI,ORD,2025-10-25,10,MQ,116,-7,-24,On time,
FLL,BQN,2025-08-05,8,B6,982,-4,-14,On time,
RDU,DFW,2025-10-16,10,AA,1061,0,-8,On time,
SAT,MDW,2025-11-07,11,WN,1036,0,-2,On time,
MSY,SLC,2025-10-20,10,DL,1429,-6,-3,On time,
MDT,ATL,2025-10-07,10,DL,620,-9,-23,On time,
MSP,TPA,2025-03-27,3,DL,1306,-6,-19,On time,
SAV,PHL,2025-05-31,5,OH,629,-7,-27,On time,
ATL,HSV,2025-01-31,1,DL,151,-1,2,On time,
LAX,PHX,2025-05-02,5,AA,370,-7,-9,On time,
AUS,IAH,2025-01-17,1,UA,140,-12,4,On time,
ORD,BNA,2025-08-24,8,OO,409,27,19,Delayed,
LAS,SAN,2025-10-31,10,OO,258,-1,12,On time,
RDU,ORD,2025-04-02,4,UA,646,59,77,Delayed,
CLT,RIC,2025-02-21,2,AA,257,-1,-2,On time,
DEN,PHX,2025-04-07,4,AA,602,-8,-3,On time,
ABY,ATL,2025-02-10,2,OO,145,-3,-11,On time,
ATL,CMH,2025-09-29,9,DL,447,0,1,On time,
DFW,PDX,2025-04-16,4,AA,1616,-3,-13,On time,
SAN,ORD,2025-03-02,3,UA,1723,-3,9,On time,
TUL,HOU,2025-01-05,1,WN,453,92,90,Delayed,
SEA,ORD,2025-04-06,4,AA,1721,-2,1,On time,
ATL,VPS,2025-04-07,4,DL,250,41,43,Delayed,
SEA,DFW,2025-01-31,1,DL,1660,-7,-8,On time,
IAH,SNA,2025-05-25,5,UA,1346,-1,-1,On time,
DCA,MSP,2025-05-14,5,DL,931,-9,-30,On time,
SFO,IAD,2025-08-30,8,UA,2418,-3,-7,On time,
DFW,IND,2025-12-06,12,AA,761,-3,-7,On time,
MCI,ORD,2025-07-18,7,UA,403,-8,-15,On time,
LAX,DFW,2025-04-28,4,NK,1235,350,343,Delayed,
LAS,COS,2025-05-29,5,WN,604,4,3,On time,
SFB,GRR,2025-08-03,8,G4,1001,32,42,Delayed,
SAT,DEN,2025-08-30,8,WN,794,-1,1,On time,
ORD,LGA,2025-09-03,9,UA,733,2,1,On time,
CLT,BUF,2025-01-15,1,AA,546,-7,-14,On time,
FLL,CLT,2025-02-12,2,AA,632,-10,-24,On time,
AUS,MSY,2025-02-19,2,WN,444,7,13,On time,
DFW,CHS,2025-06-24,6,OH,987,188,186,Delayed,
BDL,CLT,2025-04-23,4,AA,644,-12,-22,On time,
BOS,MEM,2025-06-02,6,YX,1139,-1,-22,On time,
HOU,MCO,2025-11-16,11,WN,849,4,-7,On time,
LAS,SAN,2025-10-03,10,NK,258,-6,20,Delayed,
FLL,LGA,2025-03-20,3,DL,1076,28,25,Delayed,
TPA,BOS,2025-10-20,10,B6,1185,53,73,Delayed,
TYS,LGA,2025-05-15,5,YX,647,62,105,Delayed,
FLL,ATL,2025-09-22,9,NK,581,48,31,Delayed,
ATL,DAB,2025-06-28,6,DL,366,52,47,Delayed,
PBI,ORD,2025-12-28,12,UA,1144,23,71,Delayed,
TLH,ATL,2025-06-20,6,DL,223,33,13,On time,
MRY,PHX,2025-05-18,5,MQ,598,13,10,On time,
JFK,ORD,2025-01-16,1,B6,740,-3,-17,On time,
RSW,ATL,2025-02-13,2,DL,515,22,12,On time,
IAH,MIA,2025-04-21,4,UA,964,-2,-24,On time,
PIT,CLT,2025-12-14,12,AA,366,4,-12,On time,
DEN,DIK,2025-02-11,2,OO,488,57,35,Delayed,
FLL,TYS,2025-04-04,4,G4,709,-11,-17,On time,
LAS,STL,2025-11-07,11,WN,1371,4,-19,On time,
FLL,SYR,2025-12-21,12,G4,1197,28,29,Delayed,
FAT,SFO,2025-09-03,9,OO,158,-3,-14,On time,
LAX,DFW,2025-05-20,5,DL,1235,-14,-28,On time,
SEA,BOS,2025-01-14,1,AS,2496,-2,-16,On time,
HSV,DFW,2025-11-30,11,OH,603,15,48,Delayed,
FLL,HPN,2025-05-01,5,B6,1097,-16,-15,On time,
AUS,BWI,2025-05-20,5,WN,1342,132,113,Delayed,
HNL,ANC,2025-07-02,7,AS,2777,66,51,Delayed,
ATL,DFW,2025-03-19,3,DL,731,10,12,On time,
LRD,DFW,2025-04-01,4,MQ,396,-10,-14,On time,
EWR,ROC,2025-10-23,10,YX,246,-8,-3,On time,
ORD,TYS,2025-09-12,9,OH,475,15,17,Delayed,
HHH,CLT,2025-05-27,5,MQ,207,-12,-18,On time,
JFK,MSY,2025-09-22,9,B6,1182,-4,-8,On time,
RSW,ACY,2025-06-05,6,NK,982,-4,-3,On time,
BWI,RDU,2025-03-22,3,WN,255,14,1,On time,
STL,LGA,2025-01-19,1,YX,888,-7,-16,On time,
LAX,MIA,2025-11-07,11,AA,2342,-3,-8,On time,
DEN,TPA,2025-11-25,11,UA,1506,-1,-14,On time,
SRQ,CLT,2025-05-20,5,AA,547,-1,-6,On time,
MIA,SFO,2025-01-14,1,AA,2585,-3,-23,On time,
PHX,LAX,2025-12-15,12,AA,370,-9,4,On time,
TPA,ATL,2025-07-30,7,WN,406,9,-8,On time,
EWR,CLT,2025-01-27,1,YX,529,-3,-24,On time,
ALB,ORD,2025-06-16,6,UA,723,-5,-14,On time,
BNA,LGA,2025-05-09,5,YX,764,-1,4,On time,
TYS,ATL,2025-10-28,10,DL,152,-13,-24,On time,
DFW,VPS,2025-07-03,7,AA,641,38,23,Delayed,
SLC,JFK,2025-01-15,1,DL,1990,-6,-18,On time,
LAX,CLT,2025-08-12,8,AA,2125,-4,-4,On time,
SEA,BOI,2025-09-15,9,OO,399,-4,-18,On time,
PBI,BWI,2025-03-27,3,WN,883,4,-6,On time,
IAH,BWI,2025-02-15,2,UA,1235,-1,-8,On time,
PDX,SFO,2025-10-24,10,UA,550,-2,8,On time,
MDW,PVD,2025-05-30,5,WN,842,4,0,On time,
PHX,YUM,2025-11-16,11,MQ,160,0,2,On time,
CLT,ORD,2025-10-04,10,AA,599,0,-17,On time,
SGF,ORD,2025-11-01,11,MQ,438,-5,-16,On time,
LAS,ORD,2025-08-29,8,UA,1514,15,3,On time,
DFW,ATW,2025-06-01,6,MQ,908,-5,-5,On time,
AVL,PBI,2025-12-07,12,G4,620,107,109,Delayed,
DFW,ONT,2025-01-18,1,AA,1188,21,5,On time,
SAT,LAS,2025-10-18,10,WN,1069,-5,-12,On time,
PHX,GEG,2025-03-21,3,AA,1020,-5,-13,On time,
MDW,CVG,2025-10-05,10,WN,249,-6,-19,On time,
BUR,DEN,2025-01-06,1,WN,850,-3,7,On time,
DFW,HNL,2025-04-06,4,AA,3784,2,-27,On time,
CVG,BWI,2025-08-25,8,WN,430,95,86,Delayed,
BWI,ALB,2025-11-29,11,WN,288,59,62,Delayed,
ATL,CHS,2025-06-10,6,DL,259,48,56,Delayed,
DFW,DEN,2025-06-09,6,UA,641,-11,-45,On time,
ONT,DFW,2025-08-23,8,AA,1188,-8,-13,On time,
CLT,STT,2025-05-26,5,AA,1520,6,27,Delayed,
MCI,ORD,2025-09-25,9,UA,403,-5,-14,On time,
FSD,MSP,2025-04-02,4,OO,196,181,168,Delayed,
SAN,LAS,2025-08-06,8,WN,258,7,-5,On time,
SEA,ATL,2025-04-04,4,DL,2182,0,9,On time,
LGA,DCA,2025-06-29,6,YX,214,-7,6,On time,
EUG,SFO,2025-07-22,7,UA,451,-7,-2,On time,
ONT,SFO,2025-02-25,2,OO,363,-6,-3,On time,
PDX,ORD,2025-08-27,8,AS,1739,-5,-6,On time,
DFW,CRP,2025-10-27,10,MQ,355,3,-1,On time,
ORD,MCO,2025-08-04,8,NK,1005,0,-9,On time,
MSP,SLC,2025-05-24,5,DL,991,-3,7,On time,
TUS,SFO,2025-01-12,1,OO,751,-4,-5,On time,
BOS,SFO,2025-11-28,11,B6,2704,-2,3,On time,
HPN,CLT,2025-04-29,4,OH,564,-7,-20,On time,
ORD,LAS,2025-12-19,12,WN,1514,23,19,Delayed,
OKC,ATL,2025-02-18,2,DL,761,87,129,Delayed,
SAT,IAH,2025-02-24,2,UA,191,-7,-15,On time,
DFW,BOS,2025-05-16,5,AA,1562,94,78,Delayed,
LAS,LAX,2025-01-08,1,NK,236,-4,0,On time,
BIL,SLC,2025-05-20,5,OO,387,-1,-2,On time,
SJC,DEN,2025-04-09,4,WN,948,-2,12,On time,
EGE,LAX,2025-01-06,1,OO,748,101,88,Delayed,
LGA,MEM,2025-06-25,6,YX,963,-7,-23,On time,
MSP,DEN,2025-12-18,12,UA,680,-5,-41,On time,
ATL,AUS,2025-09-07,9,DL,813,-3,7,On time,
JAN,DFW,2025-03-04,3,OH,408,398,450,Delayed,
XNA,DEN,2025-03-17,3,F9,616,143,157,Delayed,
MCI,BUR,2025-03-21,3,WN,1354,-1,-2,On time,
CLT,LGA,2025-10-09,10,AA,544,-5,-20,On time,
CID,DCA,2025-04-17,4,OH,801,15,12,On time,
BOS,PHL,2025-08-15,8,B6,280,-4,-21,On time,
AUS,PHX,2025-09-02,9,AA,872,-8,-8,On time,
BOS,EWR,2025-01-22,1,UA,200,7,0,On time,
DEN,ORD,2025-09-05,9,WN,888,1,-15,On time,
BUF,BWI,2025-12-17,12,WN,281,5,-1,On time,
MSY,DTW,2025-04-01,4,DL,926,-11,-14,On time,
PGD,FWA,2025-01-05,1,G4,986,59,46,Delayed,
ORD,PHX,2025-10-21,10,AA,1440,1,-11,On time,
IAD,SEA,2025-04-13,4,AS,2306,9,0,On time,
PDX,SEA,2025-01-15,1,OO,129,-3,-16,On time,
LAS,MFE,2025-05-13,5,G4,1210,-7,-28,On time,
FAT,SLC,2025-09-11,9,OO,501,119,108,Delayed,
DAL,LAS,2025-03-17,3,WN,1067,42,51,Delayed,
FLL,CLE,2025-07-07,7,UA,1062,-1,-19,On time,
BOS,BNA,2025-08-18,8,DL,942,-11,-33,On time,
SAT,MCO,2025-04-25,4,NK,1041,8,-5,On time,
ABQ,BUR,2025-09-11,9,WN,672,8,5,On time,
ORD,DTW,2025-08-14,8,OO,235,-1,8,On time,
DFW,CRP,2025-06-02,6,MQ,354,-2,-15,On time,
ORD,DTW,2025-05-07,5,DL,235,-4,1,On time,
BFL,DFW,2025-07-20,7,AA,1271,1607,1614,Delayed,
SHR,DEN,2025-07-30,7,OO,359,71,76,Delayed,
SNA,SFO,2025-05-16,5,OO,372,52,57,Delayed,
DCA,ATL,2025-06-28,6,DL,547,2,12,On time,
RSW,DTW,2025-04-06,4,DL,1084,-6,-15,On time,
CLT,MCI,2025-07-24,7,AA,808,-7,-20,On time,
LAX,DFW,2025-10-31,10,AA,1235,-1,-3,On time,
HNL,LIH,2025-02-21,2,WN,102,-6,-13,On time,
SFO,JFK,2025-12-06,12,AS,2586,21,0,On time,
CVG,BOS,2025-12-03,12,YX,752,11,-9,On time,
OAK,LAX,2025-01-16,1,WN,337,-7,-18,On time,
DSM,PHX,2025-10-13,10,OO,1149,117,129,Delayed,
DEN,SFO,2025-01-04,1,UA,967,242,272,Delayed,
IAH,OMA,2025-08-15,8,UA,781,-4,2,On time,
FLL,DTW,2025-10-19,10,NK,1127,0,-13,On time,
DFW,GCK,2025-03-16,3,MQ,404,23,22,Delayed,
LAS,SNA,2025-10-07,10,NK,226,-11,-24,On time,
LGA,DEN,2025-09-18,9,UA,1620,13,-5,On time,
SLC,BWI,2025-08-09,8,WN,1865,-7,2,On time,
DEN,MSP,2025-04-04,4,UA,680,24,12,On time,
BWI,BDL,2025-11-25,11,WN,283,-1,-10,On time,
TPA,PHX,2025-02-12,2,AA,1788,3,7,On time,
MIA,SEA,2025-04-16,4,AS,2724,12,16,Delayed,
ATL,DEN,2025-10-16,10,UA,1199,-10,-17,On time,
DFW,LIT,2025-12-19,12,OO,304,-3,-5,On time,
DFW,EVV,2025-05-03,5,OO,642,42,36,Delayed,
MCO,DEN,2025-01-15,1,WN,1546,-6,-12,On time,
ORD,OMA,2025-08-25,8,UA,416,-4,-15,On time,
MIA,DEN,2025-07-15,7,UA,1709,-3,-23,On time,
ORD,RSW,2025-03-10,3,UA,1120,-12,-26,On time,
BOS,LAS,2025-05-24,5,B6,2381,-7,-11,On time,
PSP,SFO,2025-05-21,5,OO,421,-9,9,On time,
DFW,MLU,2025-10-15,10,MQ,293,-6,-13,On time,
EWR,MYR,2025-06-26,6,YX,550,449,440,Delayed,
LAX,GEG,2025-05-26,5,G4,945,-9,-30,On time,
DFW,IND,2025-06-29,6,NK,761,2,1,On time,
MIA,LAX,2025-08-10,8,AA,2342,-4,-6,On time,
PHL,DTW,2025-09-12,9,AA,453,-6,-14,On time,
MKE,ORD,2025-08-30,8,OO,67,-6,-21,On time,
LGA,MIA,2025-09-29,9,DL,1096,10,10,On time,
ATL,MDT,2025-05-15,5,DL,620,-4,-11,On time,
FWA,AZA,2025-04-11,4,G4,1546,56,52,Delayed,
HNL,SEA,2025-03-06,3,AS,2677,-12,11,On time,
PHL,IND,2025-05-08,5,YX,588,-6,-21,On time,
IDA,SLC,2025-04-27,4,OO,188,-13,-1,On time,
EWR,PDX,2025-07-13,7,UA,2434,-2,-19,On time,
ORF,LGA,2025-02-17,2,YX,296,0,12,On time,
HSV,ATL,2025-03-09,3,DL,151,-6,-7,On time,
EWR,IND,2025-12-30,12,YX,645,24,2,On time,
GSO,DEN,2025-07-16,7,OO,1370,-4,-6,On time,
CLT,EWR,2025-11-03,11,NK,529,-10,-36,On time,
DFW,SJC,2025-05-19,5,AA,1438,48,53,Delayed,
DEN,DFW,2025-08-07,8,UA,641,24,20,Delayed,
FLL,SJU,2025-05-31,5,NK,1046,2,-1,On time,
BNA,FLL,2025-05-11,5,NK,793,-4,-2,On time,
RIC,MIA,2025-12-06,12,AA,826,105,94,Delayed,
TPA,BWI,2025-03-18,3,WN,842,-1,-1,On time,
COS,DEN,2025-03-17,3,OO,73,9,-4,On time,
PIT,LAX,2025-12-22,12,AA,2136,0,-24,On time,
LAS,MSO,2025-06-13,6,G4,750,-9,-2,On time,
ATL,CLE,2025-05-26,5,DL,554,2,6,On time,
MCO,SAN,2025-12-01,12,AS,2149,-10,-28,On time,
BWI,JAX,2025-12-04,12,WN,663,7,6,On time,
STL,PIT,2025-02-22,2,WN,554,28,23,Delayed,
ATL,PWM,2025-04-26,4,DL,1027,-8,-20,On time,
MRY,DEN,2025-04-02,4,OO,959,-9,-11,On time,
HNL,LAX,2025-03-27,3,HA,2556,-3,-19,On time,
BOS,DCA,2025-08-31,8,AA,399,-12,-11,On time,
OAK,LIH,2025-10-01,10,HA,2456,-1,3,On time,
LAX,DEN,2025-03-28,3,UA,862,-5,-15,On time,
ORD,MSP,2025-11-06,11,DL,334,10,9,On time,
PIT,MYR,2025-07-13,7,G4,475,-5,-7,On time,
ORD,MGW,2025-08-17,8,OO,449,108,86,Delayed,
SEA,CMH,2025-09-29,9,AS,2016,-2,-2,On time,
ITO,HNL,2025-06-16,6,HA,216,14,21,Delayed,
LAX,JFK,2025-12-11,12,DL,2475,-1,8,On time,
ILM,LGA,2025-05-22,5,YX,500,-9,-3,On time,
HNL,OGG,2025-03-03,3,HA,100,6,10,On time,
GEG,PHX,2025-10-25,10,WN,1020,-5,-4,On time,
PBI,DFW,2025-07-07,7,AA,1102,41,31,Delayed,
DEN,PHX,2025-10-07,10,UA,602,0,2,On time,
XNA,CLT,2025-05-21,5,AA,754,7,-11,On time,
TPA,LAS,2025-07-24,7,NK,1984,6,-4,On time,
XNA,PHX,2025-07-31,7,MQ,1023,-7,-12,On time,
DEN,LGA,2025-07-06,7,UA,1620,-1,-10,On time,
MDW,MIA,2025-09-28,9,WN,1182,-4,-8,On time,
CLT,ORF,2025-02-16,2,OH,290,2,34,Delayed,
DTW,ATL,2025-01-25,1,DL,594,2,-20,On time,
DFW,IND,2025-02-21,2,F9,761,-9,-21,On time,
KOA,PHX,2025-06-04,6,AA,2860,-8,-10,On time,
LAS,SNA,2025-03-11,3,OO,226,-10,-27,On time,
SAT,MDW,2025-07-16,7,WN,1036,17,12,On time,
SAN,ORD,2025-09-09,9,AA,1723,-8,-43,On time,
CLT,JFK,2025-03-28,3,YX,541,-6,-18,On time,
ATW,AZA,2025-07-31,7,G4,1452,-5,-7,On time,
PHX,OMA,2025-11-11,11,WN,1037,2,-6,On time,
DFW,GRK,2025-11-09,11,MQ,134,0,8,On time,
HOU,HRL,2025-04-21,4,WN,277,40,84,Delayed,
PDX,ATL,2025-05-03,5,DL,2172,-3,6,On time,
DFW,AUS,2025-04-10,4,AA,190,3,-5,On time,
ONT,MDW,2025-03-08,3,WN,1706,-6,-15,On time,
SAT,DEN,2025-09-24,9,UA,794,-9,-2,On time,
SFO,CLT,2025-04-07,4,AA,2296,-5,-31,On time,
ORD,ATL,2025-10-03,10,DL,606,-11,-33,On time,
ORD,GSP,2025-08-14,8,YX,577,-7,-26,On time,
EWR,SEA,2025-05-03,5,UA,2402,83,70,Delayed,
OGG,SFO,2025-10-01,10,UA,2338,-6,-5,On time,
PIT,MCO,2025-07-22,7,WN,834,40,75,Delayed,
FLL,ATL,2025-05-09,5,NK,581,16,-1,On time,
OKC,LAS,2025-11-18,11,WN,986,67,74,Delayed,
OAK,SNA,2025-11-09,11,WN,371,45,33,Delayed,
MSP,MKE,2025-12-14,12,DL,297,-5,-12,On time,
LAS,OGG,2025-03-20,3,HA,2695,-3,-3,On time,
ITO,HNL,2025-07-20,7,HA,216,-3,-2,On time,
SLC,SEA,2025-03-04,3,DL,689,-6,-19,On time,
BOS,SDF,2025-11-07,11,YX,829,-7,-17,On time,
DTW,ATL,2025-07-24,7,F9,594,-5,-16,On time,
DCA,BNA,2025-11-03,11,YX,562,-12,-4,On time,
IAH,PHX,2025-03-26,3,UA,1009,-6,-26,On time,
SNA,SEA,2025-09-26,9,AS,978,-8,-3,On time,
DEN,SFO,2025-09-27,9,UA,967,108,84,Delayed,
ATL,LAS,2025-12-14,12,DL,1747,43,19,Delayed,
LAS,PDX,2025-02-09,2,NK,763,-3,-16,On time,
BWI,MSP,2025-12-12,12,WN,936,23,23,Delayed,
CHS,PHL,2025-04-29,4,AA,550,-8,-6,On time,
PHX,LAX,2025-03-08,3,AA,370,21,7,On time,
LAX,GEG,2025-09-07,9,OO,945,-6,-11,On time,
MIA,IAD,2025-06-03,6,UA,921,-4,-14,On time,
OAK,LAX,2025-09-07,9,WN,337,-8,-25,On time,
MSN,PHX,2025-01-23,1,AA,1396,-2,-38,On time,
JFK,BOS,2025-04-26,4,B6,187,-1,27,Delayed,
SEA,SNA,2025-06-29,6,OO,978,-3,15,Delayed,
DFW,BWI,2025-02-02,2,AA,1217,-1,-2,On time,
PHL,MCO,2025-01-07,1,AA,861,-5,-16,On time,
HNL,OGG,2025-07-27,7,HA,101,-5,-4,On time,
MCI,MIA,2025-02-14,2,AA,1251,-2,-8,On time,
LAX,SBP,2025-10-21,10,OO,155,-10,-28,On time,
PHX,PDX,2025-05-27,5,AA,1009,-6,-19,On time,
LAX,SFO,2025-11-24,11,UA,337,-1,-11,On time,
SEA,BLI,2025-09-20,9,OO,93,-6,-17,On time,
MIA,CMH,2025-04-01,4,MQ,990,-10,-7,On time,
GPT,DFW,2025-06-18,6,MQ,500,-8,13,On time,
ATL,DFW,2025-03-07,3,NK,731,-3,4,On time,
ORD,BNA,2025-12-21,12,MQ,409,24,15,Delayed,
ATL,BOS,2025-09-24,9,B6,946,-5,-25,On time,
ORD,HDN,2025-01-02,1,UA,1009,-2,-15,On time,
AUS,MCO,2025-09-21,9,WN,994,-5,-17,On time,
LAS,IND,2025-10-06,10,G4,1590,-4,-6,On time,
ATW,ORD,2025-06-02,6,OO,160,-14,-16,On time,
DFW,OMA,2025-06-22,6,AA,583,24,13,On time,
AUS,BNA,2025-05-02,5,WN,756,-5,-6,On time,
PBI,JFK,2025-01-24,1,B6,1028,1,-29,On time,
MIA,BOS,2025-08-26,8,AA,1258,-4,-37,On time,
SFO,ATL,2025-11-15,11,DL,2139,-7,-13,On time,
ATL,PWM,2025-05-24,5,DL,1027,48,36,Delayed,
CVG,MCO,2025-02-22,2,DL,757,10,-8,On time,
DFW,BTR,2025-08-13,8,OH,383,-7,18,Delayed,
DEN,MCI,2025-08-29,8,WN,533,23,14,On time,
SLC,FAT,2025-09-07,9,OO,501,-1,-9,On time,
ATL,ELP,2025-06-06,6,DL,1282,13,31,Delayed,
PIT,LGA,2025-02-27,2,YX,335,-4,-16,On time,
SAV,EWR,2025-01-06,1,YX,708,-2,-7,On time,
SNA,SJC,2025-09-08,9,WN,342,-4,-16,On time,
IND,PHX,2025-08-27,8,WN,1489,39,35,Delayed,
BNA,DCA,2025-08-18,8,YX,562,-4,12,On time,
LAX,CLT,2025-06-07,6,AA,2125,56,33,Delayed,
BOS,LAX,2025-08-06,8,AA,2611,-1,-9,On time,
MSN,ORD,2025-10-07,10,UA,108,-21,-15,On time,
PHL,DEN,2025-06-20,6,WN,1558,3,-11,On time,
DAL,HRL,2025-09-23,9,WN,458,15,4,On time,
MCO,BWI,2025-11-23,11,WN,787,-1,-12,On time,
SFO,BOS,2025-08-20,8,B6,2704,-4,-10,On time,
SJU,CLT,2025-01-24,1,AA,1475,19,-2,On time,
DCA,ORD,2025-07-15,7,UA,612,-1,-31,On time,
SBA,DEN,2025-09-12,9,UA,916,-3,-17,On time,
MIA,LAX,2025-10-29,10,DL,2342,-6,1,On time,
SAT,EWR,2025-10-02,10,UA,1569,-11,-18,On time,
OMA,LAX,2025-05-23,5,OO,1330,6,5,On time,
ORD,BOS,2025-12-06,12,YX,867,-5,-23,On time,
LBB,DFW,2025-06-08,6,AA,282,-3,-12,On time,
PNS,ATL,2025-01-16,1,DL,271,-7,-21,On time,
IAD,IAH,2025-08-07,8,UA,1190,0,-7,On time,
DFW,DTW,2025-02-23,2,AA,986,72,84,Delayed,
ORD,SAN,2025-12-22,12,UA,1723,-4,-16,On time,
SNA,OAK,2025-07-07,7,NK,371,-7,-14,On time,
FAI,SEA,2025-12-19,12,AS,1533,84,66,Delayed,
DTW,PVD,2025-10-26,10,OO,615,8,2,On time,
ORD,LIT,2025-02-01,2,MQ,552,-4,-5,On time,
BOS,AUS,2025-11-28,11,DL,1698,-6,-25,On time,
LAS,STL,2025-12-07,12,WN,1371,14,1,On time,
SLC,SFO,2025-02-14,2,UA,599,-7,-17,On time,
GEG,SLC,2025-12-26,12,OO,546,-8,-7,On time,
TPA,CLT,2025-11-15,11,AA,507,-2,9,On time,
DEN,AUS,2025-01-04,1,WN,775,-1,4,On time,
SJC,LAS,2025-01-28,1,WN,386,2,-4,On time,
EUG,SFO,2025-12-02,12,UA,451,-8,-33,On time,
DEN,XNA,2025-10-19,10,OO,616,1,-7,On time,
MIA,BDL,2025-07-04,7,AA,1194,-2,-3,On time,
MSP,XWA,2025-12-20,12,OO,553,3,-19,On time,
CID,DCA,2025-02-17,2,OH,801,-5,-17,On time,
DEN,LAX,2025-04-07,4,WN,862,13,-10,On time,
CMH,SFO,2025-04-15,4,UA,2120,-3,-6,On time,
ORF,JFK,2025-08-25,8,YX,290,-6,-9,On time,
DAL,AUS,2025-08-18,8,WN,189,-6,-21,On time,
PHX,LAS,2025-05-22,5,AA,255,-9,-15,On time,
ORD,HPN,2025-04-17,4,MQ,738,-4,-20,On time,
COU,ORD,2025-10-04,10,OO,315,-10,-26,On time,
LAX,FLL,2025-10-03,10,DL,2343,-1,-1,On time,
SFO,AUS,2025-08-31,8,AS,1504,-8,-23,On time,
ORD,SYR,2025-03-20,3,UA,607,2,-5,On time,
LGA,DCA,2025-04-26,4,YX,214,-5,0,On time,
AUS,DEN,2025-07-25,7,WN,775,0,2,On time,
MVY,DCA,2025-08-23,8,YX,383,29,22,Delayed,
DFW,LGA,2025-01-04,1,DL,1389,-1,-1,On time,
LIH,SJC,2025-04-29,4,AS,2466,-5,9,On time,
TPA,CLT,2025-02-13,2,AA,507,-12,-7,On time,
ORD,BNA,2025-12-11,12,OO,409,99,77,Delayed,
DEN,MSP,2025-01-17,1,WN,680,0,-11,On time,
IAH,HDN,2025-01-01,1,UA,985,2,-1,On time,
BNA,ORD,2025-11-14,11,WN,409,8,-3,On time,
LAX,SAN,2025-07-19,7,OO,109,-12,-24,On time,
JFK,LAS,2025-04-04,4,B6,2248,-5,-29,On time,
DCA,RSW,2025-05-16,5,AA,892,-11,-40,On time,
DFW,COU,2025-01-02,1,OO,490,-4,2,On time,
DTW,MDW,2025-04-14,4,WN,228,-3,-10,On time,
ATL,DCA,2025-05-11,5,DL,547,132,131,Delayed,
SEA,DCA,2025-07-08,7,DL,2329,0,-6,On time,
JNU,ANC,2025-05-22,5,AS,571,-22,-15,On time,
GSP,ATL,2025-02-11,2,DL,153,-10,4,On time,
SAF,DFW,2025-04-19,4,OO,551,59,53,Delayed,
ATL,RIC,2025-08-28,8,DL,481,2,-5,On time,
BWI,FLL,2025-01-16,1,NK,925,-5,-20,On time,
DFW,PHX,2025-06-30,6,AA,868,2,-6,On time,
LAX,TUS,2025-04-30,4,OO,451,-10,-18,On time,
DEN,LAX,2025-06-17,6,DL,862,172,176,Delayed,
ATL,FLL,2025-04-08,4,NK,581,-1,-4,On time,
SNA,IAH,2025-04-27,4,UA,1346,-4,-4,On time,
MIA,IAH,2025-04-30,4,AA,964,-8,-22,On time,
LAS,ELP,2025-12-07,12,WN,584,47,42,Delayed,
DEN,XNA,2025-05-09,5,UA,616,0,4,On time,
PHL,DEN,2025-11-12,11,WN,1558,0,-1,On time,
SEA,SFO,2025-12-06,12,OO,679,-6,-20,On time,
MCO,HOU,2025-05-12,5,WN,849,5,11,On time,
BOI,SFO,2025-02-05,2,OO,522,7,12,On time,
ORD,OKC,2025-06-12,6,OO,693,203,198,Delayed,
LAX,STS,2025-10-21,10,OO,399,-7,-28,On time,
OKC,ATL,2025-09-19,9,DL,761,-8,-16,On time,
DEN,LBB,2025-01-03,1,OO,456,0,-7,On time,
ATL,LGA,2025-10-04,10,YX,762,-7,-9,On time,
DFW,MFE,2025-10-07,10,AA,469,-3,2,On time,
DAL,OMA,2025-06-21,6,WN,586,8,-2,On time,
DAL,COS,2025-04-10,4,WN,602,-5,-9,On time,
MIA,DEN,2025-10-05,10,WN,1709,-1,-19,On time,
SLC,ONT,2025-05-17,5,DL,558,3,-1,On time,
ABQ,PHX,2025-12-21,12,OO,328,6,14,On time,
DEN,ATL,2025-08-10,8,DL,1199,64,40,Delayed,
PBI,EWR,2025-05-22,5,B6,1023,-3,10,On time,
DEN,HOB,2025-08-20,8,OO,501,-5,-21,On time,
BWI,MCO,2025-12-07,12,WN,787,-2,2,On time,
SWO,DFW,2025-01-24,1,OO,225,-16,-22,On time,
BOS,PHL,2025-07-30,7,AA,280,2,-3,On time,
PHX,MEM,2025-12-14,12,WN,1264,24,18,Delayed,
ORD,LGA,2025-05-09,5,UA,733,24,24,Delayed,
MSY,IAD,2025-11-26,11,UA,955,-3,4,On time,
CLT,IND,2025-12-05,12,AA,427,9,6,On time,
DAL,IND,2025-12-15,12,WN,755,-4,-9,On time,
RDM,SEA,2025-06-06,6,AS,228,10,8,On time,
CLT,TPA,2025-03-01,3,AA,507,-7,-1,On time,
ATL,MCO,2025-02-07,2,DL,404,-2,-12,On time,
DEN,GEG,2025-03-03,3,WN,836,49,39,Delayed,
ABQ,SAN,2025-08-05,8,WN,628,-4,-11,On time,
IAD,DFW,2025-03-15,3,AA,1172,-6,49,Delayed,
EWR,BOS,2025-08-23,8,UA,200,7,-6,On time,
SJC,BWI,2025-08-22,8,WN,2439,0,0,On time,
ORD,MKE,2025-04-04,4,OO,67,7,-3,On time,
DFW,SMF,2025-08-17,8,AA,1431,0,-3,On time,
MCO,MSP,2025-11-18,11,DL,1310,-6,-2,On time,
LAS,IAH,2025-02-21,2,UA,1222,-3,-14,On time,
DEN,ORD,2025-06-09,6,UA,888,-7,-8,On time,
PHL,MCI,2025-04-23,4,OH,1038,-4,-11,On time,
SJC,PSP,2025-06-03,6,WN,390,-2,-5,On time,
DFW,TYS,2025-07-11,7,OH,772,-6,-20,On time,
BWI,IAH,2025-06-11,6,UA,1235,-7,-18,On time,
LAS,GEG,2025-07-16,7,WN,806,7,3,On time,
MIA,IAD,2025-10-13,10,UA,922,-7,4,On time,
AUS,IAH,2025-01-29,1,UA,140,-7,-15,On time,
JFK,MIA,2025-11-23,11,AA,1089,-10,-40,On time,
BOS,LAX,2025-01-23,1,UA,2611,-10,-27,On time,
MCO,BWI,2025-08-01,8,WN,787,5,-11,On time,
DFW,TLH,2025-04-17,4,MQ,767,-5,-15,On time,
FLL,MCO,2025-02-07,2,WN,177,-6,-23,On time,
LAS,OAK,2025-02-17,2,WN,407,10,-12,On time,
ILM,LGA,2025-10-06,10,YX,500,-5,-13,On time,
TUL,DFW,2025-10-25,10,MQ,237,11,14,On time,
ORD,OKC,2025-07-02,7,OO,693,-6,-8,On time,
HSV,DCA,2025-05-24,5,OH,613,27,43,Delayed,
BTV,DCA,2025-04-09,4,AA,437,-10,-8,On time,
MIA,RDU,2025-03-18,3,AA,700,27,28,Delayed,
MCO,RIC,2025-01-04,1,B6,667,11,9,On time,
EWR,MKE,2025-10-31,10,YX,725,127,144,Delayed,
LAS,PHX,2025-10-20,10,WN,255,-4,-14,On time,
ORD,DCA,2025-09-09,9,AA,612,44,32,Delayed,
SMF,LGB,2025-01-23,1,WN,387,-2,-4,On time,
ATL,MDT,2025-04-08,4,DL,620,2,-7,On time,
MEM,DEN,2025-06-03,6,UA,872,39,55,Delayed,
SMF,LAS,2025-03-30,3,WN,397,0,-8,On time,
AUS,SMF,2025-07-27,7,WN,1481,1,-12,On time,
DAL,SAN,2025-04-22,4,WN,1182,25,19,Delayed,
ORF,BWI,2025-11-27,11,WN,159,-6,-17,On time,
PDX,SAN,2025-12-14,12,AS,933,-6,-7,On time,
SFO,MCO,2025-12-06,12,UA,2446,-3,-22,On time,
SLC,JAC,2025-08-17,8,DL,205,18,20,Delayed,
SJU,MCO,2025-02-23,2,NK,1189,-10,-9,On time,
ORD,LSE,2025-10-27,10,MQ,215,-3,-17,On time,
ORD,SLC,2025-11-10,11,DL,1250,73,58,Delayed,
PHL,LAS,2025-08-25,8,NK,2177,97,100,Delayed,
CLT,AUS,2025-02-17,2,AA,1032,102,99,Delayed,
DCA,CMH,2025-09-24,9,YX,323,-7,-18,On time,
DCA,CRW,2025-10-09,10,OH,249,-11,-6,On time,
SMF,PHX,2025-05-01,5,WN,647,1,1,On time,
ANC,FAI,2025-11-09,11,AS,261,9,15,Delayed,
IAD,SJU,2025-06-01,6,UA,1571,-1,-6,On time,
LAS,ATL,2025-01-06,1,DL,1747,-4,-23,On time,
LGA,GSO,2025-09-28,9,YX,461,-8,-21,On time,
HOU,SAT,2025-12-19,12,WN,192,-5,-8,On time,
CLT,PNS,2025-06-02,6,AA,488,-9,-18,On time,
PVU,PDX,2025-07-21,7,G4,664,-15,-16,On time,
ATL,SRQ,2025-12-31,12,DL,444,78,80,Delayed,
LAS,ELP,2025-06-18,6,WN,583,0,-15,On time,
DFW,FLL,2025-07-31,7,AA,1119,43,29,Delayed,
ATL,AVL,2025-05-13,5,DL,164,-7,-15,On time,
BTV,ORD,2025-01-24,1,UA,763,-14,-22,On time,
BWI,MIA,2025-02-03,2,WN,946,-4,-18,On time,
DEN,RNO,2025-06-22,6,WN,804,-2,-7,On time,
CVG,JFK,2025-04-25,4,YX,589,-8,-3,On time,
SEA,FAI,2025-10-30,10,AS,1533,-6,-41,On time,
DFW,MAF,2025-06-07,6,MQ,309,0,-1,On time,
OGG,HNL,2025-07-18,7,HA,101,-5,-5,On time,
DTW,HPN,2025-03-14,3,OO,505,-2,-9,On time,
MIA,CLE,2025-04-19,4,AA,1080,-8,-20,On time,
LAX,FLL,2025-06-09,6,B6,2343,-6,-38,On time,
PHX,DFW,2025-11-28,11,AA,868,4,-2,On time,
PIE,BGR,2025-10-04,10,G4,1394,-11,-11,On time,
PHL,PNS,2025-10-28,10,AA,935,-11,1,On time,
HNL,OGG,2025-09-23,9,HA,101,-3,2,On time,
GSP,DCA,2025-02-21,2,OH,396,-13,-3,On time,
BOS,JFK,2025-12-07,12,YX,187,2,-20,On time,
DEN,COS,2025-12-15,12,WN,73,-6,-17,On time,
TLH,MIA,2025-01-28,1,MQ,402,-10,-18,On time,
MDW,PHX,2025-03-28,3,WN,1444,10,-6,On time,
SLC,HNL,2025-04-24,4,DL,2994,1,-5,On time,
EWR,BOS,2025-11-30,11,UA,200,-1,6,On time,
IAH,SAN,2025-05-23,5,UA,1303,6,11,On time,
TPA,JFK,2025-02-22,2,DL,1005,0,-6,On time,
BUF,BOS,2025-08-13,8,B6,395,-7,-15,On time,
EWR,ORD,2025-08-02,8,UA,719,-7,-12,On time,
MHT,DCA,2025-04-12,4,OH,406,272,276,Delayed,
LIT,DAL,2025-06-03,6,WN,296,-4,-15,On time,
ORD,PDX,2025-08-21,8,AA,1739,54,47,Delayed,
EWR,MCO,2025-01-07,1,UA,937,164,152,Delayed,
FLL,CLT,2025-01-03,1,AA,632,-3,1,On time,
PIT,PHL,2025-05-05,5,OH,268,10,7,On time,
SAV,BOS,2025-02-13,2,B6,901,2,-12,On time,
MSP,MCI,2025-03-27,3,DL,393,-4,-17,On time,
SAN,ATL,2025-12-23,12,DL,1892,1,-9,On time,
CLT,PIT,2025-03-19,3,AA,366,-2,-8,On time,
MCO,BNA,2025-01-20,1,NK,616,-3,-7,On time,
MDW,BWI,2025-03-09,3,WN,611,2,-14,On time,
LGA,MCO,2025-07-02,7,DL,950,8,37,Delayed,
LGA,DFW,2025-07-30,7,DL,1389,-9,46,Delayed,
PHL,LEX,2025-07-22,7,OH,520,-12,-22,On time,
DFW,LAS,2025-10-19,10,AA,1055,-1,23,Delayed,
LAS,SLC,2025-08-03,8,WN,368,27,13,On time,
SAT,DFW,2025-12-05,12,AA,247,-2,-5,On time,
EWR,MCO,2025-11-07,11,UA,937,184,173,Delayed,
ABQ,LAX,2025-03-30,3,OO,677,-7,-16,On time,
ORD,DEN,2025-09-16,9,UA,888,-2,-22,On time,
RNO,DEN,2025-04-07,4,F9,804,9,13,On time,
FAT,SEA,2025-07-19,7,OO,748,-10,-4,On time,
CLE,DCA,2025-02-04,2,OH,310,-6,12,On time,
SAT,CLT,2025-12-23,12,AA,1095,-6,-14,On time,
SJU,JFK,2025-04-10,4,DL,1598,6,-25,On time,
PNS,CLT,2025-02-03,2,OH,488,-11,-4,On time,
BNA,BOS,2025-10-05,10,B6,942,10,19,Delayed,
SNA,SMF,2025-02-02,2,WN,404,75,72,Delayed,
CVG,MDW,2025-10-04,10,WN,249,-10,-21,On time,
FLL,LGA,2025-06-15,6,B6,1076,12,27,Delayed,
GRR,ORD,2025-05-03,5,MQ,137,-1,-2,On time,
LEX,CLT,2025-03-02,3,OH,281,-10,34,Delayed,
ATL,TPA,2025-01-01,1,WN,406,5,15,Delayed,
OKC,DEN,2025-03-30,3,WN,495,51,70,Delayed,
GSO,ATL,2025-06-10,6,DL,306,-2,-17,On time,
DFW,CLE,2025-06-23,6,AA,1021,-1,-15,On time,
PDX,PHX,2025-01-24,1,WN,1009,5,-1,On time,
ATL,AUS,2025-02-14,2,WN,813,-2,-19,On time,
SLC,ABQ,2025-11-13,11,OO,493,-8,-4,On time,
DEN,AUS,2025-04-17,4,WN,775,2,-4,On time,
ATL,SAT,2025-12-05,12,DL,874,-7,-3,On time,
MSO,DFW,2025-05-25,5,AA,1320,-9,-16,On time,
IAD,ATL,2025-10-11,10,UA,534,10,0,On time,
PSC,MSP,2025-04-02,4,OO,1254,-7,1,On time,
JFK,SJU,2025-08-28,8,F9,1598,29,45,Delayed,
ATL,PIT,2025-01-15,1,DL,526,-4,-7,On time,
SGF,ORD,2025-09-07,9,MQ,438,-1,4,On time,
SFO,EWR,2025-08-12,8,UA,2565,-1,3,On time,
MSP,LGA,2025-01-20,1,YX,1020,82,103,Delayed,
MIA,DEN,2025-11-03,11,F9,1709,-1,-19,On time,
BZN,ORD,2025-09-11,9,OO,1185,-7,-3,On time,
BOS,DCA,2025-02-25,2,B6,399,-7,-17,On time,
RDU,LGA,2025-10-02,10,DL,431,-9,-1,On time,
SJT,DFW,2025-10-03,10,OO,229,-9,-7,On time,
SFO,SNA,2025-03-13,3,F9,372,-12,-22,On time,
MIA,RDU,2025-06-22,6,F9,700,2,-11,On time,
ATL,RDU,2025-05-30,5,DL,356,38,30,Delayed,
MSP,ORD,2025-08-20,8,YX,334,-11,-9,On time,
ORD,SEA,2025-03-05,3,DL,1721,1,-47,On time,
DCA,TYS,2025-11-13,11,OH,437,-8,-27,On time,
SFO,LAX,2025-03-02,3,OO,337,-1,17,Delayed,
ORD,ATL,2025-06-30,6,AA,606,165,150,Delayed,
MEM,ATL,2025-02-25,2,DL,332,-5,-17,On time,
SBA,SFO,2025-10-27,10,OO,262,-9,-8,On time,
CID,DEN,2025-03-14,3,UA,692,15,1,On time,
FLL,ATL,2025-03-26,3,DL,581,-8,-23,On time,
MDW,SLC,2025-02-21,2,WN,1259,-6,-39,On time,
PHX,MDW,2025-07-15,7,WN,1444,-5,-15,On time,
AUS,SEA,2025-01-18,1,AS,1770,-7,-11,On time,
EWR,PBI,2025-03-20,3,UA,1023,-6,9,On time,
DEN,ICT,2025-05-23,5,OO,420,-6,-15,On time,
BOS,IAD,2025-09-25,9,UA,412,3,-6,On time,
DEN,DFW,2025-09-10,9,AA,641,-9,-21,On time,
OMA,CLT,2025-06-18,6,AA,913,-2,3,On time,
IAH,OKC,2025-12-21,12,OO,395,97,89,Delayed,
MDT,CLT,2025-05-25,5,AA,413,-5,-17,On time,
PHX,MCI,2025-04-10,4,OO,1044,-2,-5,On time,
DTW,PIT,2025-05-10,5,OO,201,-2,-8,On time,
DEN,PHX,2025-08-13,8,WN,602,20,3,On time,
TVC,DFW,2025-07-24,7,AA,1022,73,65,Delayed,
DFW,ABQ,2025-10-21,10,AA,569,22,10,On time,
SNA,LAS,2025-01-10,1,OO,226,-6,-9,On time,
DFW,MCI,2025-05-01,5,OO,460,-6,-10,On time,
IAD,DFW,2025-09-01,9,AA,1172,121,100,Delayed,
BWI,ISP,2025-02-04,2,WN,220,1,-14,On time,
EWR,RSW,2025-10-24,10,UA,1068,-9,-12,On time,
DAL,HOU,2025-07-09,7,WN,239,67,112,Delayed,
SFO,LAX,2025-05-05,5,UA,337,3,-3,On time,
BFL,SFO,2025-06-21,6,OO,238,-2,6,On time,
MIA,DCA,2025-12-12,12,AA,919,0,-6,On time,
SEA,GEG,2025-01-05,1,AS,224,29,24,Delayed,
ORD,DCA,2025-11-10,11,OO,612,19,6,On time,
DFW,BTR,2025-05-03,5,MQ,383,-3,-18,On time,
DEN,HOU,2025-05-01,5,WN,883,10,-6,On time,
CHS,ORD,2025-12-13,12,MQ,760,-9,-3,On time,
ONT,SEA,2025-01-05,1,F9,956,-7,-23,On time,
TLH,ATL,2025-03-24,3,DL,223,-9,-22,On time,
SFO,SAN,2025-01-05,1,UA,447,-8,3,On time,
IND,JFK,2025-08-17,8,YX,665,-2,24,Delayed,
FLL,SFO,2025-01-26,1,UA,2584,-2,-10,On time,
LAX,DFW,2025-02-23,2,AA,1235,0,-2,On time,
DCA,DFW,2025-05-22,5,AA,1192,-10,-19,On time,
ISP,MCO,2025-06-09,6,WN,971,-7,3,On time,
LIH,HNL,2025-07-23,7,WN,102,-2,-14,On time,
SRQ,EWR,2025-02-12,2,UA,1034,2,-16,On time,
CAE,DCA,2025-10-28,10,OH,408,-10,-21,On time,
DFW,PDX,2025-06-04,6,AS,1616,-3,0,On time,
JFK,SFO,2025-01-17,1,DL,2586,3,1,On time,
MDW,PHL,2025-07-19,7,WN,668,-6,-6,On time,
SFO,JFK,2025-06-17,6,AS,2586,24,34,Delayed,
HNL,KOA,2025-07-17,7,HA,163,120,125,Delayed,
JFK,MHT,2025-07-25,7,B6,199,131,111,Delayed,
ICT,IAH,2025-08-10,8,OO,542,-7,-17,On time,
BDL,ATL,2025-09-13,9,DL,859,-3,-21,On time,
ATL,JFK,2025-07-22,7,DL,760,-1,-25,On time,
BWI,SAN,2025-04-18,4,WN,2295,4,15,Delayed,
MIA,JFK,2025-04-27,4,AA,1089,32,28,Delayed,
MIA,IAH,2025-12-20,12,AA,964,-5,-16,On time,
SEA,ORD,2025-12-11,12,DL,1721,280,246,Delayed,
ILM,MIA,2025-05-28,5,AA,601,-7,-19,On time,
HOU,DAL,2025-09-30,9,WN,239,-4,-16,On time,
MSP,DTW,2025-07-24,7,DL,528,-4,-4,On time,
HOU,STL,2025-06-27,6,WN,687,7,-4,On time,
FLL,PHL,2025-04-03,4,NK,992,-7,-12,On time,
BZN,SLC,2025-02-13,2,OO,347,-3,-10,On time,
DTW,AUS,2025-07-17,7,DL,1149,52,60,Delayed,
OKC,ATL,2025-07-03,7,F9,761,-5,15,Delayed,
SMF,SAN,2025-07-02,7,OO,480,-10,-19,On time,
ATL,MKE,2025-11-01,11,DL,669,-9,-20,On time,
SJC,DFW,2025-05-17,5,AA,1438,11,3,On time,
SMF,MCO,2025-11-26,11,WN,2408,0,-15,On time,
PHX,OKC,2025-05-19,5,OO,833,-3,-9,On time,
MDW,BNA,2025-02-14,2,WN,395,96,107,Delayed,
AMA,DFW,2025-05-14,5,MQ,312,-2,-2,On time,
IND,DEN,2025-06-03,6,WN,977,34,42,Delayed,
SAN,CLT,2025-09-23,9,AA,2077,-5,-33,On time,
SLC,MCI,2025-08-27,8,DL,920,-9,-21,On time,
TPA,MDW,2025-07-10,7,WN,997,0,-14,On time,
CLE,ATL,2025-11-03,11,DL,554,7,1,On time,
MCI,ORD,2025-09-11,9,MQ,403,14,20,Delayed,
IAH,ORD,2025-12-20,12,UA,925,0,-9,On time,
IAD,EWR,2025-02-18,2,UA,212,-5,-11,On time,
DSM,PHX,2025-01-06,1,AA,1150,-8,-27,On time,
EWR,MCI,2025-07-02,7,YX,1092,137,127,Delayed,
GRR,ATL,2025-05-07,5,DL,640,-6,-8,On time,
CVG,PHL,2025-03-25,3,OH,507,-11,-13,On time,
SFO,SNA,2025-05-08,5,OO,372,-4,-12,On time,
FLL,EWR,2025-02-03,2,UA,1065,134,119,Delayed,
DEN,SAN,2025-04-28,4,F9,853,-13,-27,On time,
EWR,MIA,2025-02-21,2,UA,1085,-3,-23,On time,
GEG,DFW,2025-07-12,7,AA,1477,12,34,Delayed,
SLC,ORD,2025-06-21,6,OO,1250,-10,-4,On time,
RDU,DTW,2025-05-18,5,DL,501,15,5,On time,
OMA,PHL,2025-08-29,8,AA,1089,-6,-18,On time,
LAS,SAT,2025-06-20,6,WN,1069,5,-6,On time,
ORD,OKC,2025-04-01,4,OO,693,0,-16,On time,
MIA,TPA,2025-11-26,11,MQ,204,-4,-5,On time,
SEA,LAS,2025-02-09,2,AS,867,-3,-17,On time,
HNL,LAX,2025-07-27,7,DL,2556,124,100,Delayed,
STL,LAS,2025-08-10,8,WN,1371,-4,-8,On time,
FLL,MSP,2025-08-14,8,DL,1487,-4,-35,On time,
ONT,ATL,2025-03-16,3,DL,1900,-5,-16,On time,
SLC,SGU,2025-01-26,1,OO,272,-1,-19,On time,
SMF,SLC,2025-12-28,12,WN,532,20,30,Delayed,
CLT,STT,2025-02-15,2,AA,1520,-6,-22,On time,
JFK,LAX,2025-05-21,5,B6,2475,-5,-6,On time,
ORD,PDX,2025-05-17,5,UA,1739,0,-5,On time,
ATL,BHM,2025-11-22,11,DL,134,-6,-14,On time,
DEN,FAT,2025-07-20,7,WN,844,27,23,Delayed,
JFK,MSP,2025-10-18,10,DL,1029,-4,-2,On time,
RSW,DCA,2025-07-02,7,YX,892,-5,-2,On time,
TPA,ORD,2025-01-02,1,F9,1012,19,-2,On time,
PHL,MSP,2025-05-19,5,DL,980,0,11,On time,
LAX,JFK,2025-06-03,6,DL,2475,27,14,On time,
EWR,CLT,2025-03-10,3,NK,529,24,-2,On time,
PHX,SAT,2025-04-14,4,WN,843,-5,-11,On time,
MCO,MIA,2025-09-21,9,AA,192,33,24,Delayed,
TPA,PHL,2025-10-15,10,AA,920,368,368,Delayed,
ROA,ORD,2025-08-11,8,OO,530,22,20,Delayed,
TPA,MKE,2025-02-25,2,WN,1075,-2,-7,On time,
FLL,IAH,2025-04-05,4,NK,966,-1,-28,On time,
TPA,SFO,2025-03-13,3,UA,2393,10,17,Delayed,
ORD,PHX,2025-02-25,2,UA,1440,-4,-23,On time,
BOS,LGA,2025-11-14,11,YX,184,-2,-10,On time,
IND,PHX,2025-06-21,6,WN,1488,-1,-1,On time,
SEA,DFW,2025-02-17,2,AA,1660,-5,-26,On time,
ABQ,AUS,2025-05-18,5,WN,619,3,-4,On time,
PHL,SFO,2025-01-16,1,AA,2521,-4,9,On time,
DCA,PWM,2025-12-28,12,OH,482,24,13,On time,
DCA,BOS,2025-06-20,6,YX,399,-8,-17,On time,
PDX,DFW,2025-06-06,6,AA,1616,-3,-20,On time,
LAX,BOI,2025-11-03,11,OO,674,-7,-24,On time,
PHX,DEN,2025-06-21,6,AA,602,-4,-14,On time,
CLE,MCO,2025-05-27,5,F9,895,-9,-6,On time,
IAH,DFW,2025-08-12,8,UA,224,26,42,Delayed,
TYS,FLL,2025-12-05,12,G4,709,117,105,Delayed,
DTW,BNA,2025-11-03,11,DL,456,-7,-10,On time,
JFK,AUS,2025-05-16,5,AA,1521,39,94,Delayed,
CDV,YAK,2025-04-30,4,AS,213,-4,-10,On time,
CLE,EWR,2025-10-16,10,YX,404,-7,8,On time,
OAK,DAL,2025-07-08,7,WN,1468,9,-7,On time,
PHX,ELP,2025-02-19,2,OO,347,-7,-16,On time,
SBN,DFW,2025-04-02,4,OO,846,70,113,Delayed,
SMF,SAN,2025-01-27,1,WN,480,-4,-12,On time,
SJC,OGG,2025-10-05,10,HA,2355,-4,-11,On time,
LAX,BZN,2025-12-26,12,UA,902,-7,-17,On time,
ATL,JFK,2025-07-23,7,DL,760,15,-15,On time,
HNL,KOA,2025-12-09,12,HA,163,-6,-6,On time,
DAY,PIE,2025-07-25,7,G4,831,11,5,On time,
ORD,IAH,2025-12-23,12,UA,925,21,-16,On time,
CLT,CVG,2025-07-26,7,OH,335,160,157,Delayed,
ABQ,LAX,2025-05-04,5,OO,677,18,11,On time,
SFO,SAN,2025-06-11,6,UA,447,-3,-14,On time,
DFW,MIA,2025-03-29,3,AA,1121,28,33,Delayed,
MDW,STL,2025-05-06,5,WN,251,-6,-22,On time,
DEN,BNA,2025-08-30,8,WN,1013,7,-3,On time,
PHX,RDM,2025-04-06,4,MQ,893,50,43,Delayed,
CWA,ORD,2025-10-02,10,MQ,213,-9,-12,On time,
MDW,RSW,2025-08-15,8,WN,1105,8,3,On time,
DEN,ONT,2025-06-06,6,WN,819,24,16,Delayed,
RDU,DEN,2025-04-29,4,UA,1436,2,-3,On time,
MSN,DEN,2025-03-16,3,UA,826,-3,-25,On time,
ATL,DCA,2025-11-28,11,WN,547,21,13,On time,
DFW,ONT,2025-03-31,3,F9,1188,-10,-13,On time,
DEN,MSN,2025-04-28,4,UA,826,-4,-5,On time,
SLC,OAK,2025-06-15,6,OO,588,0,-1,On time,
PWM,EWR,2025-12-21,12,YX,284,-8,-26,On time,
LEX,DFW,2025-05-07,5,MQ,785,5,2,On time,
DAL,ABQ,2025-12-02,12,WN,580,49,40,Delayed,
RDU,AUS,2025-03-19,3,OO,1162,-2,-4,On time,
ORD,MBS,2025-09-30,9,OO,222,-8,-10,On time,
SFO,EWR,2025-08-16,8,UA,2565,6,16,Delayed,
PHX,SAN,2025-07-17,7,WN,304,9,0,On time,
MSP,TPA,2025-11-20,11,DL,1306,-5,-12,On time,
ORD,SUN,2025-01-10,1,OO,1341,-8,68,Delayed,
SNA,LAS,2025-12-28,12,WN,226,2,-5,On time,
HNL,ITO,2025-01-10,1,HA,216,3,0,On time,
MSY,DAL,2025-06-11,6,WN,436,93,107,Delayed,
PHL,TPA,2025-09-08,9,AA,920,-2,-3,On time,
CLE,ORD,2025-07-07,7,UA,316,-7,-12,On time,
BOS,PIT,2025-08-21,8,B6,496,-13,-37,On time,
ORD,CID,2025-04-25,4,OO,196,-6,1,On time,
PHX,OKC,2025-10-17,10,WN,833,16,19,Delayed,
PDX,KOA,2025-07-18,7,AS,2607,-3,-6,On time,
LIH,HNL,2025-08-08,8,HA,102,-2,1,On time,
ATL,GSO,2025-06-13,6,DL,306,158,200,Delayed,
KTN,SEA,2025-03-20,3,AS,680,-2,-10,On time,
ATL,JAX,2025-01-14,1,DL,270,-6,-11,On time,
PWM,BWI,2025-10-19,10,WN,452,-3,-4,On time,
LIT,DAL,2025-04-22,4,WN,296,-4,-10,On time,
SEA,DEN,2025-09-19,9,WN,1024,19,6,On time,
RSW,ATL,2025-09-06,9,DL,515,-10,-22,On time,
HOU,LAS,2025-03-24,3,WN,1235,-4,-22,On time,
FLL,IAH,2025-01-09,1,NK,966,3,7,On time,
LAX,JFK,2025-02-22,2,B6,2475,2,29,Delayed,
ATL,PDX,2025-08-11,8,DL,2172,-6,-16,On time,
LGA,MDW,2025-10-28,10,WN,725,14,43,Delayed,
BOS,MCO,2025-05-01,5,B6,1121,6,-14,On time,
BOS,MDW,2025-05-06,5,WN,861,-1,-27,On time,
RSW,ATL,2025-02-25,2,DL,515,-2,-13,On time,
LAS,HOU,2025-06-01,6,WN,1235,66,56,Delayed,
BOS,PHL,2025-07-29,7,YX,280,4,0,On time,
SFO,SAN,2025-12-05,12,AS,447,-6,-14,On time,
ECP,CLT,2025-03-03,3,AA,437,8,16,Delayed,
OKC,AUS,2025-08-14,8,WN,358,-6,-14,On time,
RSW,ORD,2025-05-18,5,AA,1120,-2,5,On time,
XNA,DEN,2025-03-30,3,OO,616,-4,-2,On time,
BOS,LGA,2025-06-09,6,YX,184,-11,-19,On time,
AUS,ORD,2025-02-11,2,AA,977,-8,-28,On time,
ORD,FSD,2025-04-24,4,OO,462,47,28,Delayed,
FWA,MSP,2025-07-22,7,OO,488,57,42,Delayed,
FLL,CLE,2025-04-06,4,NK,1062,-1,-25,On time,
KOA,LIH,2025-07-23,7,HA,263,-4,-8,On time,
DEN,IAH,2025-02-06,2,UA,862,-5,-24,On time,
FAT,LAS,2025-10-30,10,G4,259,-6,-5,On time,
BOS,MSP,2025-02-20,2,DL,1124,41,3,On time,
DEN,SLC,2025-07-14,7,WN,391,3,12,On time,
FLL,CHS,2025-12-22,12,B6,470,15,13,On time,
PDX,SEA,2025-03-11,3,AS,129,-4,-14,On time,
DCA,MHT,2025-08-19,8,OH,406,-10,-22,On time,
HRL,HOU,2025-11-12,11,WN,277,-1,4,On time,
BOS,BUF,2025-05-19,5,B6,395,140,147,Delayed,
DAL,BHM,2025-12-13,12,WN,587,-5,-7,On time,
SEA,EWR,2025-05-10,5,AS,2402,-9,-14,On time,
SLC,SMF,2025-09-23,9,DL,532,-11,-20,On time,
FLL,LAX,2025-11-05,11,B6,2343,-10,-19,On time,
EWR,PBI,2025-12-11,12,UA,1024,-6,-15,On time,
SAV,DFW,2025-08-31,8,MQ,925,-4,6,On time,
DCA,AVL,2025-07-30,7,OH,384,-2,7,On time,
ORD,ALB,2025-04-22,4,YX,723,-3,-19,On time,
SJC,LAS,2025-02-17,2,WN,386,-7,-4,On time,
MAF,AUS,2025-11-12,11,WN,294,-10,-24,On time,
CLT,HSV,2025-07-07,7,OH,333,-4,-4,On time,
EWR,MIA,2025-04-11,4,NK,1085,1,-8,On time,
CLE,BOS,2025-02-12,2,B6,563,-15,-26,On time,
DEN,MSY,2025-02-18,2,WN,1062,31,69,Delayed,
SLC,SFO,2025-04-24,4,OO,599,14,15,Delayed,
BOS,RSW,2025-03-21,3,B6,1249,0,-8,On time,
MCI,ATL,2025-01-29,1,DL,692,-9,-36,On time,
HOU,SJC,2025-01-14,1,WN,1621,1,-24,On time,
TPA,RDU,2025-11-30,11,WN,587,25,17,Delayed,
ECP,BNA,2025-06-01,6,WN,401,10,4,On time,
MSP,GFK,2025-11-29,11,OO,284,-5,35,Delayed,
SYR,DCA,2025-02-26,2,OH,298,-11,-29,On time,
ATL,RDU,2025-07-14,7,DL,356,0,-7,On time,
DTW,LAS,2025-03-22,3,NK,1749,13,-7,On time,
TPA,FLL,2025-01-30,1,NK,197,-10,-16,On time,
OKC,DFW,2025-06-16,6,MQ,175,-7,-4,On time,
MYR,DCA,2025-07-30,7,OH,372,-4,-21,On time,
LGB,LAS,2025-02-19,2,WN,231,-7,-21,On time,
EWR,DCA,2025-03-04,3,YX,199,-10,-37,On time,
MDW,MCO,2025-10-08,10,WN,990,-5,-18,On time,
MCO,DFW,2025-03-29,3,AA,985,-8,-30,On time,
DEN,MSP,2025-10-20,10,UA,680,-3,-11,On time,
RDU,ATL,2025-03-19,3,DL,356,-12,-25,On time,
SIT,JNU,2025-10-10,10,AS,95,-9,-10,On time,
ATL,STT,2025-08-30,8,DL,1599,-12,-9,On time,
GEG,ATL,2025-05-16,5,DL,1969,-5,-33,On time,
MYR,CAK,2025-08-07,8,G4,518,-12,-16,On time,
PHX,MSP,2025-12-20,12,DL,1276,50,27,Delayed,
BWI,BOS,2025-08-07,8,WN,369,0,-7,On time,
LGB,AUS,2025-07-11,7,WN,1226,7,-3,On time,
SEA,PHX,2025-05-23,5,DL,1107,-9,-13,On time,
MEM,IAH,2025-09-09,9,OO,468,-7,-30,On time,
ATL,BOS,2025-06-17,6,DL,946,64,52,Delayed,
MIA,JFK,2025-05-13,5,AA,1089,3,-1,On time,
CLT,SAV,2025-12-12,12,OH,213,41,45,Delayed,
BZN,LAX,2025-05-06,5,OO,902,-7,-24,On time,
ORH,MCO,2025-09-20,9,B6,1091,-7,-16,On time,
SEA,TUS,2025-01-08,1,AS,1216,-4,-15,On time,
MCO,SJU,2025-07-30,7,NK,1188,-1,22,Delayed,
GGG,DFW,2025-11-10,11,MQ,140,2,26,Delayed,
FAT,DEN,2025-07-27,7,OO,844,-10,-25,On time,
MYR,ABE,2025-07-10,7,G4,518,86,88,Delayed,
GJT,DEN,2025-09-02,9,OO,212,1,21,Delayed,
BOI,SEA,2025-04-13,4,OO,399,-10,-27,On time,
HNL,LAX,2025-10-29,10,DL,2556,-2,-19,On time,
PHX,SMF,2025-01-21,1,MQ,647,-4,-21,On time,
SAN,LAS,2025-08-19,8,WN,258,-1,-19,On time,
FLL,DTW,2025-08-15,8,DL,1127,-3,-23,On time,
LAS,CMH,2025-06-15,6,WN,1771,2,-12,On time,
SMF,ORD,2025-09-21,9,UA,1781,-6,4,On time,
PDX,PSP,2025-09-14,9,OO,873,26,2,On time,
MKE,LAS,2025-07-07,7,WN,1524,59,53,Delayed,
MSY,BWI,2025-09-18,9,WN,998,42,40,Delayed,
IAD,PBI,2025-01-05,1,UA,859,2,9,On time,
ONT,SEA,2025-08-19,8,AS,956,-10,-10,On time,
DEN,ORD,2025-05-15,5,UA,888,-3,-10,On time,
SEA,DFW,2025-05-24,5,DL,1660,-15,-22,On time,
MSP,ORD,2025-01-31,1,UA,334,-14,-34,On time,
BWI,GSP,2025-01-06,1,WN,426,607,636,Delayed,
EUG,LAS,2025-12-09,12,WN,700,21,10,On time,
DEN,LNK,2025-02-06,2,OO,423,812,835,Delayed,
FAT,SAN,2025-05-14,5,OO,314,-4,11,On time,
RSW,EWR,2025-05-02,5,UA,1068,152,149,Delayed,
MSP,SAT,2025-09-29,9,DL,1097,-9,-16,On time,
DFW,VPS,2025-04-22,4,AA,641,-6,-12,On time,
ORD,CLT,2025-09-16,9,AA,599,-2,-14,On time,
DFW,DCA,2025-02-14,2,AA,1192,-8,-3,On time,
DFW,GSP,2025-06-11,6,AA,862,48,62,Delayed,
EWR,MCO,2025-08-14,8,UA,937,12,50,Delayed,
LAX,JFK,2025-06-08,6,B6,2475,95,117,Delayed,
BHM,ATL,2025-08-27,8,DL,134,-8,-17,On time,
MSP,SLC,2025-04-30,4,DL,991,-2,-17,On time,
MCO,MIA,2025-12-29,12,AA,192,66,46,Delayed,
LGA,MIA,2025-03-02,3,NK,1096,-9,-9,On time,
SFO,CMH,2025-10-10,10,UA,2120,-4,29,Delayed,
LBB,AUS,2025-04-06,4,WN,341,-6,-8,On time,
SMF,MCO,2025-04-14,4,AS,2408,1,-11,On time,
CLT,DCA,2025-09-22,9,AA,331,21,57,Delayed,
FLL,BOS,2025-01-09,1,DL,1237,-11,-10,On time,
CMH,LAS,2025-06-30,6,WN,1771,53,53,Delayed,
EWR,DTW,2025-06-22,6,YX,488,-7,19,Delayed,
ROC,DTW,2025-09-19,9,OO,296,-11,-12,On time,
BNA,PIE,2025-01-30,1,G4,612,-9,-26,On time,
SNA,SMF,2025-04-27,4,WN,404,15,11,On time,
DFW,DAY,2025-04-24,4,OH,861,3,17,Delayed,
ATL,LGA,2025-02-24,2,DL,762,-2,-10,On time,
TPA,BNA,2025-07-22,7,WN,612,103,123,Delayed,
BZN,ATL,2025-01-05,1,DL,1640,-2,25,Delayed,
LAX,SFO,2025-09-09,9,OO,337,50,58,Delayed,
MCI,BNA,2025-08-20,8,WN,491,0,10,On time,
PSC,SEA,2025-08-28,8,AS,172,-8,-14,On time,
DEN,SLC,2025-01-17,1,DL,391,-4,-11,On time,
SJC,HNL,2025-12-20,12,WN,2417,78,86,Delayed,
CLT,DAB,2025-09-23,9,OH,416,0,-19,On time,
GEG,SEA,2025-08-03,8,OO,224,12,11,On time,
STL,CHS,2025-07-31,7,WN,706,17,25,Delayed,
LAX,HNL,2025-12-11,12,HA,2556,50,39,Delayed,
DFW,SNA,2025-11-06,11,AA,1205,-3,-14,On time,
ORD,MIA,2025-02-09,2,AA,1197,1,-26,On time,
BNA,IND,2025-04-17,4,WN,249,39,28,Delayed,
PHX,EWR,2025-01-19,1,UA,2133,-8,-44,On time,
SUX,DEN,2025-12-24,12,OO,466,-5,-13,On time,
ATL,PIT,2025-04-15,4,DL,526,-4,-5,On time,
SAN,HNL,2025-05-06,5,WN,2614,-5,-18,On time,
LAS,ELP,2025-10-05,10,WN,584,-5,-28,On time,
ORD,BOS,2025-07-22,7,AA,867,-5,-18,On time,
SLC,MCI,2025-04-14,4,DL,920,-8,-4,On time,
TUS,LAX,2025-09-04,9,OO,451,-3,-15,On time,
DCA,MDW,2025-03-17,3,WN,601,-2,-37,On time,
TPA,IAH,2025-04-25,4,UA,787,-4,-9,On time,
DCA,SEA,2025-02-18,2,AS,2329,-10,-9,On time,
PHL,PHX,2025-03-02,3,AA,2075,-4,-35,On time,
ORD,SFO,2025-06-21,6,AA,1846,-3,-16,On time,
ATL,CHS,2025-04-01,4,DL,259,0,-2,On time,
MCO,ORD,2025-10-04,10,AA,1005,7,16,Delayed,
DAL,AUS,2025-06-26,6,WN,189,0,-6,On time,
DEN,BUR,2025-10-17,10,WN,850,-6,-25,On time,
MIA,DFW,2025-06-21,6,NK,1121,10,-10,On time,
MDW,PHX,2025-04-08,4,F9,1444,-14,-23,On time,
DAL,SAN,2025-12-08,12,WN,1182,-1,-8,On time,
LAX,CLT,2025-01-09,1,AA,2125,-3,-25,On time,
AUS,HOU,2025-04-01,4,WN,148,-5,-17,On time,
PHX,SFO,2025-01-19,1,UA,651,-3,-19,On time,
SAT,CLT,2025-05-20,5,AA,1095,-9,-9,On time,
SDF,ORD,2025-06-12,6,MQ,286,-6,4,On time,
ONT,DEN,2025-06-17,6,F9,819,91,86,Delayed,
BUR,OAK,2025-04-01,4,WN,325,-4,-11,On time,
LAX,MCO,2025-08-08,8,DL,2218,-6,-13,On time,
MIA,DFW,2025-03-20,3,F9,1121,-3,-3,On time,
PHX,CID,2025-10-22,10,MQ,1252,-2,-27,On time,
SEA,PSC,2025-04-11,4,OO,172,14,17,Delayed,
BUF,LGA,2025-07-27,7,YX,292,-2,-19,On time,
TPA,BNA,2025-07-21,7,WN,612,3,31,Delayed,
AUS,ABQ,2025-10-29,10,WN,619,-7,-1,On time,
PHX,MSP,2025-02-24,2,AA,1276,-8,-7,On time,
LAX,IAH,2025-08-28,8,NK,1379,11,6,On time,
DFW,ONT,2025-10-09,10,F9,1188,21,36,Delayed,
BOS,SEA,2025-07-07,7,AS,2496,-10,15,Delayed,
JFK,DTW,2025-10-28,10,DL,509,-11,-30,On time,
ANC,SEA,2025-11-01,11,DL,1448,-10,-26,On time,
TPA,DTW,2025-07-31,7,NK,983,-1,-13,On time,
ICT,DFW,2025-09-30,9,OH,328,8,-1,On time,
DCA,ORD,2025-04-27,4,AA,612,-12,-3,On time,
DFW,DCA,2025-05-05,5,AA,1192,14,13,On time,
OAK,LAX,2025-11-01,11,WN,337,-11,-9,On time,
RDU,BWI,2025-07-25,7,WN,256,174,175,Delayed,
BNA,ORD,2025-10-03,10,YX,409,-10,-18,On time,
MSP,MOT,2025-05-29,5,OO,449,-3,-20,On time,
PDX,ANC,2025-09-09,9,AS,1542,-5,5,On time,
LGA,BUF,2025-06-11,6,YX,292,11,-1,On time,
DAY,ATL,2025-01-31,1,DL,432,-2,-16,On time,
ATL,SRQ,2025-10-22,10,DL,444,-4,-8,On time,
CMH,EWR,2025-10-24,10,YX,463,76,65,Delayed,
IAH,BTR,2025-06-05,6,OO,253,-3,-11,On time,
ATW,SFB,2025-04-01,4,G4,1141,-18,-28,On time,
MSY,DAL,2025-10-25,10,WN,437,21,16,Delayed,
SJC,SEA,2025-10-06,10,OO,696,-10,-21,On time,
RSW,IAH,2025-11-24,11,UA,861,-14,-25,On time,
RDU,SEA,2025-10-02,10,DL,2354,-5,-27,On time,
APN,DTW,2025-04-12,4,OO,198,97,96,Delayed,
MSP,ATW,2025-11-04,11,OO,236,184,176,Delayed,
BOS,MDW,2025-11-06,11,WN,861,130,118,Delayed,
ABQ,SLC,2025-10-17,10,OO,493,-8,-15,On time,
MCO,DFW,2025-12-20,12,AA,985,-2,4,On time,
ORD,DAY,2025-06-13,6,OO,240,28,16,Delayed,
LAS,SLC,2025-04-03,4,WN,368,41,31,Delayed,
BNA,ORD,2025-06-15,6,AA,409,47,36,Delayed,
MKE,DCA,2025-11-30,11,WN,634,10,30,Delayed,
DEN,CMH,2025-06-13,6,UA,1154,13,23,Delayed,
LGA,MCO,2025-10-03,10,NK,950,-3,-10,On time,
SFO,ORD,2025-06-29,6,AA,1846,-3,-14,On time,
PHL,ATL,2025-04-15,4,OH,666,139,134,Delayed,
SEA,DFW,2025-10-09,10,AA,1660,6,-7,On time,
EWR,DFW,2025-09-18,9,UA,1372,-9,-29,On time,
DAB,CLT,2025-08-05,8,OH,416,152,131,Delayed,
IAH,DCA,2025-03-18,3,UA,1208,-11,-18,On time,
SFO,JFK,2025-03-22,3,B6,2586,-3,-33,On time,
ATL,DFW,2025-06-03,6,AA,731,7,8,On time,
MCO,PHL,2025-06-30,6,AA,861,48,34,Delayed,
GEG,SEA,2025-01-08,1,OO,224,-8,4,On time,
MDW,CMH,2025-08-26,8,WN,283,-1,-14,On time,
MCO,BOS,2025-03-15,3,B6,1121,-4,-12,On time,
LGA,CMH,2025-03-14,3,YX,479,-7,-31,On time,
DEN,IAH,2025-05-15,5,UA,862,1,-6,On time,
OAK,SNA,2025-10-10,10,WN,371,22,18,Delayed,
TPA,LGA,2025-03-23,3,DL,1010,-3,25,Delayed,
JAX,BNA,2025-03-23,3,WN,483,-10,-20,On time,
OMA,IAH,2025-07-05,7,UA,781,-5,-8,On time,
SMF,LAX,2025-11-12,11,WN,373,-8,-17,On time,
SFO,ATL,2025-08-18,8,UA,2139,17,-2,On time,
ORD,LGA,2025-12-10,12,DL,733,-10,-21,On time,
FLL,ACY,2025-01-27,1,NK,977,4,-1,On time,
ATL,DTW,2025-08-17,8,DL,594,2,-6,On time,
KOA,OGG,2025-10-13,10,HA,84,-4,-3,On time,
DEN,MDW,2025-08-17,8,WN,895,18,8,On time,
LAX,PHX,2025-07-15,7,OO,370,-4,3,On time,
BDL,TPA,2025-12-23,12,WN,1111,8,-5,On time,
ORD,BOS,2025-02-21,2,YX,867,-2,-13,On time,
SLC,BIL,2025-04-04,4,OO,387,-6,-11,On time,
DEN,DSM,2025-05-22,5,OO,589,-9,-8,On time,
SFO,HNL,2025-07-20,7,UA,2398,0,-8,On time,
BUF,ATL,2025-03-30,3,DL,712,-5,-8,On time,
RDU,BOS,2025-11-18,11,DL,612,-11,-20,On time,
BNA,DEN,2025-05-02,5,WN,1014,-1,-8,On time,
JFK,LAX,2025-11-15,11,B6,2475,-7,-14,On time,
PHL,IAH,2025-04-20,4,UA,1325,-8,-18,On time,
HNL,SJC,2025-05-19,5,HA,2417,-4,-35,On time,
MLB,CLT,2025-01-25,1,OH,490,-10,-19,On time,
ORD,PHL,2025-11-18,11,UA,678,-3,-8,On time,
PHX,ORD,2025-10-05,10,AA,1440,-6,-20,On time,
BDL,BNA,2025-11-24,11,WN,852,3,-1,On time,
STL,PHL,2025-05-20,5,AA,814,-9,-19,On time,
ORD,JFK,2025-05-02,5,AA,740,201,198,Delayed,
PSP,SFO,2025-11-05,11,UA,421,225,237,Delayed,
SLC,SEA,2025-03-13,3,DL,689,-7,-28,On time,
MSP,ATL,2025-06-11,6,DL,907,-6,-12,On time,
GSP,ATL,2025-10-10,10,DL,153,98,94,Delayed,
SEA,DTW,2025-12-18,12,DL,1927,9,-2,On time,
MSY,AUS,2025-07-16,7,WN,445,-9,-23,On time,
HNL,LIH,2025-05-14,5,HA,102,-7,-15,On time,
DEN,SEA,2025-01-11,1,DL,1024,-9,-19,On time,
LAX,PHX,2025-09-27,9,WN,370,4,27,Delayed,
ABQ,LAS,2025-06-10,6,WN,486,-5,-17,On time,
LGA,ORD,2025-04-23,4,DL,733,0,-24,On time,
FLL,SJU,2025-01-07,1,WN,1046,-3,-8,On time,
GRR,FLL,2025-03-12,3,G4,1198,-7,-33,On time,
JFK,ORD,2025-04-30,4,AA,740,-4,-22,On time,
MSP,TPA,2025-10-16,10,DL,1306,-4,-8,On time,
ACY,MCO,2025-12-19,12,NK,852,-7,6,On time,
HOU,MCO,2025-03-02,3,WN,849,-9,-15,On time,
IAH,OMA,2025-06-18,6,UA,781,-2,-9,On time,
STL,DAL,2025-08-04,8,WN,546,93,94,Delayed,
HPN,ORD,2025-10-23,10,MQ,738,-7,-21,On time,
CVG,CLT,2025-04-24,4,AA,335,-3,-14,On time,
IAH,MCO,2025-09-29,9,UA,854,-3,-10,On time,
LFT,DFW,2025-04-30,4,OO,351,-10,-12,On time,
ORD,BUF,2025-12-20,12,YX,474,37,16,Delayed,
CLT,MCI,2025-12-30,12,AA,808,-2,-9,On time,
PVD,CLT,2025-12-30,12,AA,684,3,-9,On time,
ONT,DFW,2025-07-07,7,AA,1188,3,21,Delayed,
CHS,MIA,2025-06-21,6,AA,489,7,-3,On time,
TUS,PHX,2025-04-20,4,OO,110,-2,8,On time,
SAN,FAT,2025-09-14,9,OO,314,-13,0,On time,
PDX,SAN,2025-03-27,3,AS,933,-5,-7,On time,
DFW,DSM,2025-08-23,8,MQ,624,-5,-10,On time,
EUG,SEA,2025-06-14,6,OO,234,33,26,Delayed,
SEA,PHX,2025-05-16,5,OO,1107,-3,-12,On time,
JFK,BQN,2025-07-07,7,B6,1576,-5,-17,On time,
BIL,DEN,2025-06-18,6,OO,455,-11,-17,On time,
LAS,HNL,2025-04-08,4,WN,2762,-1,-11,On time,
DTW,RIC,2025-11-19,11,DL,455,-10,-23,On time,
DTW,SDF,2025-03-20,3,YX,306,-1,4,On time,
IND,IAD,2025-03-19,3,YX,476,-4,-15,On time,
SEA,PDX,2025-12-19,12,OO,129,-5,-17,On time,
DFW,CAE,2025-12-23,12,MQ,922,-1,-6,On time,
IAD,DTW,2025-05-06,5,OO,383,10,80,Delayed,
AUS,SNA,2025-01-22,1,WN,1209,-2,0,On time,
RSW,ORD,2025-08-18,8,AA,1120,-13,-18,On time,
HPN,FLL,2025-05-17,5,B6,1097,139,122,Delayed,
ATL,MSY,2025-08-12,8,DL,425,-3,-14,On time,
BNA,DFW,2025-12-02,12,AA,631,2,5,On time,
BNA,PHX,2025-03-27,3,WN,1449,-6,-28,On time,
ATL,MCO,2025-07-28,7,F9,404,-8,-18,On time,
PNS,CLT,2025-08-09,8,OH,488,-9,-22,On time,
SEA,BOI,2025-08-29,8,AS,399,8,7,On time,
MDW,LGA,2025-05-28,5,WN,725,9,4,On time,
SEA,BNA,2025-04-01,4,AS,1978,-11,4,On time,
DCA,BOS,2025-03-29,3,YX,399,27,19,Delayed,
LAX,IAH,2025-11-06,11,UA,1379,2,6,On time,
ATL,MKE,2025-07-13,7,DL,669,32,25,Delayed,
PDX,PSP,2025-11-08,11,AS,873,67,75,Delayed,
AUS,ATL,2025-12-01,12,DL,813,24,10,On time,
JFK,SYR,2025-08-23,8,B6,209,75,44,Delayed,
EWR,SFO,2025-01-08,1,UA,2565,-6,-54,On time,
LAS,MIA,2025-11-25,11,AA,2174,8,-4,On time,
PGD,FWA,2025-03-07,3,G4,986,-7,-10,On time,
BOS,STL,2025-07-30,7,MQ,1047,-2,-14,On time,
LGA,ORD,2025-11-15,11,AA,733,1,-16,On time,
STL,MCO,2025-05-24,5,WN,882,2,-16,On time,
PWM,ORD,2025-11-05,11,OO,900,-11,0,On time,
DEN,BOI,2025-10-23,10,UA,649,7,18,Delayed,
SAN,LAS,2025-03-02,3,OO,258,6,3,On time,
ORD,CHA,2025-10-13,10,YX,501,-5,5,On time,
ATL,OKC,2025-06-13,6,DL,761,1,-1,On time,
PHX,SEA,2025-02-21,2,DL,1107,59,40,Delayed,
ORD,SNA,2025-04-28,4,AA,1726,-6,-20,On time,
MCO,DEN,2025-02-06,2,WN,1546,-2,-1,On time,
MCI,DAL,2025-09-03,9,WN,461,-6,-13,On time,
CLT,MLB,2025-02-09,2,OH,490,-3,-11,On time,
DEN,IAD,2025-05-23,5,UA,1452,-4,-10,On time,
ORD,CLE,2025-02-22,2,UA,316,-3,-10,On time,
LIT,ATL,2025-06-12,6,DL,453,110,97,Delayed,
ORD,BNA,2025-02-27,2,WN,409,0,-20,On time,
LAX,ELP,2025-03-28,3,OO,715,-8,-9,On time,
MDW,ATL,2025-07-13,7,F9,591,-5,-16,On time,
SAN,LAS,2025-08-24,8,WN,258,1,-1,On time,
MDW,MSY,2025-03-09,3,WN,825,1,6,On time,
PHL,DAY,2025-08-07,8,OH,477,-5,-10,On time,
DFW,MEM,2025-11-02,11,AA,431,-4,24,Delayed,
DAL,LAS,2025-03-02,3,WN,1067,9,6,On time,
DFW,SGF,2025-08-28,8,MQ,364,-3,5,On time,
PIT,LGA,2025-07-20,7,YX,335,-11,-8,On time,
MCO,MDW,2025-05-20,5,WN,990,0,0,On time,
TUL,CLT,2025-10-04,10,AA,842,-5,-21,On time,
DTW,LGA,2025-09-29,9,DL,502,-7,-28,On time,
MSY,ATL,2025-06-06,6,DL,425,135,123,Delayed,
MDW,TPA,2025-10-23,10,WN,997,11,-4,On time,
IND,BWI,2025-08-08,8,WN,516,-5,-7,On time,
ORD,FWA,2025-05-13,5,OO,157,0,-2,On time,
ORD,EGE,2025-07-11,7,UA,1007,82,99,Delayed,
CLE,LGA,2025-07-20,7,F9,419,0,29,Delayed,
ORD,DEN,2025-11-10,11,AA,888,57,35,Delayed,
SEA,OAK,2025-05-15,5,AS,672,-4,-7,On time,
DTW,LGA,2025-05-23,5,YX,502,-8,12,On time,
PHL,MIA,2025-06-08,6,NK,1013,-9,7,On time,
PHX,BOS,2025-01-05,1,DL,2300,7,-23,On time,
FAT,SLC,2025-03-13,3,OO,501,3,-12,On time,
DCA,JFK,2025-08-21,8,YX,213,-10,-26,On time,
LGA,TPA,2025-01-22,1,DL,1010,-5,-9,On time,
LGA,MIA,2025-04-11,4,DL,1096,-4,18,Delayed,
DEN,PDX,2025-01-29,1,WN,991,-2,-24,On time,
PVD,PHL,2025-10-12,10,AA,237,45,42,Delayed,
PHX,BNA,2025-03-27,3,WN,1449,3,12,On time,
ATL,DTW,2025-05-12,5,DL,594,6,-4,On time,
DCA,LGA,2025-07-18,7,YX,214,-4,-14,On time,
ORD,PIT,2025-10-02,10,YX,413,-3,-5,On time,
BWI,TPA,2025-07-22,7,WN,842,85,88,Delayed,
MHT,BWI,2025-03-26,3,WN,377,-7,-14,On time,
STL,LAS,2025-11-12,11,WN,1371,0,-20,On time,
JAX,EWR,2025-01-26,1,YX,820,-9,-17,On time,
ORD,CLT,2025-01-10,1,AA,599,0,41,Delayed,
LAX,ORD,2025-05-12,5,UA,1744,-1,6,On time,
PHL,DTW,2025-09-30,9,OH,453,-11,-8,On time,
SRQ,CLT,2025-08-09,8,AA,547,-9,-17,On time,
CMH,IAH,2025-10-15,10,UA,986,-2,-17,On time,
CLT,DAY,2025-04-23,4,OH,370,20,-1,On time,
DEN,GJT,2025-10-17,10,UA,212,-6,-15,On time,
ORD,IAH,2025-03-03,3,UA,925,-4,-13,On time,
DTW,MDW,2025-08-27,8,WN,228,-1,2,On time,
FLL,EWR,2025-03-04,3,UA,1065,-2,8,On time,
ATL,MDW,2025-01-14,1,WN,591,-6,-11,On time,
DSM,DEN,2025-09-26,9,UA,589,-8,-9,On time,
ORD,ALO,2025-09-14,9,MQ,234,-7,-9,On time,
JFK,ORD,2025-02-26,2,YX,740,-5,-9,On time,
SJU,FLL,2025-02-20,2,B6,1046,47,33,Delayed,
ORD,DEN,2025-06-19,6,UA,888,-7,-21,On time,
MFR,SLC,2025-05-01,5,OO,575,-6,-5,On time,
SLC,JFK,2025-12-28,12,DL,1990,-3,-16,On time,
DEN,PDX,2025-05-21,5,AS,991,-19,-14,On time,
SAN,SLC,2025-10-22,10,DL,626,-4,-24,On time,
PDX,ATL,2025-09-13,9,DL,2172,-6,-5,On time,
BOS,PHL,2025-03-23,3,AA,280,90,87,Delayed,
MKE,DFW,2025-12-28,12,AA,853,76,83,Delayed,
LAX,BWI,2025-04-08,4,NK,2329,-9,-5,On time,
ILM,EWR,2025-12-23,12,YX,488,0,-4,On time,
DEN,GEG,2025-01-18,1,UA,836,41,27,Delayed,
AVL,DEN,2025-04-03,4,OO,1248,7,7,On time,
JFK,PBI,2025-05-28,5,DL,1028,-11,-2,On time,
MSP,PHX,2025-01-22,1,DL,1276,33,-6,On time,
FLL,AVL,2025-09-25,9,G4,661,25,19,Delayed,
CLE,IAH,2025-01-02,1,UA,1091,-6,-4,On time,
ORD,DEN,2025-09-09,9,UA,888,-5,1,On time,
CLT,BWI,2025-06-28,6,AA,361,9,4,On time,
PHX,LAS,2025-10-30,10,WN,255,11,-4,On time,
PHX,MCO,2025-05-09,5,WN,1849,-1,-9,On time,
MCO,BNA,2025-03-26,3,WN,616,75,76,Delayed,
ATL,DEN,2025-01-25,1,F9,1199,-8,-12,On time,
PHX,SJC,2025-02-17,2,AA,621,-7,-10,On time,
DFW,ORD,2025-01-24,1,F9,802,-9,-11,On time,
SAN,OGG,2025-04-04,4,AS,2541,-6,-22,On time,
STL,MIA,2025-03-15,3,WN,1068,18,50,Delayed,
SJU,BOS,2025-07-28,7,B6,1674,-3,-11,On time,
DCA,DAL,2025-01-04,1,WN,1184,40,14,On time,
BHM,DCA,2025-07-28,7,OH,653,167,152,Delayed,
DEN,RSW,2025-05-22,5,UA,1607,-4,-22,On time,
FLL,LAX,2025-02-19,2,B6,2343,-9,-10,On time,
LAS,LAX,2025-12-17,12,OO,236,-6,-1,On time,
BWI,BOS,2025-06-29,6,WN,369,14,0,On time,
PHX,ELP,2025-02-15,2,OO,347,-8,-27,On time,
SFO,ATL,2025-10-20,10,DL,2139,-6,-26,On time,
PHX,DEN,2025-03-28,3,F9,602,-10,-23,On time,
DCA,SEA,2025-03-17,3,AS,2329,3,10,On time,
IAH,MAF,2025-02-01,2,UA,429,-14,-34,On time,
PDX,IAH,2025-07-22,7,UA,1825,19,8,On time,
SEA,SJC,2025-05-04,5,AS,696,-7,-15,On time,
CVG,ATL,2025-10-25,10,DL,373,-6,-11,On time,
STL,FLL,2025-10-21,10,WN,1057,0,-7,On time,
MIA,BNA,2025-06-03,6,WN,806,-2,-20,On time,
DEN,SAT,2025-08-07,8,WN,794,0,-4,On time,
ATL,DAL,2025-09-14,9,DL,721,-11,-19,On time,
SDF,DTW,2025-09-07,9,OO,306,-10,-20,On time,
SMF,BOI,2025-11-28,11,WN,437,-3,-10,On time,
DAL,ABQ,2025-09-01,9,WN,580,25,39,Delayed,
SEA,ANC,2025-01-23,1,DL,1448,90,95,Delayed,
SMF,LAX,2025-06-03,6,WN,373,23,11,On time,
EUG,SLC,2025-02-06,2,OO,618,3,-3,On time,
SFB,PSM,2025-08-02,8,G4,1144,13,17,Delayed,
ATL,CHA,2025-04-17,4,DL,106,4,9,On time,
LAS,MDW,2025-04-07,4,WN,1521,5,3,On time,
DEN,SLC,2025-07-16,7,UA,391,21,16,Delayed,
ATL,BUR,2025-07-24,7,DL,1941,20,16,Delayed,
ORD,SAN,2025-03-08,3,AA,1723,-4,-27,On time,
DFW,TLH,2025-04-21,4,MQ,767,-8,-2,On time,
SJU,EWR,2025-04-16,4,F9,1608,341,370,Delayed,
SEA,LAS,2025-05-24,5,AS,867,24,19,Delayed,
DCA,DEN,2025-06-04,6,F9,1476,-10,-20,On time,
SBN,ATL,2025-12-22,12,OO,566,-1,-27,On time,
MCO,DTW,2025-07-28,7,DL,957,-4,-16,On time,
PHX,STL,2025-03-18,3,AA,1262,3,-16,On time,
ORD,MIA,2025-01-01,1,UA,1197,-1,4,On time,
MDW,LGA,2025-08-09,8,WN,725,4,6,On time,
DCA,MSN,2025-10-28,10,YX,707,-11,-31,On time,
DEN,DAL,2025-07-08,7,WN,651,33,45,Delayed,
JFK,ATL,2025-10-21,10,F9,760,-11,2,On time,
LAS,AUS,2025-05-23,5,DL,1090,60,69,Delayed,
DCA,BOS,2025-11-05,11,AA,399,19,40,Delayed,
CLT,PVD,2025-10-30,10,OH,684,-4,-33,On time,
CHS,ATL,2025-03-31,3,DL,259,-7,-5,On time,
BLI,SEA,2025-10-19,10,OO,93,70,68,Delayed,
CLT,PIT,2025-04-21,4,AA,366,-5,5,On time,
SBP,PHX,2025-04-07,4,MQ,509,-9,-21,On time,
DEN,MKE,2025-03-28,3,WN,896,35,19,Delayed,
DCA,MIA,2025-05-14,5,AA,919,-9,-13,On time,
CLE,LAX,2025-05-22,5,UA,2052,-1,-6,On time,
BOS,PBI,2025-09-17,9,B6,1197,1,-7,On time,
BOS,PIT,2025-10-14,10,YX,496,67,63,Delayed,
AUS,BNA,2025-05-23,5,WN,756,63,47,Delayed,
TYS,CLT,2025-02-06,2,OH,177,37,21,Delayed,
BTR,DFW,2025-08-21,8,OH,383,8,9,On time,
CHS,CLT,2025-02-19,2,OH,168,1,-20,On time,
SFO,RDU,2025-07-03,7,UA,2400,42,29,Delayed,
DEN,RDU,2025-05-07,5,UA,1436,35,26,Delayed,
ATL,BWI,2025-09-05,9,WN,577,2,-6,On time,
IND,ATL,2025-10-19,10,DL,432,-9,-10,On time,
DFW,TYS,2025-07-06,7,AA,772,-2,-9,On time,
BOS,LAX,2025-09-20,9,UA,2611,-4,2,On time,
GRB,ORD,2025-08-30,8,MQ,173,-7,4,On time,
MEM,DEN,2025-11-08,11,UA,872,-10,-1,On time,
ORD,ORF,2025-01-14,1,UA,717,-4,-14,On time,
ATL,DFW,2025-02-03,2,F9,731,44,18,Delayed,
ABQ,AUS,2025-04-13,4,WN,619,-5,-3,On time,
LAX,MCI,2025-08-28,8,NK,1363,-7,-14,On time,
LAS,JFK,2025-10-28,10,B6,2248,-13,-24,On time,
SLC,PSP,2025-02-02,2,OO,541,-3,-1,On time,
DEN,LAX,2025-04-13,4,WN,862,0,3,On time,
EWR,ROC,2025-08-12,8,YX,246,-7,-14,On time,
EWR,SFO,2025-03-27,3,AS,2565,-9,-8,On time,
DEN,ICT,2025-04-26,4,OO,420,-5,-6,On time,
MEM,CLT,2025-02-14,2,OH,511,-8,-15,On time,
DCA,BOS,2025-12-18,12,AA,399,-10,-14,On time,
IAH,DCA,2025-07-01,7,UA,1208,186,178,Delayed,
ORD,MIA,2025-08-08,8,UA,1197,-3,-15,On time,
GRR,ATL,2025-10-07,10,DL,640,-2,-8,On time,
PHX,PDX,2025-12-08,12,AS,1010,-4,9,On time,
BNA,MCO,2025-04-04,4,WN,616,8,-2,On time,
DCA,MCO,2025-09-02,9,B6,759,2,4,On time,
MIA,BOS,2025-07-02,7,DL,1258,-2,-5,On time,
CLE,DFW,2025-11-05,11,AA,1021,-7,-32,On time,
MCI,TPA,2025-10-11,10,F9,1048,0,-35,On time,
MIA,DEN,2025-06-25,6,AA,1709,-7,-30,On time,
CVG,LGA,2025-06-27,6,YX,585,1,-7,On time,
ATL,FLL,2025-02-07,2,NK,581,-2,-10,On time,
LAS,LAX,2025-04-04,4,NK,236,-9,-26,On time,
ABQ,DFW,2025-09-10,9,MQ,569,-3,-5,On time,
MIA,DFW,2025-09-06,9,AA,1121,-3,-23,On time,
SBN,ATL,2025-05-17,5,OO,566,-7,-14,On time,
HDN,DEN,2025-05-19,5,OO,141,83,55,Delayed,
TPA,BOS,2025-06-22,6,DL,1185,7,19,Delayed,
SLC,STL,2025-04-25,4,DL,1156,-9,-15,On time,
SJC,SAN,2025-07-11,7,OO,417,-4,1,On time,
ALB,CLT,2025-01-20,1,AA,646,-7,3,On time,
CMH,DEN,2025-10-25,10,WN,1154,-6,-27,On time,
CLT,IAH,2025-05-16,5,AA,912,162,162,Delayed,
PDX,IAH,2025-06-24,6,UA,1825,-8,-4,On time,
ATL,MSP,2025-03-14,3,DL,907,0,0,On time,
BNA,IAH,2025-03-04,3,UA,657,-6,-7,On time,
DTW,FLL,2025-03-23,3,DL,1127,-2,-17,On time,
SLC,DEN,2025-03-08,3,F9,391,-8,0,On time,
JFK,ORD,2025-03-25,3,AA,740,-5,-27,On time,
IAD,SFO,2025-03-15,3,UA,2419,28,14,On time,
IND,DEN,2025-10-13,10,UA,976,-5,-1,On time,
MCO,DEN,2025-07-18,7,WN,1547,2,-17,On time,
DTW,PHL,2025-06-16,6,NK,453,-2,-11,On time,
BOI,DEN,2025-01-22,1,UA,649,-2,-1,On time,
DFW,SDF,2025-12-07,12,AA,733,-10,-15,On time,
DEN,TUS,2025-05-18,5,OO,639,-10,-15,On time,
DTW,LEX,2025-10-05,10,OO,296,-4,-1,On time,
DFW,CHS,2025-07-20,7,AA,987,-13,-21,On time,
DFW,LIT,2025-10-28,10,OO,304,-8,-12,On time,
MSP,MOT,2025-12-15,12,OO,449,-1,-22,On time,
BOS,ORD,2025-08-13,8,DL,867,-7,-2,On time,
IAH,EWR,2025-08-08,8,UA,1400,1,-6,On time,
MRY,LAX,2025-05-04,5,OO,266,-8,-13,On time,
SLC,ONT,2025-07-06,7,DL,558,-6,-14,On time,
BOS,MCO,2025-03-31,3,B6,1121,279,293,Delayed,
FLL,SJU,2025-04-09,4,B6,1046,16,3,On time,
MIA,DCA,2025-06-30,6,AA,919,2,4,On time,
GJT,DEN,2025-12-23,12,UA,212,2,-15,On time,
LAX,HNL,2025-03-08,3,HA,2556,1,-14,On time,
EGE,DEN,2025-10-22,10,OO,120,-12,0,On time,
LGA,MIA,2025-09-02,9,DL,1096,-6,-14,On time,
ORD,EAU,2025-01-18,1,OO,269,37,31,Delayed,
CLT,LGA,2025-03-20,3,YX,544,-9,-20,On time,
SEA,IAD,2025-03-10,3,AS,2306,-6,-13,On time,
CLT,MCO,2025-04-10,4,AA,468,22,27,Delayed,
SAT,IAD,2025-04-27,4,UA,1362,-8,-9,On time,
MDW,PHL,2025-03-10,3,WN,668,-6,-1,On time,
IAH,MSY,2025-07-21,7,UA,305,-2,-14,On time,
HDN,EWR,2025-03-17,3,UA,1728,-10,-17,On time,
HNL,ITO,2025-06-08,6,HA,216,-4,3,On time,
BNA,DAL,2025-11-28,11,WN,623,0,-6,On time,
DEN,MCO,2025-07-21,7,F9,1547,-4,-23,On time,
ORD,BIL,2025-09-13,9,MQ,1060,80,53,Delayed,
SAN,SJC,2025-04-02,4,WN,417,7,-9,On time,
HOU,BHM,2025-01-18,1,WN,570,-2,-11,On time,
PHX,LAX,2025-03-05,3,MQ,370,-7,-14,On time,
LGA,DEN,2025-11-16,11,WN,1620,35,30,Delayed,
SFO,DEN,2025-06-16,6,UA,967,-5,-16,On time,
PWM,CLT,2025-06-17,6,OH,813,-9,-20,On time,
DEN,MIA,2025-09-03,9,UA,1709,-5,39,Delayed,
SAT,ORD,2025-07-10,7,AA,1041,7,-9,On time,
IAH,PHL,2025-12-05,12,AA,1325,-8,-28,On time,
LAS,JFK,2025-05-08,5,DL,2248,-1,6,On time,
DFW,TPA,2025-02-19,2,F9,929,-4,-16,On time,
RSW,EWR,2025-06-25,6,UA,1068,-13,-9,On time,
ATL,MCO,2025-12-13,12,WN,404,-5,-12,On time,
MSP,BZN,2025-09-02,9,DL,874,-4,35,Delayed,
PIT,MCO,2025-11-11,11,WN,834,43,31,Delayed,
LAS,RNO,2025-07-14,7,WN,345,44,44,Delayed,
HNL,KOA,2025-05-14,5,WN,163,-5,-12,On time,
DFW,TUS,2025-02-08,2,AA,813,-6,-26,On time,
MOB,ATL,2025-06-26,6,DL,302,165,153,Delayed,
CLT,MDT,2025-01-24,1,AA,413,-2,-17,On time,
BOS,ORD,2025-08-02,8,AA,867,16,24,Delayed,
ORD,IAH,2025-06-11,6,NK,925,38,25,Delayed,
MEM,DFW,2025-05-15,5,AA,431,-8,-21,On time,
DFW,SBN,2025-05-05,5,OO,846,-9,-13,On time,
TPA,SJU,2025-04-11,4,F9,1237,-5,-10,On time,
FAR,MSP,2025-03-20,3,DL,223,-13,-16,On time,
MSN,ORD,2025-12-18,12,MQ,108,3,10,On time,
MDW,PVD,2025-06-26,6,WN,842,95,97,Delayed,
MCO,JFK,2025-11-19,11,DL,944,-12,-24,On time,
DFW,LIT,2025-06-19,6,MQ,304,-3,-12,On time,
LAX,ATL,2025-09-30,9,NK,1947,-4,-23,On time,
DEN,JAC,2025-11-24,11,OO,406,-1,-8,On time,
SAV,DEN,2025-02-22,2,OO,1414,-4,-22,On time,
DCA,RDU,2025-10-22,10,OH,227,-7,25,Delayed,
LGA,ILM,2025-08-21,8,YX,500,-9,-30,On time,
ORD,MCI,2025-10-19,10,UA,403,13,2,On time,
ORD,CRW,2025-03-16,3,OO,416,119,147,Delayed,
DSM,ORD,2025-05-27,5,UA,299,4,-16,On time,
BNA,AUS,2025-06-26,6,OO,756,-10,-16,On time,
RIC,CLT,2025-05-01,5,OH,257,19,30,Delayed,
AVL,LGA,2025-07-17,7,YX,599,0,0,On time,
ORD,CVG,2025-08-13,8,OO,264,11,2,On time,
GRR,VPS,2025-07-20,7,G4,857,-12,-17,On time,
SEA,RNO,2025-04-09,4,AS,564,4,1,On time,
ABQ,SLC,2025-08-11,8,OO,493,-8,-19,On time,
ATL,MEM,2025-01-29,1,DL,332,-3,-15,On time,
GSP,ATL,2025-03-01,3,DL,153,-14,-35,On time,
CLT,LGA,2025-10-04,10,AA,544,6,-1,On time,
DAL,DEN,2025-12-20,12,WN,651,1,19,Delayed,
OGG,HNL,2025-10-13,10,HA,101,0,1,On time,
LAX,MIA,2025-08-07,8,AA,2342,-4,-12,On time,
OAK,LAX,2025-05-10,5,WN,337,16,2,On time,
VPS,ATL,2025-09-06,9,DL,250,-10,-22,On time,
DCA,TYS,2025-04-08,4,OH,437,-8,-11,On time,
LAX,LAS,2025-10-14,10,WN,236,69,65,Delayed,
BNA,CHS,2025-05-21,5,WN,439,-1,-12,On time,
COS,DFW,2025-08-29,8,MQ,592,6,3,On time,
LGA,BNA,2025-10-06,10,WN,764,5,-4,On time,
CLT,BWI,2025-06-30,6,AA,361,130,114,Delayed,
SEA,ORD,2025-06-26,6,UA,1721,-2,-21,On time,
TUL,ORD,2025-03-20,3,OO,585,-7,7,On time,
LGA,DEN,2025-11-03,11,UA,1620,-4,12,On time,
SJU,PHL,2025-08-31,8,F9,1576,54,23,Delayed,
LBB,DFW,2025-11-17,11,MQ,282,-8,10,On time,
SAN,SFO,2025-11-17,11,OO,447,-10,-5,On time,
GRB,ATL,2025-02-21,2,DL,774,-7,-17,On time,
ALB,MCO,2025-04-01,4,WN,1073,-4,-9,On time,
SJC,SAN,2025-06-04,6,OO,417,-4,17,Delayed,
SLC,LWS,2025-07-30,7,OO,461,-10,-6,On time,
SMF,SEA,2025-10-17,10,WN,605,-5,-10,On time,
DCA,RDU,2025-04-22,4,OH,227,-11,-15,On time,
SAV,DTW,2025-10-30,10,OO,705,32,23,Delayed,
DTW,MDW,2025-01-16,1,OO,228,-1,42,Delayed,
ORD,BOS,2025-07-24,7,UA,867,-6,-24,On time,
SRQ,ATL,2025-05-27,5,DL,444,-6,-11,On time,
IAH,LGA,2025-04-15,4,UA,1416,-8,-14,On time,
PHL,SEA,2025-12-23,12,AA,2379,6,13,On time,
MIA,BOS,2025-04-28,4,DL,1258,-5,-1,On time,
SMF,DEN,2025-09-25,9,WN,909,1,5,On time,
LAS,AUS,2025-04-03,4,NK,1090,-7,-1,On time,
DEN,BOS,2025-07-24,7,DL,1754,22,11,On time,
HOU,LAS,2025-11-13,11,WN,1235,-3,-20,On time,
ATL,DCA,2025-12-21,12,OH,547,-6,-17,On time,
MDW,STL,2025-08-07,8,WN,251,-4,-15,On time,
LIT,DEN,2025-08-08,8,WN,771,21,12,On time,
IAH,SFO,2025-01-22,1,UA,1635,275,252,Delayed,
HOU,SLC,2025-06-17,6,WN,1214,4,9,On time,
DFW,LAS,2025-05-13,5,AA,1055,50,47,Delayed,
BOS,LGA,2025-02-01,2,YX,184,-9,12,On time,
BWI,ATL,2025-11-30,11,DL,577,4,25,Delayed,
LAS,FLL,2025-06-02,6,NK,2173,65,39,Delayed,
HOU,ONT,2025-06-24,6,WN,1345,-6,-14,On time,
SMF,SFO,2025-10-07,10,OO,86,-3,8,On time,
SFB,SDF,2025-12-18,12,G4,698,-7,-12,On time,
SRQ,CLT,2025-07-09,7,AA,547,-4,-8,On time,
DEN,GTF,2025-07-19,7,UA,623,8,-3,On time,
JFK,LAX,2025-04-23,4,B6,2475,-9,-25,On time,
SGF,SFB,2025-09-05,9,G4,914,13,11,On time,
AUS,SLC,2025-04-21,4,DL,1086,-11,-27,On time,
KOA,LAS,2025-01-13,1,WN,2717,-8,6,On time,
COS,DEN,2025-04-13,4,OO,73,119,110,Delayed,
MIA,DCA,2025-01-23,1,AA,919,-2,-9,On time,
LAX,HNL,2025-04-07,4,AA,2556,-4,-40,On time,
MDW,STL,2025-07-29,7,WN,251,-8,-16,On time,
AUS,PHX,2025-11-03,11,WN,872,-2,-27,On time,
ORD,MSP,2025-08-22,8,UA,334,-2,-3,On time,
MIA,CLT,2025-10-31,10,AA,650,49,32,Delayed,
BWI,RDU,2025-06-22,6,WN,255,18,2,On time,
KOA,HNL,2025-02-13,2,HA,163,-2,2,On time,
CLT,BTR,2025-09-10,9,OH,675,-7,-13,On time,
DAY,ORD,2025-07-16,7,OH,240,-8,-24,On time,
STL,SRQ,2025-02-01,2,WN,903,-2,-4,On time,
IND,HOU,2025-03-17,3,WN,861,14,-11,On time,
SEA,JNU,2025-03-29,3,AS,909,-5,-31,On time,
BNA,TPA,2025-12-26,12,WN,612,45,34,Delayed,
MBS,ORD,2025-10-22,10,OO,222,3,22,Delayed,
DCA,BDL,2025-04-09,4,AA,313,28,1,On time,
LAX,TPA,2025-03-10,3,DL,2158,-7,-12,On time,
VPS,ATL,2025-03-28,3,DL,250,-16,-39,On time,
DCA,DTW,2025-09-05,9,DL,405,-5,-13,On time,
DEN,MCI,2025-01-16,1,WN,533,1,-13,On time,
SJC,PSP,2025-02-06,2,WN,390,23,13,On time,
LGA,ATL,2025-12-23,12,YX,762,6,26,Delayed,
BWI,ATL,2025-12-03,12,DL,577,-3,-22,On time,
TPA,BNA,2025-06-08,6,WN,612,3,-12,On time,
SFB,AVL,2025-07-27,7,G4,465,-4,-12,On time,
CHO,ORD,2025-08-26,8,OO,566,-9,-11,On time,
MSY,IAH,2025-05-12,5,UA,305,-15,9,On time,
IAD,CHS,2025-07-25,7,YX,442,-5,-8,On time,
SMF,LAS,2025-03-14,3,WN,397,33,28,Delayed,
SLC,GEG,2025-09-06,9,DL,546,30,38,Delayed,
DEN,BUR,2025-09-08,9,UA,850,-3,-11,On time,
TPA,BNA,2025-07-28,7,MQ,612,-5,-17,On time,
MCI,PHX,2025-09-01,9,AA,1044,-9,-22,On time,
AZA,FSD,2025-08-31,8,G4,1072,-14,-24,On time,
ONT,PHX,2025-08-10,8,WN,325,23,26,Delayed,
RSW,DCA,2025-02-19,2,MQ,892,70,67,Delayed,
MSP,PHX,2025-03-29,3,DL,1276,-3,-18,On time,
ORD,ICT,2025-08-13,8,OO,588,2,-9,On time,
SDF,IAD,2025-01-11,1,YX,451,-2,-9,On time,
LAX,RNO,2025-09-01,9,OO,390,-5,-12,On time,
ORD,BWI,2025-01-23,1,YX,622,-8,-24,On time,
DCA,MIA,2025-09-21,9,AA,919,-2,1,On time,
SAN,AUS,2025-03-31,3,WN,1164,57,105,Delayed,
SLC,DEN,2025-03-21,3,OO,391,-8,-4,On time,
LAX,DEN,2025-05-14,5,UA,862,-7,13,On time,
SNA,SFO,2025-03-13,3,UA,372,-1,29,Delayed,
BOS,PHL,2025-02-02,2,YX,280,-7,-13,On time,
CVG,MCO,2025-04-21,4,F9,757,619,606,Delayed,
SAV,CLT,2025-06-10,6,OH,213,-5,-2,On time,
BOI,ORD,2025-07-31,7,MQ,1437,-6,-20,On time,
BTV,CLT,2025-10-23,10,AA,761,-3,3,On time,
MCO,PHX,2025-02-04,2,AA,1849,1,-34,On time,
ILM,ATL,2025-10-01,10,DL,377,-12,-30,On time,
MCI,MDW,2025-09-03,9,WN,404,-3,0,On time,
SJC,ORD,2025-02-27,2,UA,1829,-1,19,Delayed,
MCO,BOS,2025-03-25,3,DL,1121,30,32,Delayed,
SNA,ATL,2025-01-03,1,DL,1919,1109,1088,Delayed,
SLC,MSP,2025-04-18,4,DL,991,58,48,Delayed,
LAS,SMF,2025-11-15,11,WN,397,-3,-20,On time,
SEA,MCO,2025-07-13,7,AS,2554,41,45,Delayed,
DEN,MCO,2025-08-19,8,WN,1547,-1,-1,On time,
SLC,PHX,2025-07-08,7,DL,507,-2,-15,On time,
ORD,GSO,2025-12-29,12,MQ,589,32,56,Delayed,
IAH,DCA,2025-10-09,10,UA,1208,7,3,On time,
KOA,OGG,2025-08-21,8,HA,84,0,7,On time,
LGA,PWM,2025-08-08,8,YX,269,-8,-26,On time,
CLE,DFW,2025-02-25,2,AA,1021,-5,1,On time,
PHX,SLC,2025-01-16,1,OO,507,-8,-13,On time,
BOS,SAV,2025-03-14,3,YX,901,24,-2,On time,
LGB,OAK,2025-07-12,7,WN,353,-8,-17,On time,
CLT,MLB,2025-05-09,5,OH,490,-6,-20,On time,
DTW,RSW,2025-10-17,10,DL,1084,1,-10,On time,
ATL,CHS,2025-12-22,12,DL,259,0,-9,On time,
DCA,MVY,2025-07-10,7,YX,383,13,8,On time,
DTW,DFW,2025-01-19,1,DL,986,-9,-29,On time,
ORD,DSM,2025-08-10,8,MQ,299,6,23,Delayed,
ATL,ELP,2025-06-24,6,DL,1282,-6,-23,On time,
PHX,BWI,2025-10-28,10,WN,1999,-3,-15,On time,
SEA,LAS,2025-04-07,4,WN,867,-2,-9,On time,
RDU,MCO,2025-08-11,8,DL,534,19,61,Delayed,
MCI,LGA,2025-12-09,12,WN,1107,2,-8,On time,
PHX,GJT,2025-05-11,5,OO,438,-4,-7,On time,
RDM,LAX,2025-03-25,3,OO,726,-8,-13,On time,
ALB,BWI,2025-08-28,8,WN,288,-8,-22,On time,
LGA,ATL,2025-05-01,5,DL,762,0,-28,On time,
RIC,MDW,2025-02-20,2,WN,629,-4,-10,On time,
TUS,LAX,2025-05-19,5,OO,451,-1,1,On time,
DCA,ORD,2025-05-12,5,AA,612,-6,-17,On time,
PIT,ORD,2025-05-08,5,MQ,413,4,3,On time,
DCA,BUF,2025-04-17,4,OH,296,25,20,Delayed,
OKC,ORD,2025-11-21,11,OO,693,-3,-3,On time,
SAF,DFW,2025-04-24,4,OO,551,119,124,Delayed,
MSP,PHX,2025-01-13,1,DL,1276,17,-7,On time,
RSW,DFW,2025-11-30,11,AA,1017,-8,-4,On time,
LGA,ILM,2025-09-09,9,YX,500,-8,-27,On time,
LAX,HNL,2025-06-16,6,UA,2556,-6,-21,On time,
SDF,BWI,2025-05-04,5,WN,495,-5,5,On time,
FLL,LAS,2025-03-06,3,B6,2173,-4,22,Delayed,
FLL,SEA,2025-08-21,8,AS,2717,13,20,Delayed,
LGA,ORD,2025-11-26,11,DL,733,-3,-9,On time,
ORD,BOI,2025-09-10,9,UA,1437,-6,-26,On time,
DEN,BNA,2025-06-13,6,WN,1014,-2,2,On time,
MSP,MDW,2025-08-19,8,OO,349,218,270,Delayed,
PIE,MEM,2025-10-09,10,G4,653,4,-7,On time,
DEN,MKE,2025-08-22,8,F9,896,-7,-17,On time,
SAT,DAL,2025-04-01,4,WN,247,-7,-9,On time,
SFB,SWF,2025-01-10,1,G4,965,1,-14,On time,
IAD,SFO,2025-10-13,10,UA,2418,-2,2,On time,
AUS,MSY,2025-06-04,6,WN,444,-8,-19,On time,
BOS,CLE,2025-05-06,5,B6,563,23,-1,On time,
MCI,ORD,2025-12-15,12,YX,403,-6,-14,On time,
AUS,SFO,2025-08-12,8,UA,1504,-10,-24,On time,
PIE,XNA,2025-06-12,6,G4,892,-8,-19,On time,
AMA,DEN,2025-06-20,6,OO,359,5,1,On time,
MIA,LGA,2025-01-31,1,NK,1096,-10,-27,On time,
TPA,BUF,2025-12-22,12,WN,1053,-6,1,On time,
SFO,ATL,2025-12-10,12,DL,2139,-4,-18,On time,
SNA,DEN,2025-07-11,7,WN,846,-1,9,On time,
MSP,GFK,2025-10-07,10,OO,284,53,38,Delayed,
SJC,SEA,2025-11-20,11,WN,696,0,-6,On time,
DFW,CHA,2025-06-01,6,MQ,695,-4,-4,On time,
PHX,ORD,2025-07-29,7,UA,1440,-7,-20,On time,
LAX,STL,2025-09-20,9,WN,1592,4,-2,On time,
BOS,IND,2025-04-29,4,YX,818,-5,-34,On time,
DFW,MYR,2025-09-28,9,OH,1048,-10,4,On time,
STL,MSP,2025-03-01,3,WN,448,-11,-9,On time,
SEA,JFK,2025-05-29,5,AS,2422,-8,40,Delayed,
SJC,SEA,2025-02-10,2,AS,696,-8,-16,On time,
SFB,IND,2025-03-26,3,G4,807,1,8,On time,
JFK,SRQ,2025-10-19,10,B6,1041,0,-7,On time,
LGB,RNO,2025-07-30,7,WN,402,-6,-15,On time,
DFW,ATL,2025-04-27,4,DL,731,6,6,On time,
BUF,FLL,2025-08-10,8,B6,1166,-5,-5,On time,
LEX,ATL,2025-08-22,8,DL,304,35,30,Delayed,
DCA,MDW,2025-01-05,1,WN,601,12,1,On time,
ORD,LAX,2025-04-22,4,AA,1744,-1,-16,On time,
ATL,GSP,2025-03-03,3,DL,153,-6,-14,On time,
DSM,DFW,2025-10-26,10,AA,624,-4,10,On time,
OMA,STL,2025-09-17,9,WN,342,-1,-10,On time,
BOS,SAN,2025-09-03,9,AS,2588,-9,-20,On time,
LAX,SFO,2025-07-07,7,UA,337,-4,-19,On time,
SEA,SAN,2025-12-15,12,AS,1050,-8,0,On time,
STL,PHX,2025-11-09,11,WN,1262,224,202,Delayed,
DCA,ORF,2025-03-23,3,OH,142,51,40,Delayed,
DFW,JFK,2025-08-05,8,F9,1391,-2,6,On time,
FLL,JFK,2025-06-25,6,B6,1069,156,204,Delayed,
GEG,SEA,2025-03-27,3,AS,224,46,42,Delayed,
SFO,ABQ,2025-08-28,8,OO,896,-9,-27,On time,
TPA,DEN,2025-10-30,10,WN,1506,30,35,Delayed,
PHL,DEN,2025-06-21,6,F9,1558,-16,-21,On time,
MSY,ATL,2025-09-17,9,DL,425,-7,-6,On time,
BHM,DFW,2025-02-08,2,MQ,597,-5,-14,On time,
BOI,SAN,2025-12-05,12,WN,749,5,-6,On time,
SNA,DEN,2025-10-21,10,UA,846,-7,-5,On time,
PHX,SEA,2025-11-17,11,AA,1107,-6,-23,On time,
SJC,EUG,2025-06-18,6,WN,471,1,4,On time,
SAT,DFW,2025-10-07,10,AA,247,-7,-7,On time,
PHX,MFR,2025-08-27,8,OO,855,-8,-12,On time,
DCA,HPN,2025-02-10,2,OH,234,9,0,On time,
CLE,EWR,2025-04-29,4,UA,404,-2,-18,On time,
FLL,CLT,2025-05-10,5,AA,632,-5,-11,On time,
RDU,DTW,2025-04-14,4,DL,501,-5,-23,On time,
FLL,EWR,2025-10-13,10,UA,1065,-4,28,Delayed,
MSP,SFO,2025-03-08,3,DL,1589,1,-42,On time,
MDW,MSY,2025-12-30,12,WN,825,13,-7,On time,
BWI,LAX,2025-10-22,10,UA,2329,-12,6,On time,
CLE,LGA,2025-12-13,12,YX,419,5,7,On time,
DCA,ATL,2025-10-02,10,YX,547,-5,-13,On time,
SAN,ORD,2025-06-25,6,AA,1723,-5,-21,On time,
PWM,ORD,2025-11-09,11,YX,900,85,109,Delayed,
ATL,CLT,2025-11-24,11,DL,226,-6,-18,On time,
MSY,IAH,2025-03-30,3,UA,305,4,-9,On time,
DFW,JAN,2025-11-15,11,OH,408,-5,-9,On time,
AUS,IAH,2025-09-11,9,UA,140,-2,18,Delayed,
ELP,DFW,2025-04-03,4,AA,551,-9,-12,On time,
RNO,SFO,2025-12-26,12,OO,192,16,72,Delayed,
GRR,ORD,2025-11-05,11,UA,137,0,-7,On time,
BTR,DCA,2025-07-28,7,OH,985,-9,-19,On time,
DTW,MIA,2025-08-22,8,DL,1145,-1,-8,On time,
DAL,MCO,2025-05-30,5,WN,973,-2,-20,On time,
MCO,SJU,2025-06-01,6,F9,1189,10,-1,On time,
SAN,SMF,2025-11-23,11,OO,480,-6,-6,On time,
DFW,JAN,2025-11-17,11,OH,408,-8,-17,On time,
MRY,DFW,2025-08-08,8,AA,1430,17,15,Delayed,
OMA,SFO,2025-08-06,8,OO,1433,-10,10,On time,
RAP,DEN,2025-06-03,6,OO,300,-5,-29,On time,
FLL,AUS,2025-12-13,12,WN,1105,42,17,Delayed,
SLC,DEN,2025-05-11,5,DL,391,46,30,Delayed,
IAD,STT,2025-08-09,8,UA,1606,-3,-17,On time,
SAN,MSY,2025-03-20,3,WN,1599,11,3,On time,
MCI,PHL,2025-04-10,4,OH,1038,-8,-23,On time,
DFW,BOS,2025-11-15,11,AA,1562,-6,-10,On time,
SAT,LAS,2025-09-03,9,WN,1069,-4,-14,On time,
LAS,SMF,2025-10-26,10,F9,397,-10,-3,On time,
CLT,JFK,2025-05-25,5,AA,541,54,40,Delayed,
STL,MCO,2025-07-16,7,WN,882,-3,-4,On time,
IAD,SAN,2025-02-06,2,UA,2253,-10,26,Delayed,
ORD,EWR,2025-09-30,9,UA,719,-2,-31,On time,
SAN,ORD,2025-12-18,12,AS,1723,110,78,Delayed,
DFW,SGU,2025-06-18,6,OO,976,-1,-11,On time,
EWR,LAS,2025-01-28,1,UA,2227,-3,-31,On time,
BRO,DFW,2025-09-13,9,MQ,482,-9,-4,On time,
ELP,PHX,2025-05-02,5,OO,347,2,4,On time,
ORD,TPA,2025-06-23,6,F9,1012,159,205,Delayed,
MDW,COS,2025-10-21,10,WN,917,4,4,On time,
SNA,PHX,2025-01-25,1,AA,338,-6,-13,On time,
PHL,DFW,2025-05-05,5,F9,1303,1,51,Delayed,
ORD,SFO,2025-12-02,12,UA,1846,30,25,Delayed,
PWM,PHL,2025-06-30,6,AA,364,-8,-12,On time,
MCO,PHL,2025-07-07,7,AA,862,154,136,Delayed,
MCO,FLL,2025-03-05,3,NK,177,-5,-8,On time,
MSP,MIA,2025-10-18,10,DL,1501,-9,-4,On time,
DFW,CLE,2025-09-12,9,F9,1021,21,34,Delayed,
SLC,EUG,2025-04-16,4,OO,618,-10,-20,On time,
DEN,SJC,2025-03-04,3,WN,948,7,4,On time,
ORD,EWR,2025-02-27,2,NK,719,-2,-12,On time,
DFW,ONT,2025-06-25,6,AA,1188,209,205,Delayed,
ATL,RSW,2025-11-24,11,DL,515,-1,-11,On time,
BDL,CLT,2025-01-27,1,AA,644,-3,16,Delayed,
RSW,MHT,2025-11-18,11,B6,1271,-12,-13,On time,
CLE,LGA,2025-03-20,3,F9,419,41,29,Delayed,
SAN,CLT,2025-06-18,6,AA,2077,5,-15,On time,
LGA,IND,2025-02-28,2,YX,660,-13,-18,On time,
EGE,IAD,2025-12-20,12,UA,1572,12,-12,On time,
CLT,DEN,2025-07-27,7,WN,1337,37,24,Delayed,
CLE,DCA,2025-03-18,3,OH,310,1,-6,On time,
VPS,ATL,2025-12-02,12,DL,250,-3,-16,On time,
LAX,HNL,2025-05-10,5,HA,2556,6,0,On time,
TUS,SLC,2025-04-14,4,OO,601,-10,-21,On time,
MIA,DAL,2025-07-19,7,WN,1109,14,18,Delayed,
AUS,BWI,2025-01-23,1,WN,1342,-9,-34,On time,
ELP,LAS,2025-05-05,5,F9,583,8,9,On time,
OKC,STL,2025-12-05,12,WN,462,10,-5,On time,
LAX,PSP,2025-03-03,3,OO,110,-8,-16,On time,
PDX,OAK,2025-06-28,6,WN,543,3,-4,On time,
DCA,BOS,2025-03-08,3,AA,399,-4,-7,On time,
BOI,LAX,2025-03-22,3,OO,674,-9,-9,On time,
CLD,PHX,2025-08-11,8,MQ,306,-8,-4,On time,
SJU,PHL,2025-03-26,3,AA,1576,-4,-36,On time,
BHM,DFW,2025-08-14,8,MQ,597,-9,-15,On time,
ORD,AUS,2025-01-31,1,WN,977,-1,-13,On time,
DEN,COS,2025-09-24,9,OO,73,-5,-18,On time,
ACY,RSW,2025-04-23,4,NK,982,-14,-31,On time,
HNL,KOA,2025-08-18,8,WN,163,-1,-8,On time,
BDL,DEN,2025-02-11,2,WN,1671,-4,23,Delayed,
PHX,DEN,2025-07-02,7,WN,602,-1,-13,On time,
EWR,DTW,2025-03-25,3,UA,488,-9,-22,On time,
SUX,DEN,2025-08-17,8,OO,466,-10,4,On time,
LGA,MYR,2025-08-23,8,NK,563,-11,-15,On time,
JFK,RDU,2025-05-27,5,YX,427,-4,6,On time,
PHL,DFW,2025-07-29,7,AA,1303,99,62,Delayed,
ORD,CID,2025-02-09,2,OO,196,11,11,On time,
CLT,PBI,2025-03-10,3,AA,590,31,50,Delayed,
MIA,DEN,2025-04-26,4,UA,1709,-6,1,On time,
HPN,ATL,2025-01-23,1,DL,780,15,20,Delayed,
DFW,DEN,2025-10-03,10,AA,641,8,-4,On time,
PHX,LAX,2025-12-29,12,OO,370,-2,-12,On time,
DFW,MIA,2025-11-02,11,AA,1121,1,2,On time,
JFK,LAX,2025-11-17,11,AA,2475,-4,-22,On time,
SJC,PHX,2025-12-05,12,MQ,621,-10,-10,On time,
LAS,PHX,2025-04-21,4,AA,255,0,-13,On time,
JAC,DEN,2025-06-15,6,OO,406,6,14,On time,
LAS,PHX,2025-12-11,12,WN,255,-3,-10,On time,
JFK,PBI,2025-06-22,6,DL,1028,-2,-19,On time,
CRP,HOU,2025-08-25,8,WN,187,-3,-14,On time,
SEA,ONT,2025-11-30,11,AS,956,25,17,Delayed,
IAH,FLL,2025-03-11,3,UA,966,-5,-24,On time,
BWI,ATL,2025-07-25,7,DL,577,-4,-22,On time,
ANC,SEA,2025-03-11,3,AS,1448,-2,-20,On time,
BWI,ATL,2025-08-10,8,WN,577,4,17,Delayed,
SEA,GEG,2025-07-25,7,OO,224,89,109,Delayed,
ORD,MDT,2025-12-03,12,OO,594,-2,35,Delayed,
JFK,LAX,2025-02-18,2,DL,2475,-5,-15,On time,
SEA,PDX,2025-07-26,7,OO,129,-8,-23,On time,
PWM,JFK,2025-06-09,6,B6,273,-8,-12,On time,
BWI,MCO,2025-08-12,8,WN,787,5,-12,On time,
SEA,LAS,2025-09-16,9,AS,867,-5,-30,On time,
MEM,ATL,2025-09-19,9,DL,332,-7,-23,On time,
LAS,TUS,2025-07-17,7,WN,364,-4,-18,On time,
IAH,TUS,2025-03-03,3,OO,936,-3,-3,On time,
DFW,COU,2025-09-29,9,MQ,490,-5,-9,On time,
TUS,DFW,2025-02-28,2,AA,813,-4,-3,On time,
ORD,EWR,2025-03-13,3,MQ,719,23,33,Delayed,
STL,PHX,2025-08-12,8,WN,1262,30,16,Delayed,
PHX,MSP,2025-04-02,4,DL,1276,-1,-6,On time,
JAX,DFW,2025-04-14,4,AA,918,-7,-35,On time,
GRR,MSP,2025-03-25,3,OO,408,-5,-15,On time,
DEN,MCO,2025-02-14,2,WN,1546,16,19,Delayed,
DCA,FLL,2025-07-13,7,B6,899,39,84,Delayed,
MSP,IND,2025-11-28,11,DL,503,-13,-16,On time,
DTW,PHL,2025-03-25,3,OH,453,-9,-4,On time,
MCO,PHL,2025-04-15,4,F9,861,-12,-27,On time,
CVG,ATL,2025-01-03,1,DL,373,-7,-1,On time,
RDU,DFW,2025-06-10,6,AA,1061,24,13,On time,
DCA,DTW,2025-01-16,1,DL,405,8,10,On time,
LGA,MIA,2025-11-29,11,NK,1096,0,1,On time,
ATL,TUS,2025-03-04,3,DL,1541,31,25,Delayed,
MIA,IAH,2025-12-18,12,UA,964,-8,-13,On time,
SEA,BOS,2025-03-12,3,DL,2496,-4,-42,On time,
MIA,BHM,2025-05-09,5,MQ,661,1,1,On time,
ATL,PBI,2025-08-16,8,DL,545,20,5,On time,
ALB,ATL,2025-06-18,6,DL,853,9,-14,On time,
BOS,PHL,2025-06-04,6,B6,280,-7,-22,On time,
ORD,PBI,2025-03-04,3,UA,1144,-8,-2,On time,
DFW,LBB,2025-02-14,2,MQ,282,5,12,On time,
HRL,DFW,2025-12-12,12,MQ,461,-6,-7,On time,
TYS,DEN,2025-12-24,12,G4,1162,-18,-24,On time,
EYW,CVG,2025-02-24,2,G4,1013,197,199,Delayed,
DFW,IAD,2025-08-24,8,AA,1172,40,30,Delayed,
ATW,CLT,2025-03-17,3,MQ,742,-5,-13,On time,
DTW,MCO,2025-11-26,11,DL,957,0,-7,On time,
OKC,PHX,2025-08-22,8,OO,833,-5,-17,On time,
MCO,MSP,2025-09-24,9,DL,1310,0,-6,On time,
ROC,MCO,2025-01-28,1,WN,1033,-4,-29,On time,
MYR,CLT,2025-08-21,8,AA,157,-8,-22,On time,
SFO,LAX,2025-08-20,8,OO,337,-6,1,On time,
BOS,SFO,2025-08-15,8,UA,2704,5,-33,On time,
RIC,DFW,2025-01-26,1,AA,1158,-3,-13,On time,
CLT,STL,2025-09-24,9,AA,575,-5,-10,On time,
MSY,LAX,2025-10-12,10,NK,1671,4,9,On time,
LAX,BOI,2025-01-23,1,OO,674,-6,-25,On time,
DAL,MKE,2025-06-24,6,WN,850,-2,-19,On time,
LAX,FLL,2025-12-22,12,DL,2343,-1,-6,On time,
ORD,EWR,2025-12-11,12,UA,719,83,69,Delayed,
MSY,MCO,2025-10-01,10,NK,551,-5,-24,On time,
IND,MCO,2025-04-26,4,NK,829,-8,-29,On time,
ORF,BOS,2025-05-06,5,B6,468,146,156,Delayed,
VPS,ATL,2025-10-03,10,DL,250,-15,-21,On time,
PGD,LCK,2025-04-19,4,G4,890,-5,4,On time,
ATL,MLB,2025-01-22,1,DL,442,33,40,Delayed,
DFW,AMA,2025-10-08,10,MQ,312,6,10,On time,
DEN,CPR,2025-03-17,3,OO,230,0,-10,On time,
DAL,HOU,2025-09-07,9,WN,239,11,5,On time,
ORD,DFW,2025-06-08,6,AA,802,3,12,On time,
EWR,CHS,2025-02-05,2,YX,628,-1,-24,On time,
IAH,DFW,2025-01-31,1,AA,224,0,-6,On time,
ATL,MLB,2025-07-07,7,DL,443,-6,-7,On time,
ORD,SDF,2025-11-01,11,YX,286,-5,-14,On time,
FAT,SLC,2025-05-06,5,OO,501,-5,-17,On time,
PHX,DSM,2025-12-28,12,WN,1149,29,10,On time,
ATL,VPS,2025-03-12,3,DL,250,-6,-15,On time,
CHS,MIA,2025-05-23,5,AA,489,-6,-5,On time,
AUS,LAS,2025-04-26,4,NK,1090,-1,-17,On time,
SFO,ORD,2025-08-02,8,AA,1846,-9,-31,On time,
SEA,GEG,2025-02-12,2,OO,224,-10,-17,On time,
DTW,EWR,2025-07-25,7,YX,488,503,497,Delayed,
JFK,MIA,2025-02-08,2,AA,1089,12,-16,On time,
PHX,MIA,2025-03-05,3,AA,1972,9,-8,On time,
SRQ,MSP,2025-10-27,10,DL,1342,5,8,On time,
LIH,HNL,2025-08-14,8,HA,102,-7,-7,On time,
LGA,PIT,2025-02-18,2,YX,335,8,-1,On time,
LAS,SAN,2025-08-14,8,WN,258,13,12,On time,
BWI,BOS,2025-02-09,2,WN,369,10,9,On time,
DCA,LGA,2025-12-01,12,YX,214,22,47,Delayed,
DFW,AMA,2025-04-26,4,AA,312,49,47,Delayed,
CHS,DCA,2025-05-26,5,YX,444,-2,-6,On time,
PHX,MIA,2025-07-05,7,AA,1972,0,-6,On time,
CLT,ATL,2025-08-25,8,MQ,226,-5,-28,On time,
HGR,PIE,2025-08-28,8,G4,861,-14,-17,On time,
CID,CLT,2025-10-04,10,AA,742,-7,-8,On time,
GJT,DEN,2025-07-14,7,UA,212,-15,8,On time,
AUS,BNA,2025-10-24,10,OO,756,-4,24,Delayed,
ATL,CLT,2025-02-16,2,DL,226,41,44,Delayed,
EWR,PBI,2025-12-24,12,B6,1024,38,12,On time,
IND,SRQ,2025-10-05,10,G4,876,-6,-21,On time,
ONT,SMF,2025-10-02,10,WN,390,27,19,Delayed,
MSP,BNA,2025-02-13,2,DL,695,51,42,Delayed,
OKC,ORD,2025-06-14,6,OO,693,20,25,Delayed,
GSP,BNA,2025-07-23,7,WN,265,-2,-13,On time,
CHS,DCA,2025-06-08,6,OH,444,15,64,Delayed,
CLT,PWM,2025-04-18,4,OH,813,-6,-18,On time,
SEA,SJC,2025-09-21,9,AS,696,42,46,Delayed,
SFO,CLE,2025-03-09,3,UA,2161,-3,1,On time,
EUG,SLC,2025-11-23,11,OO,618,0,23,Delayed,
MKE,DEN,2025-10-17,10,WN,896,7,-3,On time,
ORD,RST,2025-09-17,9,OO,268,39,19,Delayed,
SEA,ORD,2025-01-23,1,AS,1721,-6,-15,On time,
CLT,OKC,2025-12-30,12,OH,940,60,48,Delayed,
BUF,LAX,2025-08-17,8,B6,2218,41,12,On time,
LGA,BOS,2025-06-24,6,YX,184,-1,6,On time,
DFW,CLT,2025-07-03,7,AA,935,138,127,Delayed,
EWR,IAD,2025-02-23,2,YX,212,-6,-4,On time,
DTW,PHL,2025-09-15,9,DL,453,-10,-15,On time,
PDX,SNA,2025-07-11,7,AS,859,-12,-24,On time,
SFO,IAD,2025-04-14,4,UA,2419,-5,-33,On time,
IAD,FLL,2025-11-18,11,UA,901,-3,-7,On time,
PBI,PHL,2025-03-24,3,AA,951,129,128,Delayed,
DFW,SAN,2025-03-31,3,AA,1171,8,20,Delayed,
DTW,RSW,2025-03-19,3,NK,1084,-6,-30,On time,
LAX,CLT,2025-01-21,1,AA,2125,-6,-11,On time,
CLT,MCO,2025-09-14,9,AA,468,-3,-11,On time,
DTW,MCO,2025-02-01,2,NK,957,100,83,Delayed,
SMF,SBA,2025-11-24,11,WN,310,82,75,Delayed,
SLC,LAS,2025-12-18,12,WN,368,-2,25,Delayed,
MCO,PHL,2025-04-25,4,AA,861,2,-8,On time,
MSP,MSO,2025-08-26,8,DL,1013,-10,-3,On time,
SRQ,DSM,2025-02-13,2,G4,1160,31,20,Delayed,
MCO,EWR,2025-12-18,12,UA,937,-7,-19,On time,
DCA,MSY,2025-01-03,1,YX,969,-1,-35,On time,
MIA,ORD,2025-03-25,3,AA,1197,-2,9,On time,
MYR,CLT,2025-05-01,5,AA,157,-14,-10,On time,
DFW,XNA,2025-01-03,1,MQ,280,-3,-11,On time,
BOS,PIT,2025-12-03,12,YX,496,-6,6,On time,
DFW,SGF,2025-09-21,9,MQ,364,116,122,Delayed,
SNA,ORD,2025-04-03,4,AA,1726,7,17,Delayed,
LAS,DEN,2025-04-19,4,UA,628,-11,-3,On time,
BOS,DTW,2025-10-17,10,DL,632,-1,-25,On time,
ORD,SLC,2025-10-21,10,DL,1250,-19,3,On time,
DFW,SAN,2025-10-27,10,AA,1171,-3,-3,On time,
LGA,BNA,2025-10-27,10,WN,764,-1,-1,On time,
MIA,DCA,2025-02-25,2,AA,919,12,6,On time,
COS,MSP,2025-09-07,9,DL,725,-11,-10,On time,
MIA,BDL,2025-12-22,12,F9,1194,20,29,Delayed,
BNA,SDF,2025-10-14,10,WN,151,-4,-9,On time,
CVG,DEN,2025-02-01,2,UA,1069,-15,-22,On time,
BDL,MCO,2025-06-28,6,B6,1050,61,105,Delayed,
RAP,ORD,2025-09-02,9,OO,780,38,46,Delayed,
DTW,PHX,2025-01-31,1,DL,1671,272,219,Delayed,
LGA,BNA,2025-12-18,12,DL,764,25,20,Delayed,
ORD,BOS,2025-09-26,9,YX,867,52,75,Delayed,
LGA,BOS,2025-02-26,2,YX,184,-5,-8,On time,
LGB,LAS,2025-06-13,6,WN,231,33,25,Delayed,
MIA,AUS,2025-07-13,7,AA,1103,29,24,Delayed,
IAH,LGA,2025-12-22,12,UA,1416,0,-11,On time,
ORF,IAD,2025-03-21,3,UA,157,-6,-17,On time,
SJC,IAH,2025-09-02,9,UA,1608,-7,-7,On time,
ATL,TPA,2025-01-04,1,DL,406,8,0,On time,
DFW,TUL,2025-07-17,7,MQ,237,78,76,Delayed,
MSY,MCO,2025-02-08,2,WN,551,-1,-2,On time,
DTW,SLC,2025-06-15,6,DL,1481,-1,-11,On time,
DEN,CPR,2025-04-22,4,OO,230,-3,-5,On time,
SFO,LAS,2025-01-12,1,F9,414,24,2,On time,
PHL,MIA,2025-11-27,11,AA,1013,136,139,Delayed,
BWI,IND,2025-02-27,2,WN,516,2,-19,On time,
SLC,DTW,2025-08-01,8,DL,1481,3,-3,On time,
DFW,AMA,2025-05-13,5,OO,312,-5,-3,On time,
DFW,HOU,2025-08-27,8,MQ,247,-4,2,On time,
LGB,SLC,2025-06-06,6,OO,588,-2,-18,On time,
LAX,TUS,2025-03-07,3,OO,451,-2,-10,On time,
SLC,TUS,2025-04-18,4,OO,601,-7,-22,On time,
MIA,DCA,2025-03-10,3,AA,919,36,29,Delayed,
IND,EWR,2025-09-17,9,NK,645,-9,-11,On time,
DEN,CLT,2025-07-31,7,UA,1337,-4,-15,On time,
DEN,GRR,2025-07-03,7,UA,1015,16,16,Delayed,
MCO,RDU,2025-02-18,2,WN,534,4,-5,On time,
CLE,BOS,2025-07-06,7,YX,563,-6,-15,On time,
OAK,LGB,2025-05-14,5,WN,353,0,-13,On time,
DEN,LEX,2025-10-21,10,OO,1086,-5,-19,On time,
SAN,PHX,2025-01-23,1,WN,304,-6,-11,On time,
AUS,ORD,2025-03-25,3,UA,977,-2,0,On time,
MEM,SFB,2025-12-31,12,G4,671,5,6,On time,
HOU,SMF,2025-10-21,10,WN,1624,-2,0,On time,
MIA,SJU,2025-10-21,10,AA,1045,1,-3,On time,
LAX,SJC,2025-04-16,4,OO,308,-6,-21,On time,
AZA,DSM,2025-12-20,12,G4,1137,98,97,Delayed,
DCA,JFK,2025-11-02,11,YX,213,-2,-8,On time,
DEN,PNS,2025-04-08,4,WN,1179,-7,-17,On time,
SLC,SGU,2025-12-05,12,OO,272,-12,15,Delayed,
SRQ,JFK,2025-10-10,10,B6,1041,7,-3,On time,
ABR,MSP,2025-03-26,3,OO,257,-6,-19,On time,
CLT,IND,2025-06-07,6,AA,427,-5,-7,On time,
DRO,PHX,2025-10-24,10,OO,352,2,-7,On time,
MEM,ATL,2025-11-26,11,DL,332,-9,-27,On time,
DFW,TYS,2025-07-09,7,OH,772,20,9,On time,
IND,BOS,2025-02-24,2,YX,818,-8,-12,On time,
SEA,OAK,2025-07-29,7,WN,672,27,14,On time,
ORD,ALB,2025-03-29,3,YX,723,-2,-13,On time,
IAH,BTR,2025-11-18,11,OO,253,13,1,On time,
BOS,DCA,2025-10-21,10,AA,399,-3,-10,On time,
DEN,RIW,2025-09-14,9,OO,296,-8,-3,On time,
CMH,ORD,2025-08-05,8,OO,296,-2,0,On time,
GSP,ATL,2025-12-30,12,DL,153,53,23,Delayed,
JFK,CVG,2025-04-26,4,YX,589,-10,12,On time,
ISP,PBI,2025-07-10,7,B6,1052,-4,22,Delayed,
ORD,MHT,2025-05-20,5,MQ,843,110,103,Delayed,
LGA,PIT,2025-09-26,9,YX,335,-6,-8,On time,
LAX,IAH,2025-09-03,9,UA,1379,-9,-8,On time,
BHM,DFW,2025-12-31,12,OH,597,-6,-26,On time,
ATL,MCO,2025-12-14,12,DL,404,-4,-6,On time,
SJC,LAX,2025-09-16,9,OO,308,-10,-15,On time,
SJU,ORD,2025-08-02,8,NK,2072,-5,-1,On time,
BNA,MDW,2025-06-01,6,WN,395,-1,-12,On time,
DFW,ABI,2025-01-15,1,MQ,158,-3,-23,On time,
BOI,LAX,2025-06-20,6,OO,674,-6,-26,On time,
MSP,JAX,2025-11-11,11,DL,1173,53,30,Delayed,
BOS,MIA,2025-12-19,12,AA,1258,-5,-22,On time,
RDD,SFO,2025-04-30,4,OO,199,-1,2,On time,
JFK,DEN,2025-11-06,11,B6,1626,-6,-5,On time,
MSP,LAX,2025-02-26,2,DL,1535,9,-17,On time,
MSP,LAX,2025-11-11,11,DL,1535,1,-31,On time,
DTW,ATW,2025-04-20,4,OO,296,-8,-31,On time,
EWR,CLE,2025-03-30,3,UA,404,15,0,On time,
DAL,PHX,2025-11-03,11,WN,879,-2,-19,On time,
DFW,HRL,2025-07-28,7,MQ,461,3,-2,On time,
SAV,BWI,2025-08-28,8,WN,548,-6,-18,On time,
MCO,SJU,2025-10-05,10,F9,1188,-8,-7,On time,
AUS,DAL,2025-03-27,3,WN,189,-4,-17,On time,
CPR,DEN,2025-07-16,7,OO,230,-4,14,On time,
BOS,SYR,2025-06-22,6,B6,265,41,29,Delayed,
DTW,MYR,2025-08-17,8,NK,636,18,8,On time,
LGA,ORD,2025-10-20,10,UA,733,-4,9,On time,
LAX,PHX,2025-12-15,12,OO,370,12,0,On time,
MSP,IAD,2025-03-16,3,OO,908,-3,2,On time,
ATL,FLL,2025-12-07,12,NK,581,4,-6,On time,
IAD,ATL,2025-04-07,4,UA,534,-4,-6,On time,
BDL,PBI,2025-01-01,1,B6,1133,-4,8,On time,
DFW,ECP,2025-02-16,2,AA,685,80,80,Delayed,
DEN,LAX,2025-01-29,1,UA,862,-13,-19,On time,
ORD,DEN,2025-12-02,12,UA,888,-1,-3,On time,
PHX,MRY,2025-06-09,6,MQ,598,-3,-3,On time,
ORD,MSP,2025-10-19,10,MQ,334,2,-5,On time,
STL,ATL,2025-02-13,2,WN,484,-6,-23,On time,
MIA,ATL,2025-03-26,3,AA,594,-13,-34,On time,
MSP,SFO,2025-02-02,2,DL,1589,19,47,Delayed,
ORD,PSP,2025-11-12,11,AA,1651,0,-25,On time,
DEN,ELP,2025-02-02,2,WN,563,-4,-24,On time,
ELP,DAL,2025-06-10,6,WN,562,-3,-20,On time,
LAS,IAH,2025-11-20,11,UA,1222,-7,6,On time,
DFW,STL,2025-09-28,9,F9,550,20,18,Delayed,
PHL,ATL,2025-11-04,11,OH,666,-5,-14,On time,
CLT,ORD,2025-04-28,4,AA,599,-2,3,On time,
EWR,MSN,2025-11-04,11,UA,799,-6,-16,On time,
SNA,LAS,2025-11-16,11,WN,226,11,28,Delayed,
CLE,CLT,2025-01-05,1,AA,430,-3,-7,On time,
LAX,FAT,2025-10-30,10,OO,209,27,16,Delayed,
ALB,BWI,2025-07-03,7,WN,288,128,118,Delayed,
PHX,LAX,2025-04-17,4,AA,370,0,-12,On time,
SEA,FAI,2025-12-15,12,AS,1533,29,9,On time,
DEN,GUC,2025-06-21,6,OO,152,-3,-8,On time,
CLE,EWR,2025-09-13,9,UA,404,-5,-19,On time,
BNA,BOS,2025-10-24,10,B6,942,4,11,On time,
LAS,MSP,2025-10-26,10,WN,1299,0,-19,On time,
SLC,BOI,2025-12-12,12,OO,290,-6,-22,On time,
OAK,LGB,2025-07-14,7,WN,353,31,19,Delayed,
DCA,DAL,2025-05-26,5,WN,1184,-2,-15,On time,
AGS,DFW,2025-01-05,1,OH,874,195,236,Delayed,
JFK,ORF,2025-03-22,3,YX,290,-2,-11,On time,
DFW,MSP,2025-08-27,8,AA,852,1,10,On time,
SFO,MSP,2025-03-09,3,DL,1589,27,10,On time,
LAX,DEN,2025-03-07,3,F9,862,0,-2,On time,
DCA,LAS,2025-06-20,6,AA,2089,-8,-19,On time,
IND,DFW,2025-10-24,10,AA,761,-11,-25,On time,
ATL,EWR,2025-05-13,5,DL,746,0,9,On time,
TPA,DTW,2025-02-04,2,NK,983,-5,-6,On time,
BOS,RIC,2025-07-05,7,YX,473,-5,-9,On time,
DFW,AMA,2025-04-19,4,MQ,312,-1,16,Delayed,
MIA,SFO,2025-12-17,12,UA,2585,-14,2,On time,
SAN,BNA,2025-12-11,12,WN,1751,-5,-6,On time,
IAH,SLC,2025-04-28,4,UA,1195,-7,-25,On time,
CID,DEN,2025-05-26,5,UA,692,0,30,Delayed,
DFW,LFT,2025-10-11,10,MQ,351,-3,-18,On time,
DAL,MCO,2025-02-03,2,WN,973,45,39,Delayed,
ATL,IND,2025-04-14,4,DL,432,-9,0,On time,
LAS,SDF,2025-02-23,2,WN,1624,-5,-11,On time,
OKC,AUS,2025-11-25,11,WN,358,8,7,On time,
MDW,SAN,2025-07-12,7,WN,1728,0,-15,On time,
SJU,DEN,2025-10-07,10,UA,2733,-10,-9,On time,
JAX,ATL,2025-12-17,12,DL,269,-9,-30,On time,
SFO,SNA,2025-12-23,12,OO,372,-4,4,On time,
SEA,LAS,2025-12-26,12,AS,867,-8,-14,On time,
BUF,DEN,2025-10-30,10,UA,1359,9,-8,On time,
IAH,DFW,2025-04-28,4,UA,224,-3,-14,On time,
HNL,SFO,2025-03-01,3,UA,2398,-8,-24,On time,
ONT,SEA,2025-06-23,6,OO,956,-5,-2,On time,
MDW,SLC,2025-11-25,11,WN,1259,-4,-4,On time,
MIA,ATL,2025-07-29,7,DL,594,-5,-12,On time,
DFW,GGG,2025-11-16,11,MQ,140,-6,-14,On time,
LAS,MSO,2025-12-26,12,G4,750,0,-18,On time,
MSP,PHX,2025-01-03,1,AA,1276,2,-16,On time,
CMI,ORD,2025-12-04,12,MQ,135,52,55,Delayed,
DFW,ORD,2025-03-13,3,NK,802,-5,-16,On time,
MSP,ORD,2025-05-11,5,MQ,334,-10,-20,On time,
DEN,ANC,2025-03-04,3,UA,2405,-4,-29,On time,
BWI,TPA,2025-07-14,7,WN,842,197,236,Delayed,
TUL,STL,2025-07-08,7,WN,351,0,0,On time,
SFO,SAN,2025-05-17,5,F9,447,2,11,On time,
LAS,MDW,2025-06-15,6,WN,1521,13,-6,On time,
LAX,PDX,2025-01-27,1,DL,834,-5,-15,On time,
JAX,MIA,2025-03-26,3,AA,335,-9,-22,On time,
JFK,SLC,2025-01-25,1,DL,1990,10,39,Delayed,
ATL,SJU,2025-06-27,6,NK,1547,18,20,Delayed,
JAX,ATL,2025-10-15,10,DL,269,-4,-19,On time,
ABQ,HOU,2025-04-12,4,WN,759,1,-4,On time,
PGD,RFD,2025-12-31,12,G4,1127,-9,6,On time,
DAL,ECP,2025-07-16,7,WN,674,-7,-7,On time,
LAX,AUS,2025-07-20,7,DL,1242,-9,-6,On time,
SMF,DEN,2025-05-09,5,UA,909,-17,-28,On time,
MCO,EWR,2025-02-18,2,UA,937,-5,3,On time,
BIS,DEN,2025-06-03,6,OO,516,35,36,Delayed,
ORD,HPN,2025-09-17,9,MQ,738,18,18,Delayed,
STL,HOU,2025-11-29,11,WN,687,130,159,Delayed,
ITO,HNL,2025-05-21,5,HA,216,-6,-9,On time,
HSV,CLT,2025-05-29,5,OH,333,41,38,Delayed,
TLH,ATL,2025-04-28,4,DL,223,-13,-16,On time,
EWR,PIT,2025-08-10,8,YX,319,-4,-19,On time,
JFK,BUR,2025-07-09,7,B6,2465,40,7,On time,
KOA,SFO,2025-01-22,1,UA,2367,8,-14,On time,
DTW,APN,2025-01-17,1,OO,198,-11,-22,On time,
DFW,SFO,2025-04-10,4,AA,1464,-3,-21,On time,
BUR,OAK,2025-11-10,11,WN,325,-4,-22,On time,
PHL,TPA,2025-11-29,11,WN,920,25,21,Delayed,
TPA,SFO,2025-06-05,6,UA,2393,-6,-11,On time,
RSW,EWR,2025-11-27,11,B6,1068,-10,-26,On time,
PWM,ORD,2025-08-22,8,OO,900,-9,9,On time,
FLL,JFK,2025-10-22,10,B6,1069,94,84,Delayed,
DCA,EYW,2025-10-17,10,AA,1023,-2,-13,On time,
ATL,CMH,2025-06-24,6,DL,447,5,4,On time,
ORD,MSP,2025-12-19,12,UA,334,22,18,Delayed,
BUR,LAS,2025-01-23,1,WN,223,-5,-17,On time,
MCI,MIA,2025-12-29,12,WN,1251,108,97,Delayed,
MCO,HOU,2025-07-08,7,WN,849,6,-23,On time,
PHX,SEA,2025-07-19,7,AS,1107,64,65,Delayed,
SDF,ATL,2025-12-24,12,DL,321,69,43,Delayed,
HOU,STL,2025-08-21,8,WN,687,-8,-7,On time,
ORD,IAH,2025-03-11,3,NK,925,1,24,Delayed,
CVG,ORD,2025-12-27,12,MQ,264,22,23,Delayed,
ROC,ATL,2025-03-01,3,DL,749,-5,-35,On time,
GTF,ORD,2025-08-02,8,OO,1210,-2,-8,On time,
DFW,ATL,2025-09-02,9,DL,731,6,-30,On time,
RSW,IAH,2025-04-22,4,UA,861,2,-12,On time,
SFO,LAX,2025-04-09,4,UA,337,18,14,On time,
SBN,IAD,2025-06-09,6,YX,505,143,158,Delayed,
DFW,GRR,2025-04-09,4,AA,931,0,7,On time,
SAT,IAH,2025-05-06,5,UA,191,325,326,Delayed,
AUS,OAK,2025-03-13,3,WN,1497,13,14,On time,
SLC,SBA,2025-04-04,4,DL,615,-4,-9,On time,
DFW,MYR,2025-03-18,3,AA,1048,-3,-8,On time,
FLL,PVD,2025-03-01,3,B6,1188,-9,-29,On time,
SLC,MSY,2025-01-19,1,DL,1428,-8,-35,On time,
BNA,MDW,2025-04-14,4,WN,395,-7,-19,On time,
BUR,SMF,2025-01-26,1,WN,358,-8,-19,On time,
BZN,BOS,2025-06-15,6,B6,1991,9,-7,On time,
DFW,HOU,2025-06-15,6,MQ,247,37,25,Delayed,
SFO,JFK,2025-04-09,4,DL,2586,-10,-40,On time,
SAT,LAS,2025-07-28,7,WN,1069,36,22,Delayed,
AUS,DFW,2025-11-29,11,AA,190,-7,34,Delayed,
DEN,ORD,2025-07-13,7,UA,888,12,2,On time,
IND,DAL,2025-11-17,11,WN,755,-5,-20,On time,
MCO,DFW,2025-07-16,7,AA,985,-6,-26,On time,
DCA,DEN,2025-08-28,8,F9,1476,31,36,Delayed,
BDL,ATL,2025-12-03,12,DL,859,3,-13,On time,
STL,RSW,2025-12-30,12,WN,979,-6,-18,On time,
BDL,DCA,2025-08-07,8,YX,313,99,87,Delayed,
BFL,SFO,2025-05-20,5,OO,238,-8,-22,On time,
MIA,JFK,2025-07-30,7,AA,1089,-4,-21,On time,
DEN,XNA,2025-04-09,4,OO,616,-3,-14,On time,
CLT,OKC,2025-01-14,1,OH,940,150,154,Delayed,
RDU,SEA,2025-11-17,11,AS,2354,46,17,Delayed,
ORD,CHO,2025-12-14,12,OO,566,1,-5,On time,
LAS,BUF,2025-09-09,9,WN,1986,-2,-14,On time,
DCA,CLT,2025-04-29,4,AA,331,-16,-33,On time,
LAS,PDX,2025-08-29,8,AS,763,15,4,On time,
RSW,ORD,2025-03-28,3,UA,1120,-1,1,On time,
HNL,OGG,2025-04-16,4,HA,100,-3,-1,On time,
JFK,LAS,2025-03-22,3,DL,2248,10,1,On time,
ORD,SYR,2025-02-20,2,YX,607,29,40,Delayed,
DTW,DEN,2025-10-04,10,DL,1123,-8,-12,On time,
CLT,FLL,2025-08-21,8,NK,632,-4,0,On time,
MCO,ORD,2025-05-08,5,F9,1005,45,53,Delayed,
DAL,LIT,2025-07-31,7,WN,296,13,31,Delayed,
ASE,IAH,2025-02-06,2,OO,913,-11,1,On time,
SDF,DFW,2025-06-15,6,MQ,733,-4,47,Delayed,
PBI,PHL,2025-06-27,6,AA,951,96,106,Delayed,
RIC,FLL,2025-12-29,12,B6,806,2,6,On time,
MSP,EWR,2025-10-17,10,DL,1008,0,5,On time,
LAS,MDW,2025-10-19,10,WN,1521,1,-13,On time,
SEA,PSC,2025-08-18,8,OO,172,0,9,On time,
PHX,PDX,2025-09-22,9,AS,1010,-8,-7,On time,
MOT,MSP,2025-07-18,7,OO,449,9,-4,On time,
MSP,LAS,2025-01-07,1,DL,1299,39,27,Delayed,
CLT,LGA,2025-06-16,6,YX,544,-11,-28,On time,
DTW,IMT,2025-11-11,11,OO,344,-3,-22,On time,
STL,VPS,2025-05-31,5,WN,610,49,28,Delayed,
IND,CLT,2025-04-29,4,AA,427,124,145,Delayed,
SLC,AUS,2025-11-02,11,WN,1086,44,37,Delayed,
BHM,DEN,2025-05-15,5,WN,1083,2,-5,On time,
MIA,STL,2025-09-27,9,WN,1068,-5,-18,On time,
AUS,ORD,2025-11-04,11,UA,977,27,28,Delayed,
PHX,SLC,2025-06-15,6,WN,507,40,33,Delayed,
FLL,ORD,2025-09-26,9,UA,1182,14,-7,On time,
IND,PHX,2025-06-17,6,WN,1488,5,4,On time,
LAS,DTW,2025-12-26,12,DL,1749,-23,-42,On time,
SMF,BUR,2025-12-11,12,WN,358,-8,-13,On time,
PHX,RDM,2025-02-19,2,MQ,893,-2,-4,On time,
BNA,LAS,2025-01-24,1,WN,1587,7,-8,On time,
CHS,DCA,2025-11-23,11,OH,444,-9,-6,On time,
AUS,IAH,2025-03-31,3,UA,140,-3,9,On time,
SEA,OGG,2025-04-27,4,HA,2640,3,4,On time,
FLL,LGA,2025-10-01,10,B6,1076,-6,14,On time,
ORD,CMX,2025-01-26,1,OO,360,3,-13,On time,
LAS,LGB,2025-08-04,8,WN,231,-5,-14,On time,
ORD,MLI,2025-05-20,5,OO,139,104,126,Delayed,
SFO,FLL,2025-06-17,6,UA,2584,3,-14,On time,
DEN,MEM,2025-06-26,6,UA,872,-4,-9,On time,
ORF,ORD,2025-12-02,12,YX,717,98,93,Delayed,
STL,LIT,2025-07-07,7,WN,296,4,-5,On time,
BIS,DEN,2025-07-13,7,OO,516,6,-13,On time,
RSW,PHL,2025-05-21,5,AA,993,49,45,Delayed,
SFO,LAX,2025-12-12,12,OO,337,-8,-10,On time,
CLT,BNA,2025-10-31,10,AA,328,104,95,Delayed,
ANC,SEA,2025-07-07,7,AS,1448,3,7,On time,
RIC,LGA,2025-01-24,1,YX,292,-7,-9,On time,
PDX,BOS,2025-08-06,8,B6,2537,27,19,Delayed,
BUF,CLT,2025-12-19,12,AA,546,1,-13,On time,
PSP,ORD,2025-02-10,2,UA,1651,-6,-25,On time,
DFW,LIT,2025-10-03,10,AA,304,10,5,On time,
STL,VPS,2025-05-18,5,WN,610,-9,-14,On time,
AUS,DFW,2025-04-10,4,AA,190,-7,-17,On time,
DAL,ELP,2025-04-06,4,WN,562,17,8,On time,
ORD,PHL,2025-10-03,10,AA,678,-8,-13,On time,
DCA,BOS,2025-06-29,6,YX,399,-3,-12,On time,
DTW,LGA,2025-06-05,6,NK,502,9,-3,On time,
ORD,IAD,2025-11-24,11,UA,588,-4,-2,On time,
SDF,PHX,2025-07-03,7,WN,1506,-3,-10,On time,
HSV,ORD,2025-04-13,4,OO,510,2,2,On time,
EWR,MCO,2025-02-26,2,UA,937,-13,-31,On time,
JFK,BOS,2025-03-08,3,YX,187,-8,-13,On time,
DFW,CVG,2025-04-25,4,AA,812,-5,19,Delayed,
BOS,CLE,2025-11-25,11,F9,563,-1,19,Delayed,
TPA,CLT,2025-01-16,1,AA,507,43,38,Delayed,
FLL,AUS,2025-02-04,2,WN,1105,0,-30,On time,
ATL,BWI,2025-10-03,10,DL,577,-2,-13,On time,
FAI,SEA,2025-02-25,2,AS,1533,-13,-5,On time,
SAV,ATL,2025-06-10,6,DL,214,14,2,On time,
TYS,ATL,2025-04-24,4,DL,152,-15,-23,On time,
SEA,DEN,2025-11-22,11,UA,1024,-9,-6,On time,
MYR,ORD,2025-07-11,7,MQ,753,6,-15,On time,
ATL,MIA,2025-01-20,1,DL,594,7,3,On time,
DEN,IAH,2025-12-06,12,F9,861,-6,-25,On time,
LAX,DFW,2025-02-04,2,AA,1235,-8,-26,On time,
SLC,SAN,2025-03-16,3,DL,626,92,81,Delayed,
HPN,SJU,2025-07-30,7,B6,1624,-4,-10,On time,
SGF,DFW,2025-12-07,12,MQ,364,-6,0,On time,
SNA,PHX,2025-04-25,4,WN,338,-5,-11,On time,
ORD,EWR,2025-04-24,4,UA,719,-4,-9,On time,
ITO,HNL,2025-08-06,8,WN,216,-6,-14,On time,
BDL,MSP,2025-12-02,12,DL,1050,-4,0,On time,
ACK,DCA,2025-06-23,6,B6,405,-15,-27,On time,
EWR,DFW,2025-09-14,9,UA,1372,-6,-21,On time,
DFW,LGA,2025-06-26,6,AA,1389,-3,60,Delayed,
STL,MDW,2025-07-31,7,WN,251,-5,-3,On time,
LAX,ABQ,2025-05-30,5,OO,677,-9,12,On time,
DCA,ORD,2025-06-13,6,UA,612,-8,20,Delayed,
SEA,MCI,2025-12-18,12,DL,1490,5,-29,On time,
MDW,FLL,2025-10-06,10,WN,1167,-3,-1,On time,
BWI,BDL,2025-08-12,8,WN,283,-5,-19,On time,
LGA,ORD,2025-03-06,3,YX,733,-8,-45,On time,
PHX,ELP,2025-04-13,4,MQ,347,-5,-7,On time,
PVU,SAN,2025-04-13,4,G4,599,-6,-6,On time,
DCA,PNS,2025-10-28,10,OH,816,-1,4,On time,
ORD,DAY,2025-02-25,2,OO,240,-8,-13,On time,
MCO,LAX,2025-12-13,12,DL,2218,-6,-34,On time,
LAS,STS,2025-09-02,9,OO,454,13,26,Delayed,
PSP,SEA,2025-09-20,9,AS,987,-5,-18,On time,
GSO,CLT,2025-06-22,6,AA,83,-2,-8,On time,
TPA,ORD,2025-10-12,10,F9,1012,-10,-23,On time,
PDX,MSP,2025-11-26,11,DL,1426,0,-14,On time,
CLT,PDX,2025-04-26,4,AA,2282,23,0,On time,
CLT,PIT,2025-06-12,6,AA,366,2,-8,On time,
ORD,SDF,2025-01-26,1,YX,286,-7,-17,On time,
ATL,SDF,2025-08-14,8,DL,321,-6,-6,On time,
SLC,SFO,2025-06-11,6,OO,599,106,100,Delayed,
SJU,BDL,2025-11-23,11,F9,1666,127,143,Delayed,
MCO,MKE,2025-03-10,3,F9,1066,-18,21,Delayed,
DFW,IAH,2025-01-25,1,AA,224,-5,-26,On time,
IDA,DEN,2025-12-07,12,OO,458,-8,-14,On time,
EYW,MIA,2025-11-08,11,YX,126,-7,-25,On time,
JFK,SEA,2025-08-24,8,DL,2422,34,27,Delayed,
ATL,CHA,2025-11-18,11,DL,106,18,23,Delayed,
CHS,ATL,2025-03-15,3,DL,259,-7,-15,On time,
MEM,ATL,2025-11-26,11,DL,332,-10,-23,On time,
SLC,PSP,2025-04-01,4,OO,541,-7,-11,On time,
GRR,DCA,2025-06-05,6,OH,524,-11,-5,On time,
STT,ATL,2025-04-14,4,DL,1599,-1,-11,On time,
CLT,MIA,2025-03-23,3,AA,650,-6,-32,On time,
HSV,ATL,2025-09-06,9,DL,151,13,21,Delayed,
BOS,DEN,2025-01-11,1,DL,1754,12,25,Delayed,
CLT,TYS,2025-12-08,12,OH,176,-1,20,Delayed,
LAS,SFO,2025-03-25,3,OO,414,-6,-18,On time,
DEN,LGA,2025-09-02,9,UA,1620,-5,-10,On time,
DFW,MCI,2025-03-17,3,AA,460,25,27,Delayed,
IAD,MCO,2025-02-16,2,UA,758,114,117,Delayed,
DAL,SDF,2025-03-31,3,WN,725,1,-6,On time,
HOU,LAX,2025-04-19,4,WN,1390,12,-2,On time,
LAS,SEA,2025-03-30,3,WN,867,46,34,Delayed,
JAX,ORD,2025-01-09,1,UA,864,-12,31,Delayed,
CAK,DCA,2025-01-20,1,OH,274,-8,-14,On time,
LAS,LAX,2025-03-02,3,NK,236,-4,-8,On time,
SEA,BOS,2025-11-14,11,AS,2496,0,-21,On time,
RSW,CLT,2025-11-09,11,AA,600,-5,-19,On time,
ICT,ATL,2025-09-13,9,DL,782,-5,-23,On time,
STL,CLE,2025-10-30,10,WN,487,-1,-14,On time,
ABE,SFB,2025-01-12,1,G4,882,-5,-27,On time,
DCA,TPA,2025-11-28,11,AA,814,34,20,Delayed,
OAK,SAN,2025-01-17,1,WN,446,7,-3,On time,
MDW,SAN,2025-11-02,11,WN,1728,-1,-19,On time,
LGA,TPA,2025-03-30,3,DL,1010,41,37,Delayed,
DEN,GEG,2025-02-09,2,WN,836,56,47,Delayed,
LGA,DFW,2025-01-15,1,AA,1389,-9,-49,On time,
MAF,DAL,2025-08-12,8,WN,319,5,-4,On time,
DEN,OMA,2025-11-20,11,UA,472,-1,-11,On time,
GEG,SFO,2025-09-05,9,OO,733,-8,11,On time,
SEA,SFO,2025-01-12,1,UA,679,-6,-32,On time,
DCA,IAH,2025-06-16,6,UA,1208,14,29,Delayed,
LGA,GRR,2025-07-02,7,YX,618,182,164,Delayed,
TRI,ATL,2025-12-01,12,DL,227,-2,14,On time,
PHX,SAN,2025-12-08,12,WN,304,0,-12,On time,
DEN,PHL,2025-09-29,9,AA,1558,7,-1,On time,
STL,CLT,2025-04-02,4,AA,575,-8,-19,On time,
PDX,LAX,2025-09-04,9,AS,833,-9,-23,On time,
MLI,AZA,2025-07-27,7,G4,1287,31,28,Delayed,
MDW,SAN,2025-08-19,8,WN,1728,20,4,On time,
DFW,JFK,2025-07-23,7,DL,1391,-4,-32,On time,
DAY,CLT,2025-10-05,10,OH,370,-8,-14,On time,
DCA,DTW,2025-11-15,11,OH,405,-11,-10,On time,
DFW,AGS,2025-01-17,1,MQ,874,-2,-7,On time,
BOS,JFK,2025-10-28,10,DL,187,-2,-13,On time,
ATL,HSV,2025-11-10,11,DL,151,11,9,On time,
DSM,DEN,2025-09-05,9,OO,589,-7,0,On time,
IAD,TPA,2025-08-14,8,UA,811,-11,-11,On time,
ECP,ATL,2025-04-25,4,DL,240,15,6,On time,
SEA,DTW,2025-09-24,9,DL,1927,-8,-17,On time,
LAS,DEN,2025-10-20,10,WN,628,-4,-15,On time,
DEN,SEA,2025-02-21,2,UA,1024,-3,-20,On time,
PDX,OAK,2025-05-25,5,WN,543,-2,-3,On time,
ORD,SLC,2025-12-19,12,AA,1250,94,85,Delayed,
BHM,PHL,2025-02-03,2,OH,772,-5,-1,On time,
MCO,PHX,2025-06-20,6,AA,1849,11,12,On time,
FLL,MDW,2025-08-21,8,WN,1167,185,258,Delayed,
ATL,DCA,2025-10-04,10,DL,547,-8,-13,On time,
DEN,SBP,2025-05-08,5,OO,931,-3,-12,On time,
MDW,MYR,2025-08-01,8,WN,738,54,43,Delayed,
ATL,DCA,2025-01-07,1,DL,547,25,20,Delayed,
ORD,GRB,2025-12-18,12,MQ,173,-2,28,Delayed,
IND,BWI,2025-10-21,10,WN,516,-13,-19,On time,
IND,EWR,2025-10-23,10,YX,645,-7,1,On time,
GSO,ORD,2025-04-16,4,MQ,589,-3,20,Delayed,
CVG,ORD,2025-07-28,7,MQ,264,-6,-31,On time,
PWM,JFK,2025-10-09,10,B6,273,30,40,Delayed,
ATL,PHL,2025-12-28,12,DL,666,2,3,On time,
BWI,BNA,2025-07-26,7,WN,587,0,-21,On time,
DTW,MCO,2025-11-10,11,NK,957,63,53,Delayed,
ORD,FWA,2025-12-04,12,OO,157,618,608,Delayed,
JFK,ORD,2025-09-05,9,B6,740,-1,19,Delayed,
DFW,BUF,2025-10-14,10,AA,1212,24,16,Delayed,
LAS,MDW,2025-06-29,6,WN,1521,6,-8,On time,
PDX,AUS,2025-08-27,8,AS,1715,-6,18,Delayed,
SLC,OKC,2025-01-26,1,OO,866,-10,-7,On time,
SAN,DEN,2025-06-05,6,WN,853,168,159,Delayed,
DCA,BOS,2025-03-30,3,YX,399,-7,-20,On time,
ORD,RSW,2025-12-03,12,NK,1120,62,161,Delayed,
SFO,RDM,2025-04-27,4,OO,462,23,35,Delayed,
DFW,PHL,2025-09-18,9,AA,1303,-3,-5,On time,
CLT,ATL,2025-01-16,1,OH,226,-7,-5,On time,
ITO,HNL,2025-12-11,12,WN,216,-10,-15,On time,
DFW,MGM,2025-07-06,7,OH,622,-5,-12,On time,
ORD,GRR,2025-03-26,3,AA,137,-3,-13,On time,
ORD,FWA,2025-04-10,4,OO,157,14,2,On time,
DTW,IAD,2025-12-04,12,OO,383,-3,-11,On time,
DEN,DDC,2025-06-05,6,OO,292,111,165,Delayed,
BHM,DFW,2025-08-02,8,OH,597,-4,-12,On time,
LAS,MIA,2025-10-18,10,AA,2174,11,7,On time,
COS,SLC,2025-12-27,12,OO,411,-10,-26,On time,
CVG,MIA,2025-08-10,8,MQ,948,74,95,Delayed,
DAL,MCO,2025-04-16,4,WN,973,-3,-7,On time,
SFO,DEN,2025-04-08,4,UA,967,-6,-21,On time,
ORD,IAH,2025-04-27,4,UA,925,5,-20,On time,
SAN,AUS,2025-11-02,11,WN,1164,10,19,Delayed,
FLL,STL,2025-11-16,11,NK,1057,53,35,Delayed,
DEN,RIC,2025-06-09,6,UA,1482,-2,0,On time,
CLT,TPA,2025-02-25,2,AA,507,-5,-10,On time,
DEN,DFW,2025-08-23,8,AA,641,-6,-12,On time,
LAX,MSY,2025-05-07,5,DL,1670,10,0,On time,
PIT,PBI,2025-11-21,11,G4,952,-10,-16,On time,
CLT,BWI,2025-08-12,8,AA,361,26,26,Delayed,
MIA,DFW,2025-01-04,1,AA,1121,37,34,Delayed,
CLE,BNA,2025-06-20,6,WN,448,-8,-19,On time,
DTW,CMH,2025-05-12,5,YX,155,-6,-10,On time,
COD,DEN,2025-08-19,8,OO,391,1,36,Delayed,
AVL,ORD,2025-11-11,11,OO,536,-10,4,On time,
DEN,AUS,2025-04-10,4,UA,775,-5,-28,On time,
DCA,FLL,2025-03-20,3,AA,899,13,-4,On time,
ELM,DTW,2025-11-29,11,OO,331,22,14,On time,
EWR,PBI,2025-11-26,11,UA,1024,21,22,Delayed,
IAH,TPA,2025-04-29,4,NK,787,0,-1,On time,
HDN,DEN,2025-07-11,7,WN,141,-5,25,Delayed,
SLC,CVG,2025-08-04,8,DL,1450,-3,-3,On time,
PHX,SAT,2025-09-21,9,AA,843,-1,-12,On time,
BNA,CLT,2025-12-27,12,WN,328,8,7,On time,
MKE,BOS,2025-08-27,8,YX,860,-5,-17,On time,
PIE,CHA,2025-04-06,4,G4,513,106,115,Delayed,
RNO,LAS,2025-08-09,8,WN,345,-2,-19,On time,
BNA,PNS,2025-02-15,2,WN,391,-6,-18,On time,
ATL,BNA,2025-03-04,3,DL,214,-8,-8,On time,
BOS,PBI,2025-12-22,12,DL,1197,-3,-31,On time,
FLG,PHX,2025-03-19,3,OO,119,-5,-14,On time,
DCA,CHA,2025-06-05,6,OH,523,198,188,Delayed,
DCA,MIA,2025-12-03,12,AA,919,-7,-33,On time,
MSP,MDW,2025-07-10,7,WN,349,4,19,Delayed,
SEA,SNA,2025-10-04,10,AS,978,25,1,On time,
OAK,SAN,2025-12-23,12,WN,446,30,43,Delayed,
MSP,ATL,2025-10-26,10,DL,907,-2,-8,On time,
MSP,ATW,2025-04-01,4,OO,236,2,69,Delayed,
COS,DEN,2025-09-16,9,OO,73,75,53,Delayed,
ATL,DCA,2025-12-30,12,WN,547,-6,-7,On time,
MIA,JFK,2025-03-31,3,DL,1089,148,184,Delayed,
ATL,LGA,2025-03-24,3,DL,762,-1,-5,On time,
OAK,SAN,2025-06-29,6,WN,446,-5,22,Delayed,
SJC,ONT,2025-11-12,11,WN,333,-6,-16,On time,
LAS,GRR,2025-04-25,4,WN,1642,14,15,Delayed,
LAS,LIT,2025-10-27,10,WN,1294,-4,-26,On time,
ORD,DEN,2025-09-07,9,UA,888,-8,-4,On time,
PHL,TPA,2025-09-01,9,F9,920,-15,-20,On time,
MOB,DFW,2025-03-21,3,OH,539,18,20,Delayed,
ROA,ATL,2025-12-13,12,DL,357,19,18,Delayed,
LAX,DFW,2025-02-25,2,AA,1235,7,-22,On time,
ATL,RIC,2025-09-25,9,DL,481,-7,-14,On time,
PIT,ORD,2025-11-24,11,UA,413,-7,-20,On time,
PHL,DTW,2025-05-25,5,AA,453,1,4,On time,
FLL,LEX,2025-12-14,12,G4,865,-4,30,Delayed,
STL,TPA,2025-07-05,7,WN,869,45,44,Delayed,
CLT,PHL,2025-12-05,12,AA,449,19,-2,On time,
SEA,RNO,2025-11-07,11,AS,564,1,-2,On time,
DEN,EWR,2025-04-02,4,UA,1605,29,4,On time,
RIW,DEN,2025-06-22,6,OO,296,-3,-3,On time,
ABQ,AUS,2025-04-21,4,WN,619,-6,-18,On time,
MEM,IAH,2025-08-23,8,OO,468,-10,-26,On time,
MSP,MDW,2025-09-06,9,OO,349,26,19,Delayed,
DFW,JAC,2025-06-12,6,AA,1047,10,23,Delayed,
DTW,MKE,2025-01-17,1,OO,237,2,-21,On time,
SEA,SJC,2025-09-28,9,WN,696,-1,-5,On time,
IAH,MSP,2025-06-25,6,UA,1034,15,22,Delayed,
DFW,GPT,2025-01-02,1,OO,500,36,35,Delayed,
RSW,MSP,2025-04-03,4,DL,1416,-5,-13,On time,
RNO,DEN,2025-01-23,1,UA,804,30,12,On time,
MSP,PDX,2025-12-07,12,DL,1426,-5,-14,On time,
ORD,JAX,2025-08-03,8,AA,864,-2,2,On time,
LAS,PHX,2025-10-02,10,AA,255,-10,-10,On time,
AUS,ELP,2025-07-03,7,WN,528,-2,-7,On time,
JFK,SEA,2025-07-26,7,DL,2422,-2,-31,On time,
DEN,SLC,2025-11-10,11,F9,391,18,11,On time,
SAN,PHL,2025-06-03,6,AA,2370,74,114,Delayed,
STL,MDW,2025-03-24,3,WN,251,7,-3,On time,
IND,LGA,2025-08-01,8,YX,660,-5,-23,On time,
CLT,DCA,2025-08-03,8,AA,331,-5,-21,On time,
BWI,MCO,2025-07-06,7,NK,787,73,88,Delayed,
PHX,LAX,2025-05-16,5,OO,370,5,-2,On time,
OMA,DTW,2025-06-04,6,OO,651,-4,-9,On time,
SJC,SAN,2025-10-05,10,WN,417,-1,13,On time,
HSV,DFW,2025-02-02,2,MQ,603,12,1,On time,
SAT,DTW,2025-09-21,9,DL,1214,-9,-12,On time,
MCI,PHX,2025-04-29,4,WN,1044,-2,-2,On time,
RSW,MCI,2025-11-10,11,WN,1155,-2,-3,On time,
BDL,RSW,2025-01-12,1,B6,1180,-5,-13,On time,
RSW,EWR,2025-05-22,5,B6,1068,44,36,Delayed,
ORD,CLT,2025-02-21,2,AA,599,-1,2,On time,
PHX,OAK,2025-04-23,4,WN,646,-7,2,On time,
LAS,ORD,2025-11-10,11,WN,1514,150,148,Delayed,
LBB,DEN,2025-02-13,2,OO,456,49,48,Delayed,
MIA,PHL,2025-02-21,2,AA,1013,-5,-8,On time,
LAS,DEN,2025-12-12,12,WN,628,-2,-15,On time,
ORD,BWI,2025-02-04,2,UA,622,-3,-11,On time,
PVD,BWI,2025-03-22,3,WN,327,-3,-16,On time,
IND,PHX,2025-05-01,5,AA,1488,-3,-17,On time,
MCI,BWI,2025-02-03,2,WN,967,-5,-19,On time,
DSM,DEN,2025-07-24,7,OO,589,11,-6,On time,
HNL,LAS,2025-02-15,2,HA,2762,1,-20,On time,
VPS,PIT,2025-08-29,8,G4,775,-6,-6,On time,
ATL,AUS,2025-06-03,6,DL,813,-5,-15,On time,
BWI,PVD,2025-09-26,9,WN,327,16,19,Delayed,
DTW,SYR,2025-01-05,1,DL,374,54,47,Delayed,
LAS,SAN,2025-07-02,7,OO,258,22,12,On time,
JAX,IAD,2025-09-30,9,UA,631,-10,-21,On time,
ORD,SUN,2025-02-25,2,OO,1341,-3,12,On time,
BOS,DTW,2025-04-27,4,DL,632,-7,-15,On time,
SLC,SJC,2025-05-28,5,OO,584,-8,-24,On time,
SMF,AUS,2025-06-30,6,WN,1481,6,1,On time,
DAL,DCA,2025-06-27,6,WN,1184,6,1,On time,
MCI,LGA,2025-10-28,10,WN,1107,36,50,Delayed,
JAX,ORD,2025-03-31,3,UA,864,-5,-14,On time,
ELP,PHX,2025-01-14,1,AA,347,9,-3,On time,
JFK,SFO,2025-04-02,4,DL,2586,-2,-12,On time,
GSO,ATL,2025-09-21,9,DL,306,10,-17,On time,
RDU,FLL,2025-02-06,2,NK,680,-6,-27,On time,
MSP,SEA,2025-06-24,6,AS,1399,-1,-8,On time,
SAT,MSP,2025-12-01,12,DL,1097,-7,-24,On time,
DFW,MSY,2025-01-12,1,NK,447,-7,-13,On time,
STL,RSW,2025-10-19,10,WN,979,0,4,On time,
PHX,DFW,2025-05-21,5,AA,868,-2,26,Delayed,
PHL,ORD,2025-08-05,8,AA,678,3,-10,On time,
DEN,JLN,2025-02-05,2,OO,582,14,52,Delayed,
LGA,MCI,2025-09-20,9,DL,1107,11,6,On time,
DTW,MSP,2025-03-14,3,DL,528,-1,-18,On time,
CMH,ATL,2025-07-01,7,WN,447,-8,-11,On time,
FAR,DFW,2025-02-04,2,MQ,968,-11,-13,On time,
COS,DEN,2025-11-26,11,WN,73,-3,-4,On time,
ABQ,DFW,2025-02-24,2,AA,569,-10,-19,On time,
DTW,MCI,2025-12-16,12,DL,629,-8,-29,On time,
SEA,EUG,2025-08-18,8,AS,234,54,37,Delayed,
DEN,SMF,2025-04-19,4,WN,909,0,-1,On time,
PDX,DTW,2025-12-10,12,DL,1953,21,-7,On time,
IND,DTW,2025-11-27,11,OO,231,106,90,Delayed,
DFW,ABQ,2025-08-28,8,AA,569,-1,-9,On time,
MCO,ORD,2025-08-03,8,AA,1005,-5,-22,On time,
BUF,MCO,2025-10-19,10,WN,1011,-3,-13,On time,
PBI,CLT,2025-06-16,6,AA,590,-8,13,On time,
ANC,SEA,2025-10-26,10,AS,1448,-21,-18,On time,
MHT,CLT,2025-09-17,9,OH,738,1,-3,On time,
MSY,MDW,2025-12-14,12,WN,825,0,6,On time,
ORD,ATL,2025-11-26,11,YX,606,24,20,Delayed,
MCI,DEN,2025-08-07,8,WN,533,36,37,Delayed,
LAX,SFO,2025-04-20,4,UA,337,-5,-3,On time,
MKE,DCA,2025-11-04,11,WN,634,-10,-22,On time,
MIA,SEA,2025-04-15,4,AS,2724,1,-19,On time,
SLC,PSP,2025-06-16,6,OO,541,11,17,Delayed,
ATL,MSY,2025-06-20,6,DL,425,17,3,On time,
SFO,LAS,2025-06-08,6,F9,414,39,30,Delayed,
TTN,MCO,2025-09-02,9,F9,896,-11,1,On time,
ORD,LAS,2025-07-29,7,AA,1514,27,24,Delayed,
OAK,SNA,2025-04-19,4,NK,371,-9,-9,On time,
DEN,GJT,2025-05-09,5,OO,212,-2,-11,On time,
DEN,DTW,2025-12-26,12,F9,1123,-10,-42,On time,
CLE,BNA,2025-06-07,6,WN,448,0,-6,On time,
ORD,GRB,2025-05-28,5,YX,173,-7,-7,On time,
MSP,MKE,2025-05-12,5,DL,297,-1,-15,On time,
DEN,FCA,2025-04-10,4,UA,752,-3,-4,On time,
BTV,CLT,2025-09-30,9,OH,761,0,2,On time,
PHX,BOI,2025-05-08,5,MQ,735,31,34,Delayed,
DFW,BDL,2025-10-01,10,AA,1471,-8,-10,On time,
ORD,MSN,2025-12-19,12,MQ,108,82,70,Delayed,
OAK,ONT,2025-02-27,2,WN,362,-1,-2,On time,
AZA,MSO,2025-12-20,12,G4,948,-9,5,On time,
SFO,DFW,2025-08-08,8,AA,1464,-11,-20,On time,
SEA,TUS,2025-12-28,12,DL,1215,-1,-20,On time,
SMF,PSP,2025-12-19,12,WN,439,23,11,On time,
ORD,SJU,2025-03-22,3,UA,2072,5,18,Delayed,
MIA,AUS,2025-02-12,2,WN,1103,5,-25,On time,
MSP,IND,2025-09-13,9,DL,503,-15,-15,On time,
BOS,BUF,2025-07-27,7,B6,395,236,249,Delayed,
LAX,STL,2025-04-19,4,WN,1592,45,34,Delayed,
SAN,SFO,2025-03-17,3,OO,447,28,55,Delayed,
SFO,DFW,2025-01-03,1,AA,1464,35,13,On time,
FLL,CLT,2025-01-13,1,AA,632,-4,-30,On time,
MKE,PHX,2025-01-02,1,WN,1460,0,-14,On time,
ATL,DFW,2025-09-16,9,DL,731,46,41,Delayed,
LAS,SLC,2025-05-18,5,NK,368,2,-5,On time,
PHL,MCI,2025-12-02,12,OH,1038,40,51,Delayed,
BWI,STL,2025-09-04,9,WN,738,-5,-12,On time,
DCA,CRW,2025-08-02,8,OH,249,66,50,Delayed,
MCO,MSY,2025-05-02,5,NK,551,-6,-19,On time,
SEA,PSC,2025-08-08,8,OO,172,-6,-17,On time,
SFO,SAN,2025-10-28,10,WN,447,15,24,Delayed,
LGA,FLL,2025-04-28,4,B6,1076,-13,-2,On time,
LAX,JFK,2025-06-28,6,DL,2475,-1,6,On time,
DFW,TYS,2025-11-16,11,AA,772,13,-5,On time,
SAN,LAS,2025-04-29,4,OO,258,-15,-5,On time,
ORD,GRR,2025-07-02,7,UA,137,-2,-16,On time,
BOS,LGA,2025-09-18,9,YX,184,43,22,Delayed,
SNA,SLC,2025-06-06,6,DL,588,-8,-13,On time,
MCI,PNS,2025-04-21,4,WN,743,-1,2,On time,
MSY,DAL,2025-08-21,8,WN,437,0,-16,On time,
AUS,IAH,2025-08-11,8,UA,140,2,-7,On time,
JAX,STL,2025-02-16,2,WN,753,-1,-5,On time,
RNO,SFO,2025-01-08,1,OO,192,-6,-17,On time,
SAN,SMF,2025-10-25,10,WN,480,-1,-1,On time,
MSY,IAH,2025-10-09,10,UA,305,-8,1,On time,
LGA,DCA,2025-09-03,9,YX,214,-10,-21,On time,
OMA,LAS,2025-08-30,8,WN,1099,-5,-14,On time,
SAT,DEN,2025-07-26,7,UA,794,-1,-15,On time,
SAT,DTW,2025-07-27,7,DL,1214,-10,-10,On time,
ATL,HSV,2025-09-01,9,DL,151,-10,-20,On time,
HRL,HOU,2025-02-02,2,WN,277,-6,-3,On time,
MCO,JFK,2025-01-24,1,DL,944,79,62,Delayed,
MKE,MCO,2025-09-16,9,WN,1066,-2,-11,On time,
GTF,AZA,2025-06-26,6,G4,978,92,82,Delayed,
PHX,SMF,2025-10-07,10,WN,647,2,3,On time,
DCA,CMH,2025-07-11,7,OH,323,-9,-12,On time,
ATL,ORD,2025-11-16,11,F9,606,-1,-1,On time,
ORD,LAX,2025-06-24,6,UA,1744,-5,-13,On time,
CLE,ORD,2025-10-13,10,MQ,316,36,35,Delayed,
DCA,LGA,2025-06-17,6,YX,214,119,121,Delayed,
DFW,PIA,2025-04-24,4,MQ,672,153,143,Delayed,
MIA,ATL,2025-04-09,4,AA,594,35,36,Delayed,
IAD,LAX,2025-06-12,6,UA,2288,5,-19,On time,
SJU,BWI,2025-06-27,6,F9,1565,-10,-19,On time,
MCO,ORH,2025-04-19,4,B6,1091,-15,-29,On time,
DEN,JAX,2025-07-19,7,WN,1446,5,13,On time,
MDW,ATL,2025-12-04,12,F9,591,-4,21,Delayed,
ATL,SNA,2025-06-23,6,DL,1919,-7,21,Delayed,
PDX,SFO,2025-01-29,1,UA,550,-7,-18,On time,
SEA,ANC,2025-06-17,6,AS,1448,16,9,On time,
SFO,ASE,2025-07-05,7,OO,848,-1,-20,On time,
BWI,ATL,2025-03-23,3,WN,577,-3,-9,On time,
OGG,SAN,2025-09-07,9,AS,2540,-9,-28,On time,
DCA,STL,2025-05-19,5,WN,719,4,-2,On time,
SLC,SGU,2025-12-31,12,OO,272,-6,-34,On time,
ORD,MCO,2025-04-01,4,NK,1005,2,-18,On time,
SJC,BUR,2025-07-16,7,WN,296,-5,-15,On time,
DFW,ASE,2025-12-21,12,OO,701,-1,15,Delayed,
BUR,SEA,2025-06-02,6,AS,937,-11,-14,On time,
CLT,LGA,2025-10-31,10,YX,544,215,222,Delayed,
BZN,SFO,2025-09-08,9,UA,807,-3,-6,On time,
MIA,MCI,2025-08-18,8,AA,1251,0,-19,On time,
DCA,GSP,2025-07-28,7,OH,396,8,41,Delayed,
DTW,SFO,2025-08-18,8,UA,2079,6,10,On time,
OAJ,CLT,2025-03-23,3,OH,191,-10,-17,On time,
BUF,MCO,2025-01-17,1,B6,1011,-9,-26,On time,
SJC,SLC,2025-03-12,3,OO,584,-5,-11,On time,
KOA,LAX,2025-08-12,8,AS,2504,2,-16,On time,
ORD,SUX,2025-05-27,5,OO,436,1,-9,On time,
MSP,BOS,2025-10-31,10,DL,1124,-5,3,On time,
SMF,LAX,2025-03-28,3,OO,373,14,18,Delayed,
SJU,MCO,2025-11-25,11,NK,1188,8,9,On time,
LAS,ANC,2025-12-29,12,AS,2304,15,-1,On time,
LAS,SBA,2025-06-25,6,WN,289,-1,-13,On time,
DFW,PDX,2025-10-10,10,AS,1616,-7,-16,On time,
LBL,DEN,2025-02-21,2,OO,280,-16,-29,On time,
OGG,LAS,2025-03-12,3,HA,2695,-4,2,On time,
ORD,MEM,2025-02-10,2,MQ,491,-4,-3,On time,
GJT,DEN,2025-05-05,5,OO,212,98,90,Delayed,
ATL,SAV,2025-05-28,5,DL,214,64,70,Delayed,
SAN,DEN,2025-11-27,11,WN,853,-4,-11,On time,
ABQ,LAS,2025-08-21,8,WN,486,19,7,On time,
SEA,MKE,2025-12-28,12,AS,1694,69,60,Delayed,
DEN,ABQ,2025-07-06,7,WN,349,88,81,Delayed,
ORD,RDU,2025-08-10,8,YX,646,39,37,Delayed,
OAK,ONT,2025-03-02,3,WN,362,-7,-21,On time,
MAF,IAH,2025-06-21,6,UA,429,8,4,On time,
PVD,BWI,2025-09-01,9,WN,327,5,6,On time,
PDX,BOI,2025-12-18,12,AS,344,-7,-8,On time,
DFW,TLH,2025-08-27,8,OH,767,-7,-9,On time,
RAP,DEN,2025-08-03,8,OO,301,0,7,On time,
SLC,FCA,2025-04-21,4,OO,531,-12,-10,On time,
SLC,BOS,2025-07-16,7,B6,2105,-4,-27,On time,
LAX,AUS,2025-05-03,5,DL,1242,-12,7,On time,
DEN,DTW,2025-08-30,8,DL,1123,0,-10,On time,
BWI,BDL,2025-12-27,12,WN,283,85,81,Delayed,
MCI,BOS,2025-04-06,4,YX,1256,206,184,Delayed,
BNA,LAX,2025-11-14,11,WN,1798,13,-3,On time,
PNS,DAL,2025-11-25,11,WN,592,3,-1,On time,
LAX,ORD,2025-10-04,10,UA,1744,-3,3,On time,
LAX,FLL,2025-12-28,12,NK,2343,7,13,On time,
BWI,ROC,2025-12-14,12,WN,277,31,33,Delayed,
BWI,ORD,2025-09-17,9,MQ,622,-1,7,On time,
BOS,STL,2025-04-20,4,WN,1047,0,14,On time,
EGE,DEN,2025-03-16,3,F9,120,-3,-15,On time,
SFO,LAS,2025-07-17,7,AS,414,43,62,Delayed,
PHX,MDW,2025-02-28,2,WN,1444,11,-1,On time,
PDX,PHX,2025-04-03,4,WN,1009,-5,-4,On time,
ITO,HNL,2025-10-27,10,HA,216,-6,-10,On time,
SEA,PHX,2025-01-11,1,MQ,1107,-3,-23,On time,
FCA,DEN,2025-09-08,9,OO,752,-8,-8,On time,
MCO,ROC,2025-10-23,10,NK,1033,-7,-12,On time,
ORD,AUS,2025-04-23,4,UA,977,-7,-26,On time,
CLT,RDU,2025-03-01,3,AA,130,-4,11,On time,
PHX,MSP,2025-03-25,3,AA,1276,-5,-2,On time,
RSW,EWR,2025-04-27,4,UA,1068,-10,-17,On time,
JFK,BOS,2025-10-21,10,YX,187,-6,4,On time,
SAN,BOS,2025-08-01,8,DL,2588,16,-7,On time,
GRR,BWI,2025-08-29,8,WN,528,22,11,On time,
MSP,PHL,2025-08-06,8,DL,981,-10,10,On time,
LAX,SFO,2025-09-08,9,AA,337,-8,-15,On time,
ORF,BNA,2025-12-13,12,WN,585,-4,-9,On time,
MIA,MDW,2025-04-17,4,WN,1182,-4,-1,On time,
FLL,CLT,2025-01-27,1,AA,632,-2,-1,On time,
ATL,LAS,2025-12-24,12,F9,1747,30,-10,On time,
SBN,ORD,2025-10-19,10,OO,84,336,321,Delayed,
DFW,MSP,2025-07-01,7,DL,852,59,35,Delayed,
LAX,RDM,2025-01-08,1,OO,726,-3,5,On time,
LAX,PHL,2025-08-01,8,F9,2402,132,97,Delayed,
SMF,SEA,2025-08-04,8,WN,605,-3,-16,On time,
BWI,MSP,2025-10-01,10,DL,936,-6,-22,On time,
LAN,DTW,2025-08-08,8,OO,74,-16,-15,On time,
MSP,ESC,2025-03-27,3,OO,304,-4,-15,On time,
ISP,PBI,2025-12-27,12,WN,1052,15,52,Delayed,
CVG,ATL,2025-07-11,7,DL,373,-5,-22,On time,
SFO,ORD,2025-04-20,4,UA,1846,-7,-30,On time,
LIT,ORD,2025-11-25,11,OO,552,27,8,On time,
BFF,DEN,2025-10-02,10,OO,150,-10,-6,On time,
IAD,BDL,2025-06-23,6,UA,325,-10,-32,On time,
STL,EWR,2025-09-24,9,YX,872,-9,-29,On time,
TPA,DFW,2025-08-24,8,AA,929,-5,-11,On time,
SBP,PHX,2025-02-19,2,MQ,509,-8,-8,On time,
JFK,BUF,2025-05-26,5,B6,301,-9,-7,On time,
SNA,DEN,2025-01-14,1,UA,846,3,11,On time,
AUS,ATL,2025-08-19,8,DL,813,9,-7,On time,
SFO,RDD,2025-07-29,7,OO,199,-6,-15,On time,
CLT,GPT,2025-03-23,3,OH,577,-6,25,Delayed,
TUS,PHX,2025-12-14,12,OO,109,-10,-10,On time,
IAD,SJU,2025-01-29,1,UA,1571,-3,-25,On time,
MFR,SLC,2025-10-01,10,OO,575,-15,-13,On time,
DFW,ICT,2025-11-14,11,MQ,328,-8,-14,On time,
RDU,BOS,2025-11-22,11,B6,612,5,6,On time,
SDF,LGA,2025-01-27,1,YX,659,-15,-22,On time,
LAX,SJC,2025-01-15,1,WN,308,-4,-21,On time,
PHX,ATL,2025-04-06,4,AA,1587,58,67,Delayed,
PWM,DTW,2025-09-09,9,DL,668,-6,-30,On time,
CID,ORD,2025-06-25,6,MQ,196,4,0,On time,
ANC,SEA,2025-07-21,7,AS,1448,24,1,On time,
MAF,DAL,2025-01-15,1,WN,319,-6,-21,On time,
MCO,BDL,2025-01-09,1,B6,1050,26,33,Delayed,
GEG,SEA,2025-02-17,2,OO,224,-2,11,On time,
MRY,LAX,2025-12-11,12,OO,266,-11,-12,On time,
TYS,CLT,2025-02-23,2,OH,177,37,28,Delayed,
BNA,RDU,2025-05-19,5,YX,442,2,4,On time,
MSY,TPA,2025-06-15,6,NK,488,-7,-13,On time,
SDF,MCO,2025-12-18,12,WN,719,32,32,Delayed,
LIH,OGG,2025-11-08,11,WN,202,-6,-14,On time,
DCA,TPA,2025-11-17,11,AA,814,-11,-26,On time,
ORD,DAY,2025-01-21,1,OO,240,1,-6,On time,
ORD,ICT,2025-05-28,5,MQ,588,-1,11,On time,
TPA,ATL,2025-12-19,12,DL,406,3,-2,On time,
SAN,DTW,2025-10-12,10,DL,1956,-7,-25,On time,
FLL,ATL,2025-11-14,11,NK,581,22,16,Delayed,
PVD,CLT,2025-06-20,6,OH,683,-10,-12,On time,
DFW,MKE,2025-06-05,6,AA,853,-2,-12,On time,
PHX,BFL,2025-12-22,12,AA,425,-7,-13,On time,
PHL,PVD,2025-09-11,9,AA,237,8,-4,On time,
MSY,BWI,2025-01-04,1,WN,998,-4,-12,On time,
FLL,GSP,2025-07-14,7,G4,620,22,82,Delayed,
SEA,BZN,2025-07-17,7,OO,543,-9,-22,On time,
FLL,BWI,2025-10-14,10,NK,925,-10,-14,On time,
HNL,OGG,2025-09-15,9,HA,101,-2,-4,On time,
DEN,SUN,2025-06-19,6,OO,557,-5,-17,On time,
BTV,CLT,2025-05-04,5,OH,761,-9,-12,On time,
ORF,DFW,2025-09-28,9,AA,1212,-5,-12,On time,
CLT,LAX,2025-11-21,11,AA,2125,-6,-7,On time,
DEN,SEA,2025-01-14,1,AS,1024,-10,-15,On time,
MCO,HPN,2025-10-20,10,B6,972,-9,9,On time,
PHX,YUM,2025-03-13,3,OO,160,42,38,Delayed,
HOU,TUS,2025-03-28,3,WN,945,-1,-13,On time,
ORD,CHS,2025-12-15,12,OO,760,-3,-13,On time,
ORD,LAX,2025-09-23,9,AA,1744,71,84,Delayed,
SAT,DTW,2025-05-12,5,DL,1214,-14,-26,On time,
PHL,BOS,2025-09-10,9,B6,280,51,99,Delayed,
SAT,ATL,2025-08-07,8,DL,874,-13,-22,On time,
ORD,CVG,2025-07-16,7,MQ,264,-4,149,Delayed,
MIA,SDF,2025-04-05,4,YX,910,147,109,Delayed,
MCO,MDW,2025-10-05,10,WN,990,-1,-7,On time,
ILM,DCA,2025-11-13,11,OH,320,-11,-6,On time,
AUS,DFW,2025-02-05,2,AA,190,-5,-14,On time,
PIT,RDU,2025-11-21,11,YX,328,-10,-12,On time,
ORD,DEN,2025-02-10,2,UA,888,25,23,Delayed,
SAN,HNL,2025-08-14,8,HA,2614,13,1,On time,
EWR,CLE,2025-03-19,3,UA,404,-8,-25,On time,
SAN,MDW,2025-07-21,7,WN,1728,15,14,On time,
DFW,CLT,2025-10-11,10,AA,935,0,-13,On time,
IAH,LAS,2025-09-25,9,UA,1222,-2,2,On time,
BOI,SEA,2025-02-13,2,OO,399,12,34,Delayed,
EWR,DFW,2025-08-11,8,NK,1372,35,4,On time,
DTW,SEA,2025-01-31,1,AS,1927,-12,-12,On time,
ATL,IAD,2025-07-17,7,DL,534,23,27,Delayed,
LAX,ATL,2025-08-24,8,DL,1947,-2,-22,On time,
MSN,ATL,2025-09-26,9,DL,707,-9,-17,On time,
SEA,ANC,2025-04-17,4,AS,1448,4,-10,On time,
DEN,FLL,2025-11-26,11,UA,1703,12,-9,On time,
CLT,DTW,2025-08-22,8,AA,500,36,23,Delayed,
CVG,ORD,2025-12-19,12,MQ,264,16,11,On time,
SAN,SFO,2025-10-13,10,WN,447,254,248,Delayed,
LAX,JFK,2025-12-18,12,DL,2475,6,1,On time,
JFK,PWM,2025-05-23,5,B6,273,48,36,Delayed,
RSW,LGA,2025-06-24,6,DL,1080,-15,-36,On time,
EWR,CLT,2025-03-21,3,YX,529,1,-18,On time,
DEN,PHX,2025-12-05,12,UA,602,57,48,Delayed,
PHL,MSY,2025-12-26,12,OH,1089,0,-1,On time,
LIT,ORD,2025-05-21,5,MQ,552,17,12,On time,
AUS,BWI,2025-10-14,10,WN,1342,-5,-2,On time,
AGS,ATL,2025-08-07,8,DL,143,-7,-10,On time,
ATL,PIT,2025-08-24,8,DL,526,-8,-20,On time,
JAX,ATL,2025-01-17,1,DL,270,-9,-18,On time,
RNO,DEN,2025-06-29,6,WN,804,-2,-8,On time,
HOU,DEN,2025-05-11,5,WN,883,36,19,Delayed,
IAH,SHV,2025-09-25,9,OO,192,-3,-11,On time,
DEN,ATL,2025-02-05,2,DL,1199,-6,-5,On time,
ORD,PHL,2025-02-22,2,AA,678,-6,-31,On time,
LAX,MIA,2025-11-17,11,AA,2342,32,27,Delayed,
ITO,HNL,2025-09-29,9,WN,216,-7,-10,On time,
TYS,MCO,2025-08-11,8,G4,532,-7,-6,On time,
MCO,PHX,2025-08-26,8,WN,1849,3,-29,On time,
PHX,DFW,2025-10-25,10,AA,868,54,76,Delayed,
CLT,DFW,2025-07-06,7,AA,935,-3,-25,On time,
TPA,ATL,2025-02-23,2,DL,406,12,11,On time,
ORD,FWA,2025-07-13,7,OO,157,22,31,Delayed,
MSP,IAH,2025-08-04,8,DL,1034,-6,-22,On time,
BWI,BDL,2025-12-31,12,WN,283,3,-6,On time,
STL,OKC,2025-05-23,5,WN,462,0,-2,On time,
MSP,DFW,2025-07-04,7,DL,852,57,50,Delayed,
SRQ,LGA,2025-01-21,1,DL,1047,154,118,Delayed,
BWI,MKE,2025-10-30,10,WN,641,-1,-18,On time,
ATL,AUS,2025-10-17,10,DL,813,-3,2,On time,
SAN,SJC,2025-11-27,11,WN,417,-3,-22,On time,
EWR,SAN,2025-12-17,12,AS,2425,-1,-22,On time,
MSY,DFW,2025-11-23,11,AA,448,-3,-5,On time,
DTW,BOS,2025-06-02,6,B6,632,26,22,Delayed,
MCO,CLT,2025-06-06,6,AA,468,-6,-19,On time,
STT,BOS,2025-12-29,12,DL,1693,-10,-18,On time,
DEN,CPR,2025-11-04,11,OO,230,-5,-16,On time,
DAL,LAX,2025-07-25,7,WN,1246,5,-2,On time,
SMF,LAX,2025-12-15,12,WN,373,-1,-15,On time,
MCI,DAL,2025-07-05,7,WN,461,-5,-11,On time,
DFW,ORD,2025-11-01,11,AA,802,78,79,Delayed,
BUF,CLT,2025-09-17,9,AA,546,14,6,On time,
DFW,LAX,2025-02-19,2,AA,1235,87,73,Delayed,
MIA,LGA,2025-12-16,12,NK,1096,50,62,Delayed,
DEN,SAN,2025-05-31,5,WN,853,11,1,On time,
HOU,DEN,2025-02-13,2,WN,883,13,7,On time,
LAX,LAS,2025-06-24,6,WN,236,-4,-3,On time,
DFW,DTW,2025-07-11,7,AA,986,6,-3,On time,
DAL,MCO,2025-10-04,10,WN,973,-2,15,Delayed,
MKE,ORD,2025-11-22,11,OO,67,10,-6,On time,
LAS,OAK,2025-01-07,1,NK,407,-2,-4,On time,
CLT,BUF,2025-01-21,1,AA,546,-2,-23,On time,
KOA,LAX,2025-07-18,7,AS,2504,168,161,Delayed,
MDW,MSY,2025-04-18,4,WN,825,-7,-2,On time,
PHL,CLT,2025-04-27,4,AA,449,-2,-24,On time,
RDU,IAD,2025-09-06,9,UA,225,-3,-8,On time,
LFT,DFW,2025-09-21,9,OH,351,11,0,On time,
DEN,IDA,2025-07-05,7,OO,458,-7,3,On time,
DEN,EWR,2025-06-07,6,UA,1605,3,-24,On time,
HSV,DEN,2025-05-21,5,OO,1048,-10,2,On time,
BTV,DTW,2025-04-05,4,OO,537,-10,-18,On time,
ATL,STL,2025-05-27,5,WN,484,1,-8,On time,
SLC,TPA,2025-12-12,12,DL,1888,-5,-22,On time,
DEN,PDX,2025-09-29,9,UA,991,5,-9,On time,
TPA,MSY,2025-03-26,3,WN,488,2,-13,On time,
FAI,SEA,2025-06-23,6,AS,1533,12,32,Delayed,
PIE,IAG,2025-07-24,7,G4,1069,21,20,Delayed,
MCO,FLL,2025-01-21,1,NK,177,-3,-7,On time,
DEN,SAN,2025-01-15,1,UA,853,-6,-23,On time,
ORF,ATL,2025-09-25,9,DL,516,22,20,Delayed,
MCO,IAD,2025-12-10,12,UA,758,-10,-18,On time,
DFW,RAP,2025-01-10,1,MQ,835,96,105,Delayed,
DFW,ATL,2025-01-20,1,DL,731,106,96,Delayed,
RIC,CLT,2025-09-02,9,AA,257,-1,-6,On time,
ORD,BOS,2025-08-17,8,UA,867,11,43,Delayed,
LAX,DFW,2025-04-26,4,AA,1235,-10,-19,On time,
BNA,CHS,2025-05-25,5,WN,439,4,26,Delayed,
CLT,EWR,2025-01-03,1,AA,529,0,-9,On time,
MKE,DCA,2025-03-03,3,WN,634,-4,-12,On time,
TPA,ORD,2025-04-02,4,AA,1012,219,269,Delayed,
ATL,GSO,2025-09-10,9,DL,306,-4,-17,On time,
BOS,SFO,2025-07-04,7,B6,2704,-6,-37,On time,
SAT,IAD,2025-02-13,2,UA,1362,-4,-21,On time,
MIA,LGA,2025-11-02,11,AA,1096,-4,-36,On time,
IAH,LGA,2025-05-21,5,UA,1416,-1,-25,On time,
SMF,TUS,2025-03-30,3,OO,752,-8,-21,On time,
MSP,BNA,2025-10-13,10,DL,695,-5,-13,On time,
FLL,BHM,2025-03-14,3,NK,650,-9,-5,On time,
OAK,SEA,2025-03-30,3,WN,672,4,-5,On time,
HNL,SFO,2025-03-30,3,HA,2398,21,10,On time,
SFO,LAX,2025-04-30,4,WN,337,0,-14,On time,
RST,ORD,2025-08-28,8,OO,268,-7,-1,On time,
DFW,MSP,2025-05-16,5,AA,852,1,14,On time,
DEN,FAT,2025-01-22,1,OO,844,0,-28,On time,
CID,BNA,2025-06-30,6,G4,481,-26,-30,On time,
IAD,FLL,2025-09-22,9,UA,901,-10,6,On time,
DFW,BRO,2025-06-22,6,OO,482,-3,3,On time,
ATL,JAX,2025-04-11,4,DL,270,4,4,On time,
PHX,OAK,2025-01-21,1,WN,646,1,-14,On time,
BNA,MSY,2025-11-12,11,WN,471,-1,-18,On time,
SWO,DFW,2025-10-23,10,OO,225,-10,-14,On time,
DAL,BWI,2025-12-26,12,WN,1209,26,21,Delayed,
EWR,SJU,2025-01-19,1,UA,1608,-4,-14,On time,
SLC,LGB,2025-11-15,11,OO,588,-10,-11,On time,
ANC,JNU,2025-06-16,6,AS,571,-3,-9,On time,
SAT,MSP,2025-01-23,1,DL,1097,-4,-17,On time,
DEN,ONT,2025-08-03,8,UA,819,-4,-10,On time,
LAX,SLC,2025-12-25,12,DL,590,8,-15,On time,
MEM,LAX,2025-12-31,12,DL,1619,-4,-4,On time,
MKE,STL,2025-01-17,1,WN,317,-6,-23,On time,
SFO,MRY,2025-01-17,1,OO,77,-7,-5,On time,
RNO,LAX,2025-07-15,7,OO,390,-9,-21,On time,
IAD,FLL,2025-05-08,5,UA,901,1,-2,On time,
DFW,FAT,2025-07-29,7,AA,1313,18,29,Delayed,
SRQ,SBN,2025-05-15,5,G4,1009,-11,2,On time,
ATL,SFO,2025-01-04,1,DL,2139,11,7,On time,
MOT,MSP,2025-12-25,12,OO,449,-10,-36,On time,
DFW,GSP,2025-08-06,8,OH,862,0,-16,On time,
SJC,BUR,2025-08-15,8,WN,296,5,-11,On time,
SAN,ATL,2025-12-23,12,DL,1892,86,97,Delayed,
DFW,MIA,2025-07-05,7,AA,1121,43,48,Delayed,
SMF,LAS,2025-08-28,8,WN,397,18,8,On time,
AUS,CHS,2025-03-14,3,WN,1055,4,-11,On time,
PDX,FAT,2025-12-12,12,OO,626,-6,-5,On time,
ORD,TPA,2025-04-21,4,UA,1012,-2,5,On time,
DAL,PHX,2025-08-05,8,WN,879,-6,-21,On time,
EWR,ORD,2025-01-19,1,UA,719,-9,-21,On time,
EWR,STL,2025-05-10,5,YX,872,-10,-45,On time,
ORD,LAS,2025-07-13,7,AA,1514,44,62,Delayed,
PVD,DCA,2025-11-14,11,OH,356,-8,-35,On time,
BNA,ORD,2025-10-02,10,WN,409,-5,-12,On time,
SBP,SFO,2025-01-02,1,OO,190,178,154,Delayed,
PSP,SLC,2025-03-12,3,OO,541,-9,-8,On time,
SEA,LAX,2025-01-28,1,DL,954,-1,3,On time,
ORD,RST,2025-05-05,5,OO,268,-4,-2,On time,
CLE,ORD,2025-03-02,3,AA,316,-7,-12,On time,
PHX,LAX,2025-01-08,1,F9,370,-10,11,On time,
SMF,SEA,2025-02-07,2,WN,605,2,-7,On time,
FLL,CLT,2025-03-23,3,AA,632,-5,-17,On time,
JST,ORD,2025-09-16,9,OO,487,-10,-12,On time,
BDL,DCA,2025-12-19,12,OH,313,51,39,Delayed,
DCA,ATL,2025-10-07,10,DL,547,-12,-25,On time,
MIA,LAX,2025-06-04,6,AA,2342,-3,-36,On time,
SDF,DCA,2025-03-31,3,OH,474,40,98,Delayed,
MKE,DTW,2025-05-07,5,OO,237,-16,-20,On time,
LAX,SJC,2025-06-15,6,WN,308,-5,-12,On time,
BNA,ONT,2025-12-18,12,WN,1751,18,-6,On time,
DEC,ORD,2025-08-23,8,OO,156,-13,-19,On time,
MCO,MDW,2025-09-14,9,WN,990,-9,-13,On time,
ORD,ABQ,2025-12-18,12,MQ,1118,-5,-33,On time,
JNU,ANC,2025-02-10,2,AS,571,-28,-52,On time,
DTW,RSW,2025-12-27,12,NK,1084,25,41,Delayed,
ATL,LAS,2025-02-04,2,DL,1747,-6,-18,On time,
PHX,LAX,2025-06-06,6,OO,370,3,6,On time,
FAI,ANC,2025-03-10,3,AS,261,-17,-14,On time,
SBP,DEN,2025-01-12,1,UA,931,13,6,On time,
SJU,FLL,2025-12-08,12,B6,1046,4,0,On time,
EWR,SLC,2025-07-28,7,DL,1969,46,38,Delayed,
DFW,FAT,2025-12-13,12,AA,1313,11,-5,On time,
ATL,MCO,2025-02-15,2,DL,404,73,71,Delayed,
ABQ,DEN,2025-09-11,9,WN,349,-2,-11,On time,
AUS,MSY,2025-06-12,6,WN,444,3,19,Delayed,
ORD,SEA,2025-09-28,9,AS,1721,-8,-47,On time,
MCO,EWR,2025-03-29,3,B6,937,-4,1,On time,
LAS,CHA,2025-06-19,6,G4,1682,-9,-19,On time,
SJU,IAD,2025-05-24,5,UA,1571,-5,-12,On time,
BOS,SFO,2025-03-03,3,UA,2704,28,-9,On time,
LGA,DFW,2025-04-23,4,AA,1389,141,110,Delayed,
CLT,GSO,2025-01-24,1,OH,83,-3,-19,On time,
TUS,SEA,2025-04-29,4,AS,1216,-4,-8,On time,
DAB,CLT,2025-08-21,8,OH,416,1,-21,On time,
DFW,LCH,2025-06-24,6,OO,295,-6,-17,On time,
MCO,ORD,2025-06-28,6,UA,1005,11,17,Delayed,
ORD,FNT,2025-06-16,6,OO,223,10,2,On time,
LAX,PHL,2025-08-15,8,AA,2402,-2,-7,On time,
ATL,SBN,2025-09-22,9,OO,566,-5,0,On time,
IAD,PHX,2025-04-13,4,UA,1956,-9,-37,On time,
PDX,LAS,2025-04-17,4,F9,763,3,-13,On time,
MSP,SAN,2025-08-15,8,DL,1532,7,9,On time,
JFK,LAS,2025-12-14,12,AA,2248,47,88,Delayed,
SAT,LAS,2025-01-03,1,WN,1069,-4,-11,On time,
HOU,MAF,2025-02-14,2,WN,441,-7,-12,On time,
DEN,HSV,2025-07-27,7,OO,1048,-7,-16,On time,
DEN,LAX,2025-12-23,12,WN,862,101,100,Delayed,
ORD,LGA,2025-10-17,10,AA,733,-3,-5,On time,
ORD,LGA,2025-05-20,5,AA,733,-1,-4,On time,
SLC,PHX,2025-03-15,3,OO,507,-6,-20,On time,
DCA,CLT,2025-11-17,11,AA,331,818,815,Delayed,
SFO,LAS,2025-10-05,10,UA,414,-4,-11,On time,
DEN,ATL,2025-11-10,11,DL,1199,0,-15,On time,
OAK,ONT,2025-04-22,4,WN,362,-6,-19,On time,
ORD,AVL,2025-07-26,7,OO,536,-4,15,Delayed,
ORD,XNA,2025-12-13,12,MQ,522,5,29,Delayed,
DFW,FLL,2025-02-14,2,NK,1119,15,1,On time,
PHX,JFK,2025-12-21,12,B6,2153,-9,-26,On time,
HNL,LIH,2025-11-24,11,HA,102,-6,-2,On time,
PIT,CLT,2025-11-18,11,AA,366,-2,-5,On time,
ATL,COS,2025-06-18,6,DL,1184,0,11,On time,
AUS,MSP,2025-10-07,10,OO,1042,-4,-4,On time,
DFW,MIA,2025-06-19,6,AA,1121,-5,-22,On time,
DFW,SAT,2025-08-04,8,AA,247,8,-4,On time,
PHX,ATL,2025-02-20,2,DL,1587,-3,-22,On time,
TPA,ATL,2025-08-09,8,DL,406,-6,-22,On time,
OKC,DEN,2025-07-05,7,F9,495,34,19,Delayed,
MSP,DEN,2025-07-11,7,WN,680,145,169,Delayed,
DFW,BRO,2025-11-24,11,MQ,482,85,82,Delayed,
SBP,SFO,2025-10-08,10,OO,191,43,65,Delayed,
PHX,DEN,2025-01-27,1,UA,602,-2,-3,On time,
LAS,OGG,2025-11-12,11,HA,2695,5,14,On time,
SMF,SAN,2025-09-01,9,WN,480,-2,-3,On time,
LAX,IAD,2025-03-18,3,UA,2288,-4,-28,On time,
DEN,EGE,2025-04-03,4,UA,120,-3,26,Delayed,
DEN,SAT,2025-07-14,7,WN,794,8,60,Delayed,
LIH,OGG,2025-03-03,3,WN,201,-5,-13,On time,
OMA,PHL,2025-08-20,8,AA,1089,30,35,Delayed,
EWR,LAS,2025-05-22,5,UA,2227,35,31,Delayed,
MSY,SAN,2025-08-05,8,WN,1600,-5,-21,On time,
SEA,SLC,2025-10-16,10,AS,689,-11,-26,On time,
ROC,BWI,2025-01-21,1,WN,277,-6,-2,On time,
BWI,JAX,2025-10-03,10,WN,663,13,-2,On time,
SNA,SFO,2025-06-28,6,OO,372,-5,-22,On time,
DCA,MCO,2025-08-16,8,AA,759,-3,14,On time,
MSP,RSW,2025-01-16,1,DL,1416,-5,-21,On time,
SLC,EKO,2025-06-29,6,OO,200,0,-8,On time,
HRL,DFW,2025-12-08,12,MQ,461,-7,-4,On time,
CHA,ORD,2025-08-22,8,OO,501,-7,-17,On time,
RIC,BOS,2025-03-03,3,B6,474,-9,-5,On time,
BOS,LGA,2025-04-03,4,YX,184,-5,-12,On time,
LGA,IAH,2025-09-01,9,UA,1416,-5,-21,On time,
IAH,DTW,2025-09-13,9,DL,1075,-10,-3,On time,
ATL,CRW,2025-09-18,9,OO,363,2,-4,On time,
LAS,BUR,2025-01-06,1,WN,223,-10,-11,On time,
MDW,DAL,2025-05-02,5,WN,793,0,21,Delayed,
DEN,MFR,2025-09-02,9,UA,964,-6,-25,On time,
RSW,LGA,2025-09-30,9,DL,1080,-23,-22,On time,
PHX,JFK,2025-03-09,3,AA,2153,-3,13,On time,
DFW,ATL,2025-10-22,10,AA,731,30,22,Delayed,
DFW,LIT,2025-12-23,12,OO,304,2,1,On time,
LGA,BOS,2025-05-26,5,DL,184,-10,-4,On time,
ATL,ORD,2025-07-28,7,UA,606,120,101,Delayed,
BPT,DFW,2025-10-20,10,OO,270,118,145,Delayed,
DFW,ATL,2025-07-05,7,MQ,731,-7,-5,On time,
LAS,LAX,2025-12-20,12,DL,236,-9,-1,On time,
BWI,STL,2025-10-14,10,WN,738,12,2,On time,
SAT,DEN,2025-10-29,10,WN,794,-4,1,On time,
DEN,EWR,2025-08-23,8,UA,1605,3,-7,On time,
DFW,MLU,2025-09-22,9,MQ,293,-1,-13,On time,
ONT,DEN,2025-05-23,5,UA,819,-2,-18,On time,
HNL,ITO,2025-06-23,6,HA,216,0,-6,On time,
SGU,PHX,2025-07-12,7,OO,262,190,200,Delayed,
SYR,MCO,2025-01-09,1,B6,1053,-5,5,On time,
BOS,IAH,2025-02-07,2,UA,1597,-4,-25,On time,
PHL,IAH,2025-05-10,5,AA,1325,2,26,Delayed,
DEN,TUS,2025-05-21,5,WN,639,12,0,On time,
DTW,MBS,2025-07-22,7,OO,98,-2,-13,On time,
MEM,DFW,2025-09-20,9,AA,431,9,10,On time,
BWI,BDL,2025-08-01,8,WN,283,45,32,Delayed,
PDX,SJC,2025-12-28,12,WN,569,17,-2,On time,
ORF,BWI,2025-10-23,10,WN,159,-4,-5,On time,
CLT,MEM,2025-03-11,3,AA,511,52,33,Delayed,
RDU,HOU,2025-01-07,1,WN,1050,11,-8,On time,
MDT,ATL,2025-06-12,6,DL,620,-5,-9,On time,
DEN,PHL,2025-08-01,8,UA,1558,-5,-23,On time,
AUS,LAX,2025-07-07,7,DL,1242,3,0,On time,
PHL,SJU,2025-02-07,2,F9,1576,22,9,On time,
BNA,LGA,2025-05-09,5,DL,764,21,27,Delayed,
LGA,ORD,2025-06-20,6,DL,733,-2,-24,On time,
DFW,BOS,2025-08-12,8,AA,1562,-2,13,On time,
TYS,ORD,2025-03-21,3,MQ,475,-12,-3,On time,
ATL,LGA,2025-04-30,4,DL,762,-7,-20,On time,
DTW,DEN,2025-07-11,7,F9,1123,-10,-19,On time,
FSD,DFW,2025-08-27,8,MQ,737,3,-6,On time,
PHX,HOU,2025-04-27,4,WN,1020,0,0,On time,
DEN,LAX,2025-11-25,11,F9,862,-7,-30,On time,
ATL,MIA,2025-07-31,7,AA,594,180,195,Delayed,
ORD,OMA,2025-12-15,12,UA,416,-10,-19,On time,
SFO,BUR,2025-11-29,11,UA,326,-6,-17,On time,
BOS,BWI,2025-10-21,10,YX,369,-10,-27,On time,
SMF,BUR,2025-07-03,7,WN,358,-1,-11,On time,
PHX,ABQ,2025-02-11,2,MQ,328,-2,-6,On time,
ORF,ATL,2025-12-07,12,DL,516,-5,41,Delayed,
OAK,BLI,2025-06-20,6,G4,764,15,20,Delayed,
SFO,LAX,2025-05-23,5,OO,337,25,33,Delayed,
MCO,ORD,2025-08-21,8,WN,1005,73,176,Delayed,
JAN,DFW,2025-09-29,9,MQ,408,-7,-2,On time,
SEA,JNU,2025-07-02,7,AS,909,16,16,Delayed,
BMI,DFW,2025-10-18,10,MQ,690,30,43,Delayed,
ORD,SAT,2025-12-04,12,AA,1041,211,208,Delayed,
AMA,IAH,2025-04-22,4,OO,517,-6,-13,On time,
CAE,ATL,2025-01-10,1,DL,192,-5,4,On time,
IAD,BOS,2025-02-06,2,UA,413,21,11,On time,
SFO,SEA,2025-01-21,1,UA,679,-9,-27,On time,
PVD,DEN,2025-09-06,9,WN,1737,-1,12,On time,
LAX,LAS,2025-05-04,5,AA,236,-1,19,Delayed,
ORD,MSY,2025-02-10,2,UA,837,-6,-9,On time,
DCA,RDU,2025-05-01,5,MQ,227,-1,-11,On time,
PHX,FAT,2025-08-11,8,OO,493,-5,-18,On time,
LGA,BNA,2025-12-20,12,WN,764,-1,-3,On time,
DCA,BNA,2025-09-23,9,WN,562,3,-1,On time,
ELP,DAL,2025-05-14,5,WN,562,-3,-9,On time,
AZA,MOT,2025-01-13,1,G4,1164,-13,-24,On time,
JFK,SMF,2025-07-06,7,B6,2521,5,10,On time,
ATL,BOS,2025-04-28,4,DL,946,60,56,Delayed,
GSO,DEN,2025-11-10,11,OO,1370,143,106,Delayed,
MYR,ATL,2025-08-23,8,DL,317,-8,-6,On time,
SLC,GTF,2025-07-15,7,OO,463,-7,-16,On time,
PDX,SFO,2025-01-29,1,UA,550,-11,-13,On time,
JAN,HOU,2025-07-16,7,WN,359,-14,-24,On time,
JFK,SRQ,2025-01-03,1,B6,1041,-3,-2,On time,
MFE,DFW,2025-05-12,5,AA,469,38,35,Delayed,
CMH,MDW,2025-07-19,7,WN,283,-1,-15,On time,
EWR,JAC,2025-07-06,7,UA,1874,6,1,On time,
BWI,BDL,2025-03-18,3,WN,283,36,22,Delayed,
PHL,SAN,2025-04-30,4,AA,2370,-6,-19,On time,
PHX,SAN,2025-05-14,5,AA,304,-9,3,On time,
DCA,BOS,2025-08-03,8,YX,399,-8,-14,On time,
ATL,IAH,2025-08-21,8,DL,689,-6,-7,On time,
MEM,CLT,2025-12-01,12,AA,511,19,13,On time,
LAS,MSP,2025-09-09,9,DL,1299,-10,-31,On time,
AUS,TUL,2025-06-23,6,WN,426,34,22,Delayed,
MCO,DCA,2025-10-23,10,AA,759,2,5,On time,
SMF,DEN,2025-02-27,2,WN,909,-1,-1,On time,
SWO,DFW,2025-08-26,8,OO,225,-8,-8,On time,
PDX,ORD,2025-09-10,9,AS,1739,1,14,On time,
CLT,RSW,2025-02-15,2,AA,600,-3,-3,On time,
AUS,IAH,2025-02-19,2,UA,140,3,6,On time,
ATL,DEN,2025-01-01,1,DL,1199,-4,6,On time,
STL,LGB,2025-08-12,8,WN,1581,-1,-17,On time,
BNA,LGA,2025-12-07,12,DL,764,-2,-21,On time,
PIE,EVV,2025-10-09,10,G4,752,2,-7,On time,
PHX,SBA,2025-03-21,3,MQ,455,-3,-5,On time,
PDX,ONT,2025-02-12,2,AS,838,-3,-2,On time,
ORD,JAX,2025-08-28,8,UA,864,-10,-23,On time,
EKO,SLC,2025-12-21,12,OO,200,-11,-32,On time,
RIW,DEN,2025-08-04,8,OO,296,-1,2,On time,
STT,MIA,2025-12-16,12,AA,1107,-10,-22,On time,
PWM,MDW,2025-08-29,8,WN,895,7,0,On time,
PHL,BHM,2025-03-02,3,OH,772,-6,-13,On time,
LAX,AUS,2025-06-21,6,AA,1242,-7,-22,On time,
ORF,CLT,2025-03-21,3,OH,290,-11,-27,On time,
HOU,OKC,2025-05-04,5,WN,419,24,16,Delayed,
OGG,SEA,2025-11-19,11,AS,2639,-3,-25,On time,
MKE,DFW,2025-01-10,1,AA,853,45,65,Delayed,
PDX,JFK,2025-09-26,9,DL,2454,-3,-9,On time,
HOU,OKC,2025-12-24,12,WN,419,-5,-12,On time,
HNL,ITO,2025-02-10,2,HA,216,4,4,On time,
DTW,LGA,2025-04-29,4,DL,502,-5,-3,On time,
XNA,DFW,2025-06-28,6,MQ,280,-9,-10,On time,
DCA,BOS,2025-11-11,11,YX,399,77,89,Delayed,
ATL,SFO,2025-05-17,5,DL,2139,-2,0,On time,
LAX,MSP,2025-08-02,8,DL,1535,16,1,On time,
ILM,CLT,2025-11-16,11,AA,185,-3,-14,On time,
BZN,SEA,2025-10-29,10,OO,543,-10,-23,On time,
ATL,IAD,2025-12-21,12,DL,534,-4,-2,On time,
SJC,SAN,2025-05-16,5,OO,417,-9,-18,On time,
PHX,SLC,2025-12-31,12,MQ,507,-1,-16,On time,
MDW,ORF,2025-07-03,7,WN,704,32,21,Delayed,
KOA,OGG,2025-07-23,7,WN,84,-4,-17,On time,
BOS,ORD,2025-10-12,10,AA,867,-9,-28,On time,
DCA,PIT,2025-09-27,9,YX,204,-5,-17,On time,
SLC,PDX,2025-03-21,3,DL,630,3,4,On time,
DEN,MSY,2025-02-24,2,UA,1062,-4,-23,On time,
SEA,SLC,2025-11-19,11,AS,689,-11,-30,On time,
CVG,FLL,2025-04-17,4,DL,932,-6,-25,On time,
MSY,SAN,2025-09-25,9,WN,1600,11,10,On time,
SDF,CLT,2025-11-08,11,AA,335,56,52,Delayed,
RIC,ATL,2025-04-15,4,DL,481,-5,-18,On time,
LAS,SMF,2025-02-06,2,OO,397,1,4,On time,
JFK,DCA,2025-09-07,9,YX,213,-2,-11,On time,
DEN,IAD,2025-03-30,3,UA,1452,-4,8,On time,
MSN,PHX,2025-02-13,2,AA,1396,-7,25,Delayed,
DFW,EWR,2025-12-10,12,AA,1372,1,26,Delayed,
IAH,PHL,2025-10-13,10,UA,1325,-10,-2,On time,
MSP,FLL,2025-04-25,4,DL,1487,-5,-11,On time,
FAR,DEN,2025-01-21,1,OO,627,-6,-24,On time,
SMF,LAS,2025-01-28,1,NK,397,-9,-15,On time,
CLT,MKE,2025-06-20,6,AA,651,-7,-12,On time,
LAS,AUS,2025-10-01,10,WN,1090,5,-6,On time,
MCO,MIA,2025-06-07,6,AA,192,-10,-20,On time,
LEX,DFW,2025-11-19,11,AA,785,-13,-36,On time,
ATL,MCO,2025-02-06,2,DL,404,-5,-5,On time,
PVU,AZA,2025-06-01,6,G4,477,5,-3,On time,
FAT,LAS,2025-01-02,1,WN,259,0,-15,On time,
MCO,ATL,2025-11-06,11,DL,404,72,62,Delayed,
DEN,LGA,2025-02-23,2,WN,1620,5,11,On time,
SAV,CLT,2025-04-28,4,OH,213,27,8,On time,
OAK,LGB,2025-12-16,12,WN,353,-1,-14,On time,
KOA,HNL,2025-07-21,7,HA,163,0,-2,On time,
SFO,ORD,2025-01-23,1,UA,1846,-4,-29,On time,
PHL,ORF,2025-06-23,6,OH,212,152,151,Delayed,
PHX,SEA,2025-02-28,2,OO,1107,20,23,Delayed,
DSM,ATL,2025-09-11,9,DL,743,26,6,On time,
LIH,HNL,2025-09-23,9,HA,102,3,0,On time,
DTW,DFW,2025-06-20,6,AA,986,36,30,Delayed,
PIE,DSM,2025-07-27,7,G4,1126,51,41,Delayed,
BNA,STL,2025-05-12,5,WN,272,20,29,Delayed,
RAP,DEN,2025-10-09,10,UA,301,-7,4,On time,
SAN,DEN,2025-03-27,3,WN,853,17,9,On time,
EUG,DFW,2025-04-13,4,AA,1606,0,-6,On time,
MCO,DEN,2025-10-29,10,WN,1547,-2,-3,On time,
ORD,SDF,2025-03-14,3,YX,286,-5,-6,On time,
IAH,SAT,2025-12-09,12,UA,191,27,10,On time,
SEA,BZN,2025-07-02,7,OO,543,2,-12,On time,
DFW,SFO,2025-02-18,2,AA,1464,17,12,On time,
CLT,TPA,2025-03-16,3,AA,507,-4,-3,On time,
CID,CLT,2025-10-14,10,AA,742,-13,-30,On time,
GRR,ORD,2025-07-14,7,MQ,137,-8,-22,On time,
PIT,DEN,2025-11-29,11,UA,1290,-7,-18,On time,
AMA,DFW,2025-08-25,8,MQ,312,-6,-17,On time,
DFW,TYR,2025-04-04,4,OO,102,-7,-11,On time,
CHS,ATL,2025-03-13,3,DL,259,3,-12,On time,
GRI,DFW,2025-06-29,6,OO,561,36,27,Delayed,
CHS,CLT,2025-05-07,5,OH,168,-5,-21,On time,
HNL,LGB,2025-04-08,4,HA,2569,-13,-13,On time,
TUS,PHX,2025-12-09,12,OO,109,-12,-10,On time,
ORD,LIT,2025-04-24,4,YX,552,-10,-13,On time,
ATL,PHL,2025-11-23,11,OH,666,-8,-11,On time,
CLT,DEN,2025-11-24,11,AA,1337,-7,-28,On time,
TUL,DFW,2025-02-05,2,MQ,237,-5,-8,On time,
AUS,HOU,2025-05-05,5,WN,148,21,30,Delayed,
DEN,EUG,2025-05-31,5,UA,996,15,3,On time,
HTS,PIE,2025-04-25,4,G4,721,214,228,Delayed,
DEN,AUS,2025-04-11,4,WN,775,1,1,On time,
CLT,BOS,2025-08-31,8,YX,728,-6,-10,On time,
SFO,PSP,2025-12-25,12,OO,421,116,103,Delayed,
DCA,MSP,2025-12-28,12,DL,931,-2,-2,On time,
SFO,PDX,2025-11-13,11,UA,550,75,60,Delayed,
BNA,EWR,2025-01-20,1,UA,748,50,51,Delayed,
SEA,GEG,2025-06-21,6,AS,224,-6,-13,On time,
DFW,SLC,2025-04-03,4,DL,989,50,34,Delayed,
DEN,LGA,2025-07-03,7,DL,1620,-3,-19,On time,
DCA,CMH,2025-11-19,11,MQ,323,187,192,Delayed,
DEN,OKC,2025-03-11,3,F9,495,43,41,Delayed,
PIT,SFO,2025-04-24,4,UA,2254,-6,-10,On time,
OGG,KOA,2025-03-04,3,HA,84,0,-4,On time,
ATL,ORD,2025-09-11,9,DL,606,-6,-12,On time,
PHX,OMA,2025-10-29,10,WN,1037,11,5,On time,
CLT,SFO,2025-08-20,8,AA,2296,-4,-3,On time,
VPS,DCA,2025-01-16,1,OH,789,-13,-5,On time,
SLC,SJC,2025-10-20,10,DL,584,-6,-11,On time,
ATL,FLL,2025-06-16,6,DL,581,77,69,Delayed,
EWR,BNA,2025-08-15,8,UA,748,7,-13,On time,
ATL,DEN,2025-12-30,12,DL,1199,103,105,Delayed,
IAD,TPA,2025-06-18,6,UA,811,-5,-1,On time,
DFW,ELP,2025-03-17,3,AA,551,12,14,On time,
ORD,LIT,2025-08-01,8,MQ,552,-2,-13,On time,
SEA,SMF,2025-09-25,9,AS,605,-6,-21,On time,
ISP,PBI,2025-11-07,11,WN,1052,-1,4,On time,
ELP,LAX,2025-08-08,8,OO,715,-10,-31,On time,
SYR,BNA,2025-11-25,11,G4,741,19,20,Delayed,
PHX,ORD,2025-09-12,9,UA,1440,-2,-24,On time,
DEN,SNA,2025-05-06,5,WN,846,-1,-18,On time,
SYR,MCO,2025-04-07,4,F9,1053,-1,1,On time,
PIE,SYR,2025-03-23,3,G4,1111,-11,-15,On time,
BOS,DCA,2025-01-24,1,YX,399,-3,-5,On time,
IAH,DEN,2025-06-20,6,UA,862,-6,4,On time,
OGG,OAK,2025-09-09,9,HA,2348,2,-29,On time,
DTW,BOS,2025-08-08,8,DL,632,12,6,On time,
LAN,DCA,2025-04-18,4,OH,479,21,27,Delayed,
DTW,MCO,2025-12-21,12,DL,957,93,74,Delayed,
DFW,SHV,2025-07-21,7,OO,190,-5,-11,On time,
IAH,ATL,2025-04-21,4,F9,689,96,103,Delayed,
BNA,PNS,2025-10-25,10,WN,391,-8,-15,On time,
LAX,JFK,2025-04-11,4,B6,2475,-6,3,On time,
JFK,ATL,2025-01-29,1,DL,760,19,3,On time,
TPA,ORD,2025-05-06,5,NK,1012,44,26,Delayed,
MDW,DTW,2025-10-09,10,OO,228,-9,-17,On time,
MCI,SFO,2025-02-16,2,OO,1499,-5,1,On time,
DTW,ATL,2025-05-29,5,DL,594,-8,-23,On time,
DCA,JAN,2025-02-16,2,OH,860,331,323,Delayed,
MSY,ATL,2025-08-17,8,DL,425,-1,-12,On time,
DEN,BWI,2025-06-18,6,UA,1491,-8,-9,On time,
MCO,DTW,2025-06-16,6,DL,957,-6,-9,On time,
MIA,LAX,2025-05-25,5,AA,2342,-6,-28,On time,
SMF,LAS,2025-09-12,9,WN,397,7,4,On time,
BWI,PHX,2025-01-20,1,WN,1999,39,34,Delayed,
GSO,DCA,2025-10-07,10,OH,248,-10,-7,On time,
DAL,TUL,2025-07-22,7,WN,237,-3,-19,On time,
MSP,ATL,2025-11-16,11,DL,907,-5,-5,On time,
BOS,DCA,2025-11-15,11,AA,399,-9,-21,On time,
ACK,JFK,2025-07-03,7,B6,199,5,11,On time,
RDU,MDW,2025-07-05,7,WN,632,2,-15,On time,
CRP,HOU,2025-04-03,4,WN,187,-6,-12,On time,
PWM,ORD,2025-09-28,9,OO,900,0,-15,On time,
PDX,PHX,2025-07-20,7,WN,1010,21,15,Delayed,
LAS,PHX,2025-07-06,7,F9,255,87,79,Delayed,
SFO,PHX,2025-02-18,2,OO,651,13,-1,On time,
ORD,LGA,2025-11-03,11,AA,733,-5,-12,On time,
MDW,PHX,2025-07-03,7,WN,1444,20,4,On time,
SAV,DCA,2025-09-05,9,OH,519,-8,3,On time,
MRY,PHX,2025-01-09,1,OO,598,-9,-9,On time,
BWI,BUF,2025-04-16,4,WN,281,-3,-9,On time,
CVG,SLC,2025-04-14,4,DL,1450,15,22,Delayed,
DEN,BWI,2025-06-04,6,WN,1491,0,-12,On time,
IND,DAL,2025-01-25,1,WN,755,-8,-14,On time,
DEN,HDN,2025-02-11,2,UA,141,3,11,On time,
ABQ,LAX,2025-11-18,11,OO,677,-12,-25,On time,
SAT,LAS,2025-07-07,7,WN,1069,4,2,On time,
EWR,LAX,2025-05-09,5,B6,2454,216,173,Delayed,
SNA,DFW,2025-03-26,3,AA,1205,-6,-10,On time,
LGA,RDU,2025-06-13,6,YX,431,-11,16,Delayed,
DFW,BTR,2025-07-03,7,OH,383,-4,-11,On time,
ORD,CLT,2025-12-11,12,UA,599,157,146,Delayed,
JFK,ATL,2025-11-01,11,F9,760,-9,14,On time,
PHX,DEN,2025-08-19,8,WN,602,-1,-6,On time,
BNA,PHX,2025-09-28,9,WN,1449,21,10,On time,
ATL,DAL,2025-12-25,12,DL,721,-10,-37,On time,
GEG,SEA,2025-06-19,6,AS,224,-10,-19,On time,
ALB,MCO,2025-10-08,10,B6,1073,-7,2,On time,
MDW,BDL,2025-06-10,6,WN,776,14,4,On time,
RIC,ORD,2025-08-02,8,UA,642,-4,3,On time,
DTW,STL,2025-10-08,10,DL,440,-6,-14,On time,
DFW,ICT,2025-07-24,7,MQ,328,-3,-7,On time,
DFW,HRL,2025-04-26,4,MQ,461,-6,-23,On time,
FAT,SAN,2025-12-07,12,OO,314,-3,26,Delayed,
ORD,JAX,2025-01-03,1,MQ,864,-4,-12,On time,
BNA,BHM,2025-12-01,12,WN,177,40,28,Delayed,
DFW,BZN,2025-12-10,12,AA,1163,0,7,On time,
RIC,LGA,2025-07-22,7,YX,291,-8,-13,On time,
ATL,LIT,2025-06-22,6,DL,453,-2,-16,On time,
SAN,DEN,2025-10-17,10,WN,853,-5,-26,On time,
LIT,CLT,2025-10-12,10,OH,640,-6,-1,On time,
MVY,DCA,2025-07-11,7,YX,383,-13,-22,On time,
SAT,ELP,2025-08-14,8,WN,496,27,16,Delayed,
MYR,ATL,2025-04-30,4,DL,317,-9,-20,On time,
PHX,PSC,2025-12-27,12,OO,962,0,7,On time,
LGA,BOS,2025-04-09,4,B6,184,11,8,On time,
SNA,SMF,2025-10-01,10,WN,404,2,-1,On time,
PHX,YUM,2025-07-19,7,OO,160,52,46,Delayed,
GTF,LAS,2025-08-22,8,G4,810,-16,-9,On time,
DFW,LFT,2025-07-03,7,OH,351,19,6,On time,
SEA,BNA,2025-01-18,1,AS,1978,1,12,On time,
LAS,OKC,2025-01-13,1,WN,986,-8,-23,On time,
LIH,OAK,2025-06-22,6,HA,2457,65,72,Delayed,
LAX,HNL,2025-01-03,1,AS,2556,1,-51,On time,
LAS,DAL,2025-07-24,7,WN,1067,-4,-6,On time,
DEN,AUS,2025-01-31,1,F9,775,-9,-20,On time,
SAT,DAL,2025-05-25,5,WN,247,-7,-18,On time,
SLC,SUN,2025-09-16,9,OO,222,-4,-12,On time,
MSP,DFW,2025-10-15,10,AA,852,-8,-15,On time,
DEN,RDU,2025-11-11,11,UA,1436,-6,-20,On time,
IND,PHL,2025-05-09,5,YX,588,-6,-15,On time,
ECP,ATL,2025-07-27,7,DL,240,71,59,Delayed,
ELP,DEN,2025-10-07,10,UA,563,-7,-13,On time,
XNA,DEN,2025-10-18,10,OO,616,152,149,Delayed,
BUR,DAL,2025-07-26,7,WN,1243,0,5,On time,
EWR,ORD,2025-07-14,7,AA,719,132,112,Delayed,
SEA,SJC,2025-03-18,3,WN,696,-8,-20,On time,
SRQ,BWI,2025-07-02,7,WN,880,16,8,On time,
DSM,ORD,2025-11-18,11,YX,299,-10,-24,On time,
FLL,AUS,2025-05-06,5,WN,1105,-1,10,On time,
MKE,TPA,2025-09-16,9,WN,1075,4,1,On time,
PHL,ATL,2025-07-08,7,DL,666,-9,-31,On time,
SAN,CMH,2025-12-28,12,WN,1964,4,-35,On time,
SDF,BWI,2025-09-07,9,WN,495,-2,10,On time,
IND,MIA,2025-03-08,3,AA,1020,-2,-21,On time,
ORD,CVG,2025-05-05,5,UA,264,1,13,On time,
MCO,ORD,2025-01-22,1,UA,1005,5,-11,On time,
MLI,PIE,2025-07-16,7,G4,1033,-10,-8,On time,
PIT,JFK,2025-06-06,6,YX,340,-4,-10,On time,
LAX,BOS,2025-08-19,8,B6,2611,-8,-22,On time,
HNL,LAX,2025-05-31,5,DL,2556,-6,10,On time,
ORD,BDL,2025-01-29,1,UA,783,-8,-5,On time,
SNA,EWR,2025-10-11,10,UA,2433,200,218,Delayed,
ANC,LAX,2025-10-19,10,AS,2345,-2,-50,On time,
